2026/03/06 16:10,On
2026/03/06 16:11,On
2026/03/06 16:12,On
2026/03/06 16:13,On
2026/03/06 16:14,On
2026/03/06 16:40,On
2026/03/06 16:41,On
2026/03/06 16:42,On
2026/03/06 16:43,On
2026/03/06 16:44,On
2026/03/06 17:10,On
2026/03/06 17:11,On
2026/03/06 17:12,On
2026/03/06 17:13,On
2026/03/06 17:14,On
2026/03/06 17:40,On
2026/03/06 17:41,On
2026/03/06 17:42,On
2026/03/06 17:43,On
2026/03/06 17:44,On
2026/03/06 18:10,On
2026/03/06 18:11,On
2026/03/06 18:12,On
2026/03/06 18:13,On
2026/03/06 18:14,On
2026/03/06 18:40,On
2026/03/06 18:41,On
2026/03/06 18:42,On
2026/03/06 18:43,On
2026/03/06 18:44,On
2026/03/06 19:10,On
2026/03/06 19:11,On
2026/03/06 19:12,On
2026/03/06 19:13,On
2026/03/06 19:14,On
2026/03/06 19:40,On
2026/03/06 19:41,On
2026/03/06 19:42,On
2026/03/06 19:43,On
2026/03/06 19:44,On
2026/03/06 20:10,On
2026/03/06 20:11,On
2026/03/06 20:12,On
2026/03/06 20:13,On
2026/03/06 20:14,On
2026/03/06 20:40,On
2026/03/06 20:41,On
2026/03/06 20:42,On
2026/03/06 20:43,On
2026/03/06 20:44,On
2026/03/06 21:10,On
2026/03/06 21:11,On
2026/03/06 21:12,On
2026/03/06 21:13,On
2026/03/06 21:14,On
2026/03/06 21:40,On
2026/03/06 21:41,On
2026/03/06 21:42,On
2026/03/06 21:43,On
2026/03/06 21:44,On
2026/03/06 22:10,On
2026/03/06 22:11,On
2026/03/06 22:12,On
2026/03/06 22:13,On
2026/03/06 22:14,On
2026/03/06 22:40,On
2026/03/06 22:41,On
2026/03/06 22:42,On
2026/03/06 22:43,On
2026/03/06 22:44,On
2026/03/06 23:10,On
2026/03/06 23:11,On
2026/03/06 23:12,On
2026/03/06 23:13,On
2026/03/06 23:14,On
2026/03/06 23:40,On
2026/03/06 23:41,On
2026/03/06 23:42,On
2026/03/06 23:43,On
2026/03/06 23:44,On
2026/03/07 00:10,On
2026/03/07 00:11,On
2026/03/07 00:12,On
2026/03/07 00:13,On
2026/03/07 00:14,On
2026/03/07 00:40,On
2026/03/07 00:41,On
2026/03/07 00:42,On
2026/03/07 00:43,On
2026/03/07 00:44,On
2026/03/07 01:10,On
2026/03/07 01:11,On
2026/03/07 01:12,On
2026/03/07 01:13,On
2026/03/07 01:14,On
2026/03/07 01:40,On
2026/03/07 01:41,On
2026/03/07 01:42,On
2026/03/07 01:43,On
2026/03/07 01:44,On
2026/03/07 02:10,On
2026/03/07 02:11,On
2026/03/07 02:12,On
2026/03/07 02:13,On
2026/03/07 02:14,On
2026/03/07 02:40,On
2026/03/07 02:41,On
2026/03/07 02:42,On
2026/03/07 02:43,On
2026/03/07 02:44,On
2026/03/07 03:10,On
2026/03/07 03:11,On
2026/03/07 03:12,On
2026/03/07 03:13,On
2026/03/07 03:14,On
2026/03/07 03:40,On
2026/03/07 03:41,On
2026/03/07 03:42,On
2026/03/07 03:43,On
2026/03/07 03:44,On
2026/03/07 04:10,On
2026/03/07 04:11,On
2026/03/07 04:12,On
2026/03/07 04:13,On
2026/03/07 04:14,On
2026/03/07 04:40,On
2026/03/07 04:41,On
2026/03/07 04:42,On
2026/03/07 04:43,On
2026/03/07 04:44,On
2026/03/07 05:10,On
2026/03/07 05:11,On
2026/03/07 05:12,On
2026/03/07 05:13,On
2026/03/07 05:14,On
2026/03/07 05:40,On
2026/03/07 05:41,On
2026/03/07 05:42,On
2026/03/07 05:43,On
2026/03/07 05:44,On
2026/03/07 06:10,On
2026/03/07 06:11,On
2026/03/07 06:12,On
2026/03/07 06:13,On
2026/03/07 06:14,On
2026/03/07 06:40,On
2026/03/07 06:41,On
2026/03/07 06:42,On
2026/03/07 06:43,On
2026/03/07 06:44,On
2026/03/07 07:10,On
2026/03/07 07:11,On
2026/03/07 07:12,On
2026/03/07 07:13,On
2026/03/07 07:14,On
2026/03/07 07:40,On
2026/03/07 07:41,On
2026/03/07 07:42,On
2026/03/07 07:43,On
2026/03/07 07:44,On
2026/03/07 08:10,On
2026/03/07 08:11,On
2026/03/07 08:12,On
2026/03/07 08:13,On
2026/03/07 08:14,On
2026/03/07 08:40,On
2026/03/07 08:41,On
2026/03/07 08:42,On
2026/03/07 08:43,On
2026/03/07 08:44,On
2026/03/07 09:10,On
2026/03/07 09:11,On
2026/03/07 09:12,On
2026/03/07 09:13,On
2026/03/07 09:14,On
2026/03/07 09:40,On
2026/03/07 09:41,On
2026/03/07 09:42,On
2026/03/07 09:43,On
2026/03/07 09:44,On
2026/03/07 10:10,On
2026/03/07 10:11,On
2026/03/07 10:12,On
2026/03/07 10:13,On
2026/03/07 10:14,On
2026/03/07 10:40,On
2026/03/07 10:41,On
2026/03/07 10:42,On
2026/03/07 10:43,On
2026/03/07 10:44,On
2026/03/07 11:10,On
2026/03/07 11:11,On
2026/03/07 11:12,On
2026/03/07 11:13,On
2026/03/07 11:14,On
2026/03/07 11:40,On
2026/03/07 11:41,On
2026/03/07 11:42,On
2026/03/07 11:43,On
2026/03/07 11:44,On
2026/03/07 12:10,On
2026/03/07 12:11,On
2026/03/07 12:12,On
2026/03/07 12:13,On
2026/03/07 12:14,On
2026/03/07 12:40,On
2026/03/07 12:41,On
2026/03/07 12:42,On
2026/03/07 12:43,On
2026/03/07 12:44,On
2026/03/07 13:10,On
2026/03/07 13:11,On
2026/03/07 13:12,On
2026/03/07 13:13,On
2026/03/07 13:14,On
2026/03/07 13:40,On
2026/03/07 13:41,On
2026/03/07 13:42,On
2026/03/07 13:43,On
2026/03/07 13:44,On
2026/03/07 14:10,On
2026/03/07 14:11,On
2026/03/07 14:12,On
2026/03/07 14:13,On
2026/03/07 14:14,On
2026/03/07 14:40,On
2026/03/07 14:41,On
2026/03/07 14:42,On
2026/03/07 14:43,On
2026/03/07 14:44,On
2026/03/07 15:10,On
2026/03/07 15:11,On
2026/03/07 15:12,On
2026/03/07 15:13,On
2026/03/07 15:14,On
2026/03/07 15:40,On
2026/03/07 15:41,On
2026/03/07 15:42,On
2026/03/07 15:43,On
2026/03/07 15:44,On
2026/03/07 16:10,On
2026/03/07 16:11,On
2026/03/07 16:12,On
2026/03/07 16:13,On
2026/03/07 16:14,On
2026/03/07 16:40,On
2026/03/07 16:41,On
2026/03/07 16:42,On
2026/03/07 16:43,On
2026/03/07 16:44,On
2026/03/07 17:10,On
2026/03/07 17:11,On
2026/03/07 17:12,On
2026/03/07 17:13,On
2026/03/07 17:14,On
2026/03/07 17:40,On
2026/03/07 17:41,On
2026/03/07 17:42,On
2026/03/07 17:43,On
2026/03/07 17:44,On
2026/03/07 18:10,On
2026/03/07 18:11,On
2026/03/07 18:12,On
2026/03/07 18:13,On
2026/03/07 18:14,On
2026/03/07 18:40,On
2026/03/07 18:41,On
2026/03/07 18:42,On
2026/03/07 18:43,On
2026/03/07 18:44,On
2026/03/07 19:10,On
2026/03/07 19:11,On
2026/03/07 19:12,On
2026/03/07 19:13,On
2026/03/07 19:14,On
2026/03/07 19:40,On
2026/03/07 19:41,On
2026/03/07 19:42,On
2026/03/07 19:43,On
2026/03/07 19:44,On
2026/03/07 20:10,On
2026/03/07 20:11,On
2026/03/07 20:12,On
2026/03/07 20:13,On
2026/03/07 20:14,On
2026/03/07 20:40,On
2026/03/07 20:41,On
2026/03/07 20:42,On
2026/03/07 20:43,On
2026/03/07 20:44,On
2026/03/07 21:10,On
2026/03/07 21:11,On
2026/03/07 21:12,On
2026/03/07 21:13,On
2026/03/07 21:14,On
2026/03/07 21:40,On
2026/03/07 21:41,On
2026/03/07 21:42,On
2026/03/07 21:43,On
2026/03/07 21:44,On
2026/03/07 22:10,On
2026/03/07 22:11,On
2026/03/07 22:12,On
2026/03/07 22:13,On
2026/03/07 22:14,On
2026/03/07 22:40,On
2026/03/07 22:41,On
2026/03/07 22:42,On
2026/03/07 22:43,On
2026/03/07 22:44,On
2026/03/07 23:10,On
2026/03/07 23:11,On
2026/03/07 23:12,On
2026/03/07 23:13,On
2026/03/07 23:14,On
2026/03/07 23:40,On
2026/03/07 23:41,On
2026/03/07 23:42,On
2026/03/07 23:43,On
2026/03/07 23:44,On
2026/03/08 00:10,On
2026/03/08 00:11,On
2026/03/08 00:12,On
2026/03/08 00:13,On
2026/03/08 00:14,On
2026/03/08 00:40,On
2026/03/08 00:41,On
2026/03/08 00:42,On
2026/03/08 00:43,On
2026/03/08 00:44,On
2026/03/08 01:10,On
2026/03/08 01:11,On
2026/03/08 01:12,On
2026/03/08 01:13,On
2026/03/08 01:14,On
2026/03/08 01:40,On
2026/03/08 01:41,On
2026/03/08 01:42,On
2026/03/08 01:43,On
2026/03/08 01:44,On
2026/03/08 02:10,On
2026/03/08 02:11,On
2026/03/08 02:12,On
2026/03/08 02:13,On
2026/03/08 02:14,On
2026/03/08 02:40,On
2026/03/08 02:41,On
2026/03/08 02:42,On
2026/03/08 02:43,On
2026/03/08 02:44,On
2026/03/08 03:10,On
2026/03/08 03:11,On
2026/03/08 03:12,On
2026/03/08 03:13,On
2026/03/08 03:14,On
2026/03/08 03:40,On
2026/03/08 03:41,On
2026/03/08 03:42,On
2026/03/08 03:43,On
2026/03/08 03:44,On
2026/03/08 04:10,On
2026/03/08 04:11,On
2026/03/08 04:12,On
2026/03/08 04:13,On
2026/03/08 04:14,On
2026/03/08 04:40,On
2026/03/08 04:41,On
2026/03/08 04:42,On
2026/03/08 04:43,On
2026/03/08 04:44,On
2026/03/08 05:10,On
2026/03/08 05:11,On
2026/03/08 05:12,On
2026/03/08 05:13,On
2026/03/08 05:14,On
2026/03/08 05:40,On
2026/03/08 05:41,On
2026/03/08 05:42,On
2026/03/08 05:43,On
2026/03/08 05:44,On
2026/03/08 06:10,On
2026/03/08 06:11,On
2026/03/08 06:12,On
2026/03/08 06:13,On
2026/03/08 06:14,On
2026/03/08 06:40,On
2026/03/08 06:41,On
2026/03/08 06:42,On
2026/03/08 06:43,On
2026/03/08 06:44,On
2026/03/08 07:10,On
2026/03/08 07:11,On
2026/03/08 07:12,On
2026/03/08 07:13,On
2026/03/08 07:14,On
2026/03/08 07:40,On
2026/03/08 07:41,On
2026/03/08 07:42,On
2026/03/08 07:43,On
2026/03/08 07:44,On
2026/03/08 08:10,On
2026/03/08 08:11,On
2026/03/08 08:12,On
2026/03/08 08:13,On
2026/03/08 08:14,On
2026/03/08 08:40,On
2026/03/08 08:41,On
2026/03/08 08:42,On
2026/03/08 08:43,On
2026/03/08 08:44,On
2026/03/08 09:10,On
2026/03/08 09:11,On
2026/03/08 09:12,On
2026/03/08 09:13,On
2026/03/08 09:14,On
2026/03/08 09:40,On
2026/03/08 09:41,On
2026/03/08 09:42,On
2026/03/08 09:43,On
2026/03/08 09:44,On
2026/03/08 10:10,On
2026/03/08 10:11,On
2026/03/08 10:12,On
2026/03/08 10:13,On
2026/03/08 10:14,On
2026/03/08 10:40,On
2026/03/08 10:41,On
2026/03/08 10:42,On
2026/03/08 10:43,On
2026/03/08 10:44,On
2026/03/08 11:10,On
2026/03/08 11:11,On
2026/03/08 11:12,On
2026/03/08 11:13,On
2026/03/08 11:14,On
2026/03/08 11:40,On
2026/03/08 11:41,On
2026/03/08 11:42,On
2026/03/08 11:43,On
2026/03/08 11:44,On
2026/03/08 12:10,On
2026/03/08 12:11,On
2026/03/08 12:12,On
2026/03/08 12:13,On
2026/03/08 12:14,On
2026/03/08 12:40,On
2026/03/08 12:41,On
2026/03/08 12:42,On
2026/03/08 12:43,On
2026/03/08 12:44,On
2026/03/08 13:10,On
2026/03/08 13:11,On
2026/03/08 13:12,On
2026/03/08 13:13,On
2026/03/08 13:14,On
2026/03/08 13:40,On
2026/03/08 13:41,On
2026/03/08 13:42,On
2026/03/08 13:43,On
2026/03/08 13:44,On
2026/03/08 14:10,On
2026/03/08 14:11,On
2026/03/08 14:12,On
2026/03/08 14:13,On
2026/03/08 14:14,On
2026/03/08 14:40,On
2026/03/08 14:41,On
2026/03/08 14:42,On
2026/03/08 14:43,On
2026/03/08 14:44,On
2026/03/08 15:10,On
2026/03/08 15:11,On
2026/03/08 15:12,On
2026/03/08 15:13,On
2026/03/08 15:14,On
2026/03/08 15:40,On
2026/03/08 15:41,On
2026/03/08 15:42,On
2026/03/08 15:43,On
2026/03/08 15:44,On
2026/03/08 16:10,On
2026/03/08 16:11,On
2026/03/08 16:12,On
2026/03/08 16:13,On
2026/03/08 16:14,On
2026/03/08 16:40,On
2026/03/08 16:41,On
2026/03/08 16:42,On
2026/03/08 16:43,On
2026/03/08 16:44,On
2026/03/08 17:10,On
2026/03/08 17:11,On
2026/03/08 17:12,On
2026/03/08 17:13,On
2026/03/08 17:14,On
2026/03/08 17:40,On
2026/03/08 17:41,On
2026/03/08 17:42,On
2026/03/08 17:43,On
2026/03/08 17:44,On
2026/03/08 18:10,On
2026/03/08 18:11,On
2026/03/08 18:12,On
2026/03/08 18:13,On
2026/03/08 18:14,On
2026/03/08 18:40,On
2026/03/08 18:41,On
2026/03/08 18:42,On
2026/03/08 18:43,On
2026/03/08 18:44,On
2026/03/08 19:10,On
2026/03/08 19:11,On
2026/03/08 19:12,On
2026/03/08 19:13,On
2026/03/08 19:14,On
2026/03/08 19:40,On
2026/03/08 19:41,On
2026/03/08 19:42,On
2026/03/08 19:43,On
2026/03/08 19:44,On
2026/03/08 20:10,On
2026/03/08 20:11,On
2026/03/08 20:12,On
2026/03/08 20:13,On
2026/03/08 20:14,On
2026/03/08 20:40,On
2026/03/08 20:41,On
2026/03/08 20:42,On
2026/03/08 20:43,On
2026/03/08 20:44,On
2026/03/08 21:10,On
2026/03/08 21:11,On
2026/03/08 21:12,On
2026/03/08 21:13,On
2026/03/08 21:14,On
2026/03/08 21:40,On
2026/03/08 21:41,On
2026/03/08 21:42,On
2026/03/08 21:43,On
2026/03/08 21:44,On
2026/03/08 22:10,On
2026/03/08 22:11,On
2026/03/08 22:12,On
2026/03/08 22:13,On
2026/03/08 22:14,On
2026/03/08 22:40,On
2026/03/08 22:41,On
2026/03/08 22:42,On
2026/03/08 22:43,On
2026/03/08 22:44,On
2026/03/08 23:10,On
2026/03/08 23:11,On
2026/03/08 23:12,On
2026/03/08 23:13,On
2026/03/08 23:14,On
2026/03/08 23:40,On
2026/03/08 23:41,On
2026/03/08 23:42,On
2026/03/08 23:43,On
2026/03/08 23:44,On
2026/03/09 00:10,On
2026/03/09 00:11,On
2026/03/09 00:12,On
2026/03/09 00:13,On
2026/03/09 00:14,On
2026/03/09 00:40,On
2026/03/09 00:41,On
2026/03/09 00:42,On
2026/03/09 00:43,On
2026/03/09 00:44,On
2026/03/09 01:10,On
2026/03/09 01:11,On
2026/03/09 01:12,On
2026/03/09 01:13,On
2026/03/09 01:14,On
2026/03/09 01:40,On
2026/03/09 01:41,On
2026/03/09 01:42,On
2026/03/09 01:43,On
2026/03/09 01:44,On
2026/03/09 02:10,On
2026/03/09 02:11,On
2026/03/09 02:12,On
2026/03/09 02:13,On
2026/03/09 02:14,On
2026/03/09 02:40,On
2026/03/09 02:41,On
2026/03/09 02:42,On
2026/03/09 02:43,On
2026/03/09 02:44,On
2026/03/09 03:10,On
2026/03/09 03:11,On
2026/03/09 03:12,On
2026/03/09 03:13,On
2026/03/09 03:14,On
2026/03/09 03:40,On
2026/03/09 03:41,On
2026/03/09 03:42,On
2026/03/09 03:43,On
2026/03/09 03:44,On
2026/03/09 04:10,On
2026/03/09 04:11,On
2026/03/09 04:12,On
2026/03/09 04:13,On
2026/03/09 04:14,On
2026/03/09 04:40,On
2026/03/09 04:41,On
2026/03/09 04:42,On
2026/03/09 04:43,On
2026/03/09 04:44,On
2026/03/09 05:10,On
2026/03/09 05:11,On
2026/03/09 05:12,On
2026/03/09 05:13,On
2026/03/09 05:14,On
2026/03/09 05:40,On
2026/03/09 05:41,On
2026/03/09 05:42,On
2026/03/09 05:43,On
2026/03/09 05:44,On
2026/03/09 06:10,On
2026/03/09 06:11,On
2026/03/09 06:12,On
2026/03/09 06:13,On
2026/03/09 06:14,On
2026/03/09 06:40,On
2026/03/09 06:41,On
2026/03/09 06:42,On
2026/03/09 06:43,On
2026/03/09 06:44,On
2026/03/09 07:10,On
2026/03/09 07:11,On
2026/03/09 07:12,On
2026/03/09 07:13,On
2026/03/09 07:14,On
2026/03/09 07:40,On
2026/03/09 07:41,On
2026/03/09 07:42,On
2026/03/09 07:43,On
2026/03/09 07:44,On
2026/03/09 08:10,On
2026/03/09 08:11,On
2026/03/09 08:12,On
2026/03/09 08:13,On
2026/03/09 08:14,On
2026/03/09 08:40,On
2026/03/09 08:41,On
2026/03/09 08:42,On
2026/03/09 08:43,On
2026/03/09 08:44,On
2026/03/09 09:10,On
2026/03/09 09:11,On
2026/03/09 09:12,On
2026/03/09 09:13,On
2026/03/09 09:14,On
2026/03/09 09:40,On
2026/03/09 09:41,On
2026/03/09 09:42,On
2026/03/09 09:43,On
2026/03/09 09:44,On
2026/03/09 10:10,On
2026/03/09 10:11,On
2026/03/09 10:12,On
2026/03/09 10:13,On
2026/03/09 10:14,On
2026/03/09 10:40,On
2026/03/09 10:41,On
2026/03/09 10:42,On
2026/03/09 10:43,On
2026/03/09 10:44,On
2026/03/09 11:10,On
2026/03/09 11:11,On
2026/03/09 11:12,On
2026/03/09 11:13,On
2026/03/09 11:14,On
2026/03/09 11:40,On
2026/03/09 11:41,On
2026/03/09 11:42,On
2026/03/09 11:43,On
2026/03/09 11:44,On
2026/03/09 12:10,On
2026/03/09 12:11,On
2026/03/09 12:12,On
2026/03/09 12:13,On
2026/03/09 12:14,On
2026/03/09 12:40,On
2026/03/09 12:41,On
2026/03/09 12:42,On
2026/03/09 12:43,On
2026/03/09 12:44,On
2026/03/09 13:10,On
2026/03/09 13:11,On
2026/03/09 13:12,On
2026/03/09 13:13,On
2026/03/09 13:14,On
2026/03/09 13:40,On
2026/03/09 13:41,On
2026/03/09 13:42,On
2026/03/09 13:43,On
2026/03/09 13:44,On
2026/03/09 14:10,On
2026/03/09 14:11,On
2026/03/09 14:12,On
2026/03/09 14:13,On
2026/03/09 14:14,On
2026/03/09 14:40,On
2026/03/09 14:41,On
2026/03/09 14:42,On
2026/03/09 14:43,On
2026/03/09 14:44,On
2026/03/09 15:10,On
2026/03/09 15:11,On
2026/03/09 15:12,On
2026/03/09 15:13,On
2026/03/09 15:14,On
2026/03/09 15:40,On
2026/03/09 15:41,On
2026/03/09 15:42,On
2026/03/09 15:43,On
2026/03/09 15:44,On
2026/03/09 16:10,On
2026/03/09 16:11,On
2026/03/09 16:12,On
2026/03/09 16:13,On
2026/03/09 16:14,On
2026/03/09 16:40,On
2026/03/09 16:41,On
2026/03/09 16:42,On
2026/03/09 16:43,On
2026/03/09 16:44,On
2026/03/09 17:10,On
2026/03/09 17:11,On
2026/03/09 17:12,On
2026/03/09 17:13,On
2026/03/09 17:14,On
2026/03/09 17:40,On
2026/03/09 17:41,On
2026/03/09 17:42,On
2026/03/09 17:43,On
2026/03/09 17:44,On
2026/03/09 18:10,On
2026/03/09 18:11,On
2026/03/09 18:12,On
2026/03/09 18:13,On
2026/03/09 18:14,On
2026/03/09 18:40,On
2026/03/09 18:41,On
2026/03/09 18:42,On
2026/03/09 18:43,On
2026/03/09 18:44,On
2026/03/09 19:10,On
2026/03/09 19:11,On
2026/03/09 19:12,On
2026/03/09 19:13,On
2026/03/09 19:14,On
2026/03/09 19:40,On
2026/03/09 19:41,On
2026/03/09 19:42,On
2026/03/09 19:43,On
2026/03/09 19:44,On
2026/03/09 20:10,On
2026/03/09 20:11,On
2026/03/09 20:12,On
2026/03/09 20:13,On
2026/03/09 20:14,On
2026/03/09 20:40,On
2026/03/09 20:41,On
2026/03/09 20:42,On
2026/03/09 20:43,On
2026/03/09 20:44,On
2026/03/09 21:10,On
2026/03/09 21:11,On
2026/03/09 21:12,On
2026/03/09 21:13,On
2026/03/09 21:14,On
2026/03/09 21:40,On
2026/03/09 21:41,On
2026/03/09 21:42,On
2026/03/09 21:43,On
2026/03/09 21:44,On
2026/03/09 22:10,On
2026/03/09 22:11,On
2026/03/09 22:12,On
2026/03/09 22:13,On
2026/03/09 22:14,On
2026/03/09 22:40,On
2026/03/09 22:41,On
2026/03/09 22:42,On
2026/03/09 22:43,On
2026/03/09 22:44,On
2026/03/09 23:10,On
2026/03/09 23:11,On
2026/03/09 23:12,On
2026/03/09 23:13,On
2026/03/09 23:14,On
2026/03/09 23:40,On
2026/03/09 23:41,On
2026/03/09 23:42,On
2026/03/09 23:43,On
2026/03/09 23:44,On
2026/03/10 00:10,On
2026/03/10 00:11,On
2026/03/10 00:12,On
2026/03/10 00:13,On
2026/03/10 00:14,On
2026/03/10 00:40,On
2026/03/10 00:41,On
2026/03/10 00:42,On
2026/03/10 00:43,On
2026/03/10 00:44,On
2026/03/10 01:10,On
2026/03/10 01:11,On
2026/03/10 01:12,On
2026/03/10 01:13,On
2026/03/10 01:14,On
2026/03/10 01:40,On
2026/03/10 01:41,On
2026/03/10 01:42,On
2026/03/10 01:43,On
2026/03/10 01:44,On
2026/03/10 02:10,On
2026/03/10 02:11,On
2026/03/10 02:12,On
2026/03/10 02:13,On
2026/03/10 02:14,On
2026/03/10 02:40,On
2026/03/10 02:41,On
2026/03/10 02:42,On
2026/03/10 02:43,On
2026/03/10 02:44,On
2026/03/10 03:10,On
2026/03/10 03:11,On
2026/03/10 03:12,On
2026/03/10 03:13,On
2026/03/10 03:14,On
2026/03/10 03:40,On
2026/03/10 03:41,On
2026/03/10 03:42,On
2026/03/10 03:43,On
2026/03/10 03:44,On
2026/03/10 04:10,On
2026/03/10 04:11,On
2026/03/10 04:12,On
2026/03/10 04:13,On
2026/03/10 04:14,On
2026/03/10 04:40,On
2026/03/10 04:41,On
2026/03/10 04:42,On
2026/03/10 04:43,On
2026/03/10 04:44,On
2026/03/10 05:10,On
2026/03/10 05:11,On
2026/03/10 05:12,On
2026/03/10 05:13,On
2026/03/10 05:14,On
2026/03/10 05:40,On
2026/03/10 05:41,On
2026/03/10 05:42,On
2026/03/10 05:43,On
2026/03/10 05:44,On
2026/03/10 06:10,On
2026/03/10 06:11,On
2026/03/10 06:12,On
2026/03/10 06:13,On
2026/03/10 06:14,On
2026/03/10 06:40,On
2026/03/10 06:41,On
2026/03/10 06:42,On
2026/03/10 06:43,On
2026/03/10 06:44,On
2026/03/10 07:10,On
2026/03/10 07:11,On
2026/03/10 07:12,On
2026/03/10 07:13,On
2026/03/10 07:14,On
2026/03/10 07:40,On
2026/03/10 07:41,On
2026/03/10 07:42,On
2026/03/10 07:43,On
2026/03/10 07:44,On
2026/03/10 08:10,On
2026/03/10 08:11,On
2026/03/10 08:12,On
2026/03/10 08:13,On
2026/03/10 08:14,On
2026/03/10 08:40,On
2026/03/10 08:41,On
2026/03/10 08:42,On
2026/03/10 08:43,On
2026/03/10 08:44,On
2026/03/10 09:10,On
2026/03/10 09:11,On
2026/03/10 09:12,On
2026/03/10 09:13,On
2026/03/10 09:14,On
2026/03/10 11:40,On
2026/03/10 11:41,On
2026/03/10 11:42,On
2026/03/10 11:43,On
2026/03/10 11:44,On
2026/03/10 12:10,On
2026/03/10 12:11,On
2026/03/10 12:12,On
2026/03/10 12:13,On
2026/03/10 12:14,On
2026/03/10 12:40,On
2026/03/10 12:41,On
2026/03/10 12:42,On
2026/03/10 12:43,On
2026/03/10 12:44,On
2026/03/10 13:10,On
2026/03/10 13:11,On
2026/03/10 13:12,On
2026/03/10 13:13,On
2026/03/10 13:14,On
2026/03/10 13:40,On
2026/03/10 13:41,On
2026/03/10 13:42,On
2026/03/10 13:43,On
2026/03/10 13:44,On
2026/03/10 17:10,On
2026/03/10 17:11,On
2026/03/10 17:12,On
2026/03/10 17:13,On
2026/03/10 17:14,On
2026/03/10 17:40,On
2026/03/10 17:41,On
2026/03/10 17:42,On
2026/03/10 17:43,On
2026/03/10 17:44,On
2026/03/10 18:10,On
2026/03/10 18:11,On
2026/03/10 18:12,On
2026/03/10 18:13,On
2026/03/10 18:14,On
2026/03/10 18:40,On
2026/03/10 18:41,On
2026/03/10 18:42,On
2026/03/10 18:43,On
2026/03/10 18:44,On
2026/03/10 19:10,On
2026/03/10 19:11,On
2026/03/10 19:12,On
2026/03/10 19:13,On
2026/03/10 19:14,On
2026/03/10 19:40,On
2026/03/10 19:41,On
2026/03/10 19:42,On
2026/03/10 19:43,On
2026/03/10 19:44,On
2026/03/10 20:10,On
2026/03/10 20:11,On
2026/03/10 20:12,On
2026/03/10 20:13,On
2026/03/10 20:14,On
2026/03/10 20:40,On
2026/03/10 20:41,On
2026/03/10 20:42,On
2026/03/10 20:43,On
2026/03/10 20:44,On
2026/03/10 21:10,On
2026/03/10 21:11,On
2026/03/10 21:12,On
2026/03/10 21:13,On
2026/03/10 21:14,On
2026/03/10 21:40,On
2026/03/10 21:41,On
2026/03/10 21:42,On
2026/03/10 21:43,On
2026/03/10 21:44,On
2026/03/10 22:10,On
2026/03/10 22:11,On
2026/03/10 22:12,On
2026/03/10 22:13,On
2026/03/10 22:14,On
2026/03/10 22:40,On
2026/03/10 22:41,On
2026/03/10 22:42,On
2026/03/10 22:43,On
2026/03/10 22:44,On
2026/03/10 23:10,On
2026/03/10 23:11,On
2026/03/10 23:12,On
2026/03/10 23:13,On
2026/03/10 23:14,On
2026/03/10 23:40,On
2026/03/10 23:41,On
2026/03/10 23:42,On
2026/03/10 23:43,On
2026/03/10 23:44,On
2026/03/11 00:10,On
2026/03/11 00:11,On
2026/03/11 00:12,On
2026/03/11 00:13,On
2026/03/11 00:14,On
2026/03/11 00:40,On
2026/03/11 00:41,On
2026/03/11 00:42,On
2026/03/11 00:43,On
2026/03/11 00:44,On
2026/03/11 01:10,On
2026/03/11 01:11,On
2026/03/11 01:12,On
2026/03/11 01:13,On
2026/03/11 01:14,On
2026/03/11 01:40,On
2026/03/11 01:41,On
2026/03/11 01:42,On
2026/03/11 01:43,On
2026/03/11 01:44,On
2026/03/11 02:10,On
2026/03/11 02:11,On
2026/03/11 02:12,On
2026/03/11 02:13,On
2026/03/11 02:14,On
2026/03/11 02:40,On
2026/03/11 02:41,On
2026/03/11 02:42,On
2026/03/11 02:43,On
2026/03/11 02:44,On
2026/03/11 03:10,On
2026/03/11 03:11,On
2026/03/11 03:12,On
2026/03/11 03:13,On
2026/03/11 03:14,On
2026/03/11 03:40,On
2026/03/11 03:41,On
2026/03/11 03:42,On
2026/03/11 03:43,On
2026/03/11 03:44,On
2026/03/11 04:10,On
2026/03/11 04:11,On
2026/03/11 04:12,On
2026/03/11 04:13,On
2026/03/11 04:14,On
2026/03/11 04:40,On
2026/03/11 04:41,On
2026/03/11 04:42,On
2026/03/11 04:43,On
2026/03/11 04:44,On
2026/03/11 05:10,On
2026/03/11 05:11,On
2026/03/11 05:12,On
2026/03/11 05:13,On
2026/03/11 05:14,On
2026/03/11 05:40,On
2026/03/11 05:41,On
2026/03/11 05:42,On
2026/03/11 05:43,On
2026/03/11 05:44,On
2026/03/11 06:10,On
2026/03/11 06:11,On
2026/03/11 06:12,On
2026/03/11 06:13,On
2026/03/11 06:14,On
2026/03/11 06:40,On
2026/03/11 06:41,On
2026/03/11 06:42,On
2026/03/11 06:43,On
2026/03/11 06:44,On
2026/03/11 07:10,On
2026/03/11 07:11,On
2026/03/11 07:12,On
2026/03/11 07:13,On
2026/03/11 07:14,On
2026/03/11 07:40,On
2026/03/11 07:41,On
2026/03/11 07:42,On
2026/03/11 07:43,On
2026/03/11 07:44,On
2026/03/11 08:10,On
2026/03/11 08:11,On
2026/03/11 08:12,On
2026/03/11 08:13,On
2026/03/11 08:14,On
2026/03/11 08:40,On
2026/03/11 08:41,On
2026/03/11 08:42,On
2026/03/11 08:43,On
2026/03/11 08:44,On
2026/03/11 09:10,On
2026/03/11 09:11,On
2026/03/11 09:12,On
2026/03/11 09:13,On
2026/03/11 09:14,On
2026/03/11 09:40,On
2026/03/11 09:41,On
2026/03/11 09:42,On
2026/03/11 09:43,On
2026/03/11 09:44,On
2026/03/11 10:10,On
2026/03/11 10:11,On
2026/03/11 10:12,On
2026/03/11 10:13,On
2026/03/11 10:14,On
2026/03/11 10:40,On
2026/03/11 10:41,On
2026/03/11 10:42,On
2026/03/11 10:43,On
2026/03/11 10:44,On
2026/03/11 11:10,On
2026/03/11 11:11,On
2026/03/11 11:12,On
2026/03/11 11:13,On
2026/03/11 11:14,On
2026/03/11 11:40,On
2026/03/11 11:41,On
2026/03/11 11:42,On
2026/03/11 11:43,On
2026/03/11 11:44,On
2026/03/11 12:10,On
2026/03/11 12:11,On
2026/03/11 12:12,On
2026/03/11 12:13,On
2026/03/11 12:14,On
2026/03/11 12:40,On
2026/03/11 12:41,On
2026/03/11 12:42,On
2026/03/11 12:43,On
2026/03/11 12:44,On
2026/03/11 13:10,On
2026/03/11 13:11,On
2026/03/11 13:12,On
2026/03/11 13:13,On
2026/03/11 13:14,On
2026/03/11 13:40,On
2026/03/11 13:41,On
2026/03/11 13:42,On
2026/03/11 13:43,On
2026/03/11 13:44,On
2026/03/11 14:10,On
2026/03/11 14:11,On
2026/03/11 14:12,On
2026/03/11 14:13,On
2026/03/11 14:14,On
2026/03/11 14:40,On
2026/03/11 14:41,On
2026/03/11 14:42,On
2026/03/11 14:43,On
2026/03/11 14:44,On
2026/03/11 15:10,On
2026/03/11 15:11,On
2026/03/11 15:12,On
2026/03/11 15:13,On
2026/03/11 15:14,On
2026/03/11 15:40,On
2026/03/11 15:41,On
2026/03/11 15:42,On
2026/03/11 15:43,On
2026/03/11 15:44,On
2026/03/11 16:10,On
2026/03/11 16:11,On
2026/03/11 16:12,On
2026/03/11 16:13,On
2026/03/11 16:14,On
2026/03/11 16:40,On
2026/03/11 16:41,On
2026/03/11 16:42,On
2026/03/11 16:43,On
2026/03/11 16:44,On
2026/03/11 17:10,On
2026/03/11 17:11,On
2026/03/11 17:12,On
2026/03/11 17:13,On
2026/03/11 17:14,On
2026/03/11 17:40,On
2026/03/11 17:41,On
2026/03/11 17:42,On
2026/03/11 17:43,On
2026/03/11 17:44,On
2026/03/11 18:10,On
2026/03/11 18:11,On
2026/03/11 18:12,On
2026/03/11 18:13,On
2026/03/11 18:14,On
2026/03/11 18:40,On
2026/03/11 18:41,On
2026/03/11 18:42,On
2026/03/11 18:43,On
2026/03/11 18:44,On
2026/03/11 19:10,On
2026/03/11 19:11,On
2026/03/11 19:12,On
2026/03/11 19:13,On
2026/03/11 19:14,On
2026/03/11 19:40,On
2026/03/11 19:41,On
2026/03/11 19:42,On
2026/03/11 19:43,On
2026/03/11 19:44,On
2026/03/11 20:10,On
2026/03/11 20:11,On
2026/03/11 20:12,On
2026/03/11 20:13,On
2026/03/11 20:14,On
2026/03/11 20:40,On
2026/03/11 20:41,On
2026/03/11 20:42,On
2026/03/11 20:43,On
2026/03/11 20:44,On
2026/03/11 21:10,On
2026/03/11 21:11,On
2026/03/11 21:12,On
2026/03/11 21:13,On
2026/03/11 21:14,On
2026/03/11 21:40,On
2026/03/11 21:41,On
2026/03/11 21:42,On
2026/03/11 21:43,On
2026/03/11 21:44,On
2026/03/11 22:10,On
2026/03/11 22:11,On
2026/03/11 22:12,On
2026/03/11 22:13,On
2026/03/11 22:14,On
2026/03/11 22:40,On
2026/03/11 22:41,On
2026/03/11 22:42,On
2026/03/11 22:43,On
2026/03/11 22:44,On
2026/03/11 23:10,On
2026/03/11 23:11,On
2026/03/11 23:12,On
2026/03/11 23:13,On
2026/03/11 23:14,On
2026/03/11 23:40,On
2026/03/11 23:41,On
2026/03/11 23:42,On
2026/03/11 23:43,On
2026/03/11 23:44,On
2026/03/12 00:10,On
2026/03/12 00:11,On
2026/03/12 00:12,On
2026/03/12 00:13,On
2026/03/12 00:14,On
2026/03/12 00:40,On
2026/03/12 00:41,On
2026/03/12 00:42,On
2026/03/12 00:43,On
2026/03/12 00:44,On
2026/03/12 01:10,On
2026/03/12 01:11,On
2026/03/12 01:12,On
2026/03/12 01:13,On
2026/03/12 01:14,On
2026/03/12 01:40,On
2026/03/12 01:41,On
2026/03/12 01:42,On
2026/03/12 01:43,On
2026/03/12 01:44,On
2026/03/12 02:10,On
2026/03/12 02:11,On
2026/03/12 02:12,On
2026/03/12 02:13,On
2026/03/12 02:14,On
2026/03/12 02:40,On
2026/03/12 02:41,On
2026/03/12 02:42,On
2026/03/12 02:43,On
2026/03/12 02:44,On
2026/03/12 03:10,On
2026/03/12 03:11,On
2026/03/12 03:12,On
2026/03/12 03:13,On
2026/03/12 03:14,On
2026/03/12 03:40,On
2026/03/12 03:41,On
2026/03/12 03:42,On
2026/03/12 03:43,On
2026/03/12 03:44,On
2026/03/12 04:10,On
2026/03/12 04:11,On
2026/03/12 04:12,On
2026/03/12 04:13,On
2026/03/12 04:14,On
2026/03/12 04:40,On
2026/03/12 04:41,On
2026/03/12 04:42,On
2026/03/12 04:43,On
2026/03/12 04:44,On
2026/03/12 05:10,On
2026/03/12 05:11,On
2026/03/12 05:12,On
2026/03/12 05:13,On
2026/03/12 05:14,On
2026/03/12 05:40,On
2026/03/12 05:41,On
2026/03/12 05:42,On
2026/03/12 05:43,On
2026/03/12 05:44,On
2026/03/12 06:10,On
2026/03/12 06:11,On
2026/03/12 06:12,On
2026/03/12 06:13,On
2026/03/12 06:14,On
2026/03/12 06:40,On
2026/03/12 06:41,On
2026/03/12 06:42,On
2026/03/12 06:43,On
2026/03/12 06:44,On
2026/03/12 07:10,On
2026/03/12 07:11,On
2026/03/12 07:12,On
2026/03/12 07:13,On
2026/03/12 07:14,On
2026/03/12 07:40,On
2026/03/12 07:41,On
2026/03/12 07:42,On
2026/03/12 07:43,On
2026/03/12 07:44,On
2026/03/12 08:10,On
2026/03/12 08:11,On
2026/03/12 08:12,On
2026/03/12 08:13,On
2026/03/12 08:14,On
2026/03/12 08:40,On
2026/03/12 08:41,On
2026/03/12 08:42,On
2026/03/12 08:43,On
2026/03/12 08:44,On
2026/03/12 09:10,On
2026/03/12 09:11,On
2026/03/12 09:12,On
2026/03/12 09:13,On
2026/03/12 09:14,On
2026/03/12 09:40,On
2026/03/12 09:41,On
2026/03/12 09:42,On
2026/03/12 09:43,On
2026/03/12 09:44,On
2026/03/12 10:10,On
2026/03/12 10:11,On
2026/03/12 10:12,On
2026/03/12 10:13,On
2026/03/12 10:14,On
2026/03/12 10:40,On
2026/03/12 10:41,On
2026/03/12 10:42,On
2026/03/12 10:43,On
2026/03/12 10:44,On
2026/03/12 11:10,On
2026/03/12 11:11,On
2026/03/12 11:12,On
2026/03/12 11:13,On
2026/03/12 11:14,On
2026/03/12 11:40,On
2026/03/12 11:41,On
2026/03/12 11:42,On
2026/03/12 11:43,On
2026/03/12 11:44,On
2026/03/12 12:10,On
2026/03/12 12:11,On
2026/03/12 12:12,On
2026/03/12 12:13,On
2026/03/12 12:14,On
2026/03/12 12:40,On
2026/03/12 12:41,On
2026/03/12 12:42,On
2026/03/12 12:43,On
2026/03/12 12:44,On
2026/03/12 13:10,On
2026/03/12 13:11,On
2026/03/12 13:12,On
2026/03/12 13:13,On
2026/03/12 13:14,On
2026/03/12 13:40,On
2026/03/12 13:41,On
2026/03/12 13:42,On
2026/03/12 13:43,On
2026/03/12 13:44,On
2026/03/12 14:10,On
2026/03/12 14:11,On
2026/03/12 14:12,On
2026/03/12 14:13,On
2026/03/12 14:14,On
2026/03/12 14:40,On
2026/03/12 14:41,On
2026/03/12 14:42,On
2026/03/12 14:43,On
2026/03/12 14:44,On
2026/03/12 15:10,On
2026/03/12 15:11,On
2026/03/12 15:12,On
2026/03/12 15:13,On
2026/03/12 15:14,On
2026/03/12 16:10,On
2026/03/12 16:11,On
2026/03/12 16:12,On
2026/03/12 16:13,On
2026/03/12 16:14,On
2026/03/12 16:40,On
2026/03/12 16:41,On
2026/03/12 16:42,On
2026/03/12 16:43,On
2026/03/12 16:44,On
2026/03/12 17:10,On
2026/03/12 17:11,On
2026/03/12 17:12,On
2026/03/12 17:13,On
2026/03/12 17:14,On
2026/03/12 17:40,On
2026/03/12 17:41,On
2026/03/12 17:42,On
2026/03/12 17:43,On
2026/03/12 17:44,On
2026/03/12 18:10,On
2026/03/12 18:11,On
2026/03/12 18:12,On
2026/03/12 18:13,On
2026/03/12 18:14,On
2026/03/12 18:40,On
2026/03/12 18:41,On
2026/03/12 18:42,On
2026/03/12 18:43,On
2026/03/12 18:44,On
2026/03/12 19:10,On
2026/03/12 19:11,On
2026/03/12 19:12,On
2026/03/12 19:13,On
2026/03/12 19:14,On
2026/03/12 19:40,On
2026/03/12 19:41,On
2026/03/12 19:42,On
2026/03/12 19:43,On
2026/03/12 19:44,On
2026/03/12 20:10,On
2026/03/12 20:11,On
2026/03/12 20:12,On
2026/03/12 20:13,On
2026/03/12 20:14,On
2026/03/12 20:40,On
2026/03/12 20:41,On
2026/03/12 20:42,On
2026/03/12 20:43,On
2026/03/12 20:44,On
2026/03/12 21:10,On
2026/03/12 21:11,On
2026/03/12 21:12,On
2026/03/12 21:13,On
2026/03/12 21:14,On
2026/03/12 21:40,On
2026/03/12 21:41,On
2026/03/12 21:42,On
2026/03/12 21:43,On
2026/03/12 21:44,On
2026/03/12 22:10,On
2026/03/12 22:11,On
2026/03/12 22:12,On
2026/03/12 22:13,On
2026/03/12 22:14,On
2026/03/12 22:40,On
2026/03/12 22:41,On
2026/03/12 22:42,On
2026/03/12 22:43,On
2026/03/12 22:44,On
2026/03/12 23:10,On
2026/03/12 23:11,On
2026/03/12 23:12,On
2026/03/12 23:13,On
2026/03/12 23:14,On
2026/03/12 23:40,On
2026/03/12 23:41,On
2026/03/12 23:42,On
2026/03/12 23:43,On
2026/03/12 23:44,On
2026/03/13 00:10,On
2026/03/13 00:11,On
2026/03/13 00:12,On
2026/03/13 00:13,On
2026/03/13 00:14,On
2026/03/13 00:40,On
2026/03/13 00:41,On
2026/03/13 00:42,On
2026/03/13 00:43,On
2026/03/13 00:44,On
2026/03/13 01:10,On
2026/03/13 01:11,On
2026/03/13 01:12,On
2026/03/13 01:13,On
2026/03/13 01:14,On
2026/03/13 01:40,On
2026/03/13 01:41,On
2026/03/13 01:42,On
2026/03/13 01:43,On
2026/03/13 01:44,On
2026/03/13 02:10,On
2026/03/13 02:11,On
2026/03/13 02:12,On
2026/03/13 02:13,On
2026/03/13 02:14,On
2026/03/13 02:40,On
2026/03/13 02:41,On
2026/03/13 02:42,On
2026/03/13 02:43,On
2026/03/13 02:44,On
2026/03/13 03:10,On
2026/03/13 03:11,On
2026/03/13 03:12,On
2026/03/13 03:13,On
2026/03/13 03:14,On
2026/03/13 03:40,On
2026/03/13 03:41,On
2026/03/13 03:42,On
2026/03/13 03:43,On
2026/03/13 03:44,On
2026/03/13 04:10,On
2026/03/13 04:11,On
2026/03/13 04:12,On
2026/03/13 04:13,On
2026/03/13 04:14,On
2026/03/13 04:40,On
2026/03/13 04:41,On
2026/03/13 04:42,On
2026/03/13 04:43,On
2026/03/13 04:44,On
2026/03/13 05:10,On
2026/03/13 05:11,On
2026/03/13 05:12,On
2026/03/13 05:13,On
2026/03/13 05:14,On
2026/03/13 05:40,On
2026/03/13 05:41,On
2026/03/13 05:42,On
2026/03/13 05:43,On
2026/03/13 05:44,On
2026/03/13 06:10,On
2026/03/13 06:11,On
2026/03/13 06:12,On
2026/03/13 06:13,On
2026/03/13 06:14,On
2026/03/13 06:40,On
2026/03/13 06:41,On
2026/03/13 06:42,On
2026/03/13 06:43,On
2026/03/13 06:44,On
2026/03/13 07:10,On
2026/03/13 07:11,On
2026/03/13 07:12,On
2026/03/13 07:13,On
2026/03/13 07:14,On
2026/03/13 07:40,On
2026/03/13 07:41,On
2026/03/13 07:42,On
2026/03/13 07:43,On
2026/03/13 07:44,On
2026/03/13 08:10,On
2026/03/13 08:11,On
2026/03/13 08:12,On
2026/03/13 08:13,On
2026/03/13 08:14,On
2026/03/13 08:40,On
2026/03/13 08:41,On
2026/03/13 08:42,On
2026/03/13 08:43,On
2026/03/13 08:44,On
2026/03/13 09:10,On
2026/03/13 09:11,On
2026/03/13 09:12,On
2026/03/13 09:13,On
2026/03/13 09:14,On
2026/03/13 09:40,On
2026/03/13 09:41,On
2026/03/13 09:42,On
2026/03/13 09:43,On
2026/03/13 09:44,On
2026/03/13 10:10,On
2026/03/13 10:11,On
2026/03/13 10:12,On
2026/03/13 10:13,On
2026/03/13 10:14,On
2026/03/13 10:40,On
2026/03/13 10:41,On
2026/03/13 10:42,On
2026/03/13 10:43,On
2026/03/13 10:44,On
2026/03/13 11:10,On
2026/03/13 11:11,On
2026/03/13 11:12,On
2026/03/13 11:13,On
2026/03/13 11:14,On
2026/03/13 11:40,On
2026/03/13 11:41,On
2026/03/13 11:42,On
2026/03/13 11:43,On
2026/03/13 11:44,On
2026/03/13 12:10,On
2026/03/13 12:11,On
2026/03/13 12:12,On
2026/03/13 12:13,On
2026/03/13 12:14,On
2026/03/13 12:40,On
2026/03/13 12:41,On
2026/03/13 12:42,On
2026/03/13 12:43,On
2026/03/13 12:44,On
2026/03/13 13:10,On
2026/03/13 13:11,On
2026/03/13 13:12,On
2026/03/13 13:13,On
2026/03/13 13:14,On
2026/03/13 13:40,On
2026/03/13 13:41,On
2026/03/13 13:42,On
2026/03/13 13:43,On
2026/03/13 13:44,On
2026/03/13 14:10,On
2026/03/13 14:11,On
2026/03/13 14:12,On
2026/03/13 14:13,On
2026/03/13 14:14,On
2026/03/13 14:40,On
2026/03/13 14:41,On
2026/03/13 14:42,On
2026/03/13 14:43,On
2026/03/13 14:44,On
2026/03/13 15:10,On
2026/03/13 15:11,On
2026/03/13 15:12,On
2026/03/13 15:13,On
2026/03/13 15:14,On
2026/03/13 15:40,On
2026/03/13 15:41,On
2026/03/13 15:42,On
2026/03/13 15:43,On
2026/03/13 15:44,On
2026/03/13 16:10,On
2026/03/13 16:11,On
2026/03/13 16:12,On
2026/03/13 16:13,On
2026/03/13 16:14,On
2026/03/13 16:40,On
2026/03/13 16:41,On
2026/03/13 16:42,On
2026/03/13 16:43,On
2026/03/13 16:44,On
2026/03/13 17:10,On
2026/03/13 17:11,On
2026/03/13 17:12,On
2026/03/13 17:13,On
2026/03/13 17:14,On
2026/03/13 17:40,On
2026/03/13 17:41,On
2026/03/13 17:42,On
2026/03/13 17:43,On
2026/03/13 17:44,On
2026/03/13 18:10,On
2026/03/13 18:11,On
2026/03/13 18:12,On
2026/03/13 18:13,On
2026/03/13 18:14,On
2026/03/13 18:40,On
2026/03/13 18:41,On
2026/03/13 18:42,On
2026/03/13 18:43,On
2026/03/13 18:44,On
2026/03/13 19:10,On
2026/03/13 19:11,On
2026/03/13 19:12,On
2026/03/13 19:13,On
2026/03/13 19:14,On
2026/03/13 19:40,On
2026/03/13 19:41,On
2026/03/13 19:42,On
2026/03/13 19:43,On
2026/03/13 19:44,On
2026/03/13 20:10,On
2026/03/13 20:11,On
2026/03/13 20:12,On
2026/03/13 20:13,On
2026/03/13 20:14,On
2026/03/13 20:40,On
2026/03/13 20:41,On
2026/03/13 20:42,On
2026/03/13 20:43,On
2026/03/13 20:44,On
2026/03/13 21:10,On
2026/03/13 21:11,On
2026/03/13 21:12,On
2026/03/13 21:13,On
2026/03/13 21:14,On
2026/03/13 21:40,On
2026/03/13 21:41,On
2026/03/13 21:42,On
2026/03/13 21:43,On
2026/03/13 21:44,On
2026/03/13 22:10,On
2026/03/13 22:11,On
2026/03/13 22:12,On
2026/03/13 22:13,On
2026/03/13 22:14,On
2026/03/13 22:40,On
2026/03/13 22:41,On
2026/03/13 22:42,On
2026/03/13 22:43,On
2026/03/13 22:44,On
2026/03/13 23:10,On
2026/03/13 23:11,On
2026/03/13 23:12,On
2026/03/13 23:13,On
2026/03/13 23:14,On
2026/03/13 23:40,On
2026/03/13 23:41,On
2026/03/13 23:42,On
2026/03/13 23:43,On
2026/03/13 23:44,On
2026/03/14 00:10,On
2026/03/14 00:11,On
2026/03/14 00:12,On
2026/03/14 00:13,On
2026/03/14 00:14,On
2026/03/14 00:40,On
2026/03/14 00:41,On
2026/03/14 00:42,On
2026/03/14 00:43,On
2026/03/14 00:44,On
2026/03/14 01:10,On
2026/03/14 01:11,On
2026/03/14 01:12,On
2026/03/14 01:13,On
2026/03/14 01:14,On
2026/03/14 01:40,On
2026/03/14 01:41,On
2026/03/14 01:42,On
2026/03/14 01:43,On
2026/03/14 01:44,On
2026/03/14 02:10,On
2026/03/14 02:11,On
2026/03/14 02:12,On
2026/03/14 02:13,On
2026/03/14 02:14,On
2026/03/14 02:40,On
2026/03/14 02:41,On
2026/03/14 02:42,On
2026/03/14 02:43,On
2026/03/14 02:44,On
2026/03/14 03:10,On
2026/03/14 03:11,On
2026/03/14 03:12,On
2026/03/14 03:13,On
2026/03/14 03:14,On
2026/03/14 03:40,On
2026/03/14 03:41,On
2026/03/14 03:42,On
2026/03/14 03:43,On
2026/03/14 03:44,On
2026/03/14 04:10,On
2026/03/14 04:11,On
2026/03/14 04:12,On
2026/03/14 04:13,On
2026/03/14 04:14,On
2026/03/14 04:40,On
2026/03/14 04:41,On
2026/03/14 04:42,On
2026/03/14 04:43,On
2026/03/14 04:44,On
2026/03/14 05:10,On
2026/03/14 05:11,On
2026/03/14 05:12,On
2026/03/14 05:13,On
2026/03/14 05:14,On
2026/03/14 05:40,On
2026/03/14 05:41,On
2026/03/14 05:42,On
2026/03/14 05:43,On
2026/03/14 05:44,On
2026/03/14 06:10,On
2026/03/14 06:11,On
2026/03/14 06:12,On
2026/03/14 06:13,On
2026/03/14 06:14,On
2026/03/14 06:40,On
2026/03/14 06:41,On
2026/03/14 06:42,On
2026/03/14 06:43,On
2026/03/14 06:44,On
2026/03/14 07:10,On
2026/03/14 07:11,On
2026/03/14 07:12,On
2026/03/14 07:13,On
2026/03/14 07:14,On
2026/03/14 07:40,On
2026/03/14 07:41,On
2026/03/14 07:42,On
2026/03/14 07:43,On
2026/03/14 07:44,On
2026/03/14 08:10,On
2026/03/14 08:11,On
2026/03/14 08:12,On
2026/03/14 08:13,On
2026/03/14 08:14,On
2026/03/14 08:40,On
2026/03/14 08:41,On
2026/03/14 08:42,On
2026/03/14 08:43,On
2026/03/14 08:44,On
2026/03/14 09:10,On
2026/03/14 09:11,On
2026/03/14 09:12,On
2026/03/14 09:13,On
2026/03/14 09:14,On
2026/03/14 09:40,On
2026/03/14 09:41,On
2026/03/14 09:42,On
2026/03/14 09:43,On
2026/03/14 09:44,On
2026/03/14 10:10,On
2026/03/14 10:11,On
2026/03/14 10:12,On
2026/03/14 10:13,On
2026/03/14 10:14,On
2026/03/14 10:40,On
2026/03/14 10:41,On
2026/03/14 10:42,On
2026/03/14 10:43,On
2026/03/14 10:44,On
2026/03/14 11:10,On
2026/03/14 11:11,On
2026/03/14 11:12,On
2026/03/14 11:13,On
2026/03/14 11:14,On
2026/03/14 11:40,On
2026/03/14 11:41,On
2026/03/14 11:42,On
2026/03/14 11:43,On
2026/03/14 11:44,On
2026/03/14 12:10,On
2026/03/14 12:11,On
2026/03/14 12:12,On
2026/03/14 12:13,On
2026/03/14 12:14,On
2026/03/14 12:40,On
2026/03/14 12:41,On
2026/03/14 12:42,On
2026/03/14 12:43,On
2026/03/14 12:44,On
2026/03/14 13:10,On
2026/03/14 13:11,On
2026/03/14 13:12,On
2026/03/14 13:13,On
2026/03/14 13:14,On
2026/03/14 13:40,On
2026/03/14 13:41,On
2026/03/14 13:42,On
2026/03/14 13:43,On
2026/03/14 13:44,On
2026/03/14 14:10,On
2026/03/14 14:11,On
2026/03/14 14:12,On
2026/03/14 14:13,On
2026/03/14 14:14,On
2026/03/14 14:40,On
2026/03/14 14:41,On
2026/03/14 14:42,On
2026/03/14 14:43,On
2026/03/14 14:44,On
2026/03/14 15:10,On
2026/03/14 15:11,On
2026/03/14 15:12,On
2026/03/14 15:13,On
2026/03/14 15:14,On
2026/03/14 15:40,On
2026/03/14 15:41,On
2026/03/14 15:42,On
2026/03/14 15:43,On
2026/03/14 15:44,On
2026/03/14 16:10,On
2026/03/14 16:11,On
2026/03/14 16:12,On
2026/03/14 16:13,On
2026/03/14 16:14,On
2026/03/14 16:40,On
2026/03/14 16:41,On
2026/03/14 16:42,On
2026/03/14 16:43,On
2026/03/14 16:44,On
2026/03/14 17:10,On
2026/03/14 17:11,On
2026/03/14 17:12,On
2026/03/14 17:13,On
2026/03/14 17:14,On
2026/03/14 17:40,On
2026/03/14 17:41,On
2026/03/14 17:42,On
2026/03/14 17:43,On
2026/03/14 17:44,On
2026/03/14 18:10,On
2026/03/14 18:11,On
2026/03/14 18:12,On
2026/03/14 18:13,On
2026/03/14 18:14,On
2026/03/14 18:40,On
2026/03/14 18:41,On
2026/03/14 18:42,On
2026/03/14 18:43,On
2026/03/14 18:44,On
2026/03/14 19:10,On
2026/03/14 19:11,On
2026/03/14 19:12,On
2026/03/14 19:13,On
2026/03/14 19:14,On
2026/03/14 19:40,On
2026/03/14 19:41,On
2026/03/14 19:42,On
2026/03/14 19:43,On
2026/03/14 19:44,On
2026/03/14 20:10,On
2026/03/14 20:11,On
2026/03/14 20:12,On
2026/03/14 20:13,On
2026/03/14 20:14,On
2026/03/14 20:40,On
2026/03/14 20:41,On
2026/03/14 20:42,On
2026/03/14 20:43,On
2026/03/14 20:44,On
2026/03/14 21:10,On
2026/03/14 21:11,On
2026/03/14 21:12,On
2026/03/14 21:13,On
2026/03/14 21:14,On
2026/03/14 21:40,On
2026/03/14 21:41,On
2026/03/14 21:42,On
2026/03/14 21:43,On
2026/03/14 21:44,On
2026/03/14 22:10,On
2026/03/14 22:11,On
2026/03/14 22:12,On
2026/03/14 22:13,On
2026/03/14 22:14,On
2026/03/14 22:40,On
2026/03/14 22:41,On
2026/03/14 22:42,On
2026/03/14 22:43,On
2026/03/14 22:44,On
2026/03/14 23:10,On
2026/03/14 23:11,On
2026/03/14 23:12,On
2026/03/14 23:13,On
2026/03/14 23:14,On
2026/03/14 23:40,On
2026/03/14 23:41,On
2026/03/14 23:42,On
2026/03/14 23:43,On
2026/03/14 23:44,On
2026/03/15 00:10,On
2026/03/15 00:11,On
2026/03/15 00:12,On
2026/03/15 00:13,On
2026/03/15 00:14,On
2026/03/15 00:40,On
2026/03/15 00:41,On
2026/03/15 00:42,On
2026/03/15 00:43,On
2026/03/15 00:44,On
2026/03/15 01:10,On
2026/03/15 01:11,On
2026/03/15 01:12,On
2026/03/15 01:13,On
2026/03/15 01:14,On
2026/03/15 01:40,On
2026/03/15 01:41,On
2026/03/15 01:42,On
2026/03/15 01:43,On
2026/03/15 01:44,On
2026/03/15 02:10,On
2026/03/15 02:11,On
2026/03/15 02:12,On
2026/03/15 02:13,On
2026/03/15 02:14,On
2026/03/15 02:40,On
2026/03/15 02:41,On
2026/03/15 02:42,On
2026/03/15 02:43,On
2026/03/15 02:44,On
2026/03/15 03:10,On
2026/03/15 03:11,On
2026/03/15 03:12,On
2026/03/15 03:13,On
2026/03/15 03:14,On
2026/03/15 03:40,On
2026/03/15 03:41,On
2026/03/15 03:42,On
2026/03/15 03:43,On
2026/03/15 03:44,On
2026/03/15 04:10,On
2026/03/15 04:11,On
2026/03/15 04:12,On
2026/03/15 04:13,On
2026/03/15 04:14,On
2026/03/15 04:40,On
2026/03/15 04:41,On
2026/03/15 04:42,On
2026/03/15 04:43,On
2026/03/15 04:44,On
2026/03/15 05:10,On
2026/03/15 05:11,On
2026/03/15 05:12,On
2026/03/15 05:13,On
2026/03/15 05:14,On
2026/03/15 05:40,On
2026/03/15 05:41,On
2026/03/15 05:42,On
2026/03/15 05:43,On
2026/03/15 05:44,On
2026/03/15 06:10,On
2026/03/15 06:11,On
2026/03/15 06:12,On
2026/03/15 06:13,On
2026/03/15 06:14,On
2026/03/15 06:40,On
2026/03/15 06:41,On
2026/03/15 06:42,On
2026/03/15 06:43,On
2026/03/15 06:44,On
2026/03/15 07:10,On
2026/03/15 07:11,On
2026/03/15 07:12,On
2026/03/15 07:13,On
2026/03/15 07:14,On
2026/03/15 07:40,On
2026/03/15 07:41,On
2026/03/15 07:42,On
2026/03/15 07:43,On
2026/03/15 07:44,On
2026/03/15 08:10,On
2026/03/15 08:11,On
2026/03/15 08:12,On
2026/03/15 08:13,On
2026/03/15 08:14,On
2026/03/15 08:40,On
2026/03/15 08:41,On
2026/03/15 08:42,On
2026/03/15 08:43,On
2026/03/15 08:44,On
2026/03/15 09:10,On
2026/03/15 09:11,On
2026/03/15 09:12,On
2026/03/15 09:13,On
2026/03/15 09:14,On
2026/03/15 09:40,On
2026/03/15 09:41,On
2026/03/15 09:42,On
2026/03/15 09:43,On
2026/03/15 09:44,On
2026/03/15 10:10,On
2026/03/15 10:11,On
2026/03/15 10:12,On
2026/03/15 10:13,On
2026/03/15 10:14,On
2026/03/15 10:40,On
2026/03/15 10:41,On
2026/03/15 10:42,On
2026/03/15 10:43,On
2026/03/15 10:44,On
2026/03/15 11:10,On
2026/03/15 11:11,On
2026/03/15 11:12,On
2026/03/15 11:13,On
2026/03/15 11:14,On
2026/03/15 13:40,On
2026/03/15 13:41,On
2026/03/15 13:42,On
2026/03/15 13:43,On
2026/03/15 13:44,On
2026/03/15 14:10,On
2026/03/15 14:11,On
2026/03/15 14:12,On
2026/03/15 14:13,On
2026/03/15 14:14,On
2026/03/15 15:20,On
2026/03/15 15:21,On
2026/03/15 15:40,On
2026/03/15 15:41,On
2026/03/15 16:00,On
2026/03/15 16:01,On
2026/03/15 16:20,On
2026/03/15 16:21,On
2026/03/15 16:40,On
2026/03/15 16:41,On
2026/03/15 17:00,On
2026/03/15 17:01,On
2026/03/15 17:20,On
2026/03/15 17:21,On
2026/03/15 17:40,On
2026/03/15 17:41,On
2026/03/15 18:00,On
2026/03/15 18:01,On
2026/03/15 18:20,On
2026/03/15 18:21,On
2026/03/15 18:40,On
2026/03/15 18:41,On
2026/03/15 19:00,On
2026/03/15 19:01,On
2026/03/15 19:20,On
2026/03/15 19:21,On
2026/03/15 19:40,On
2026/03/15 19:41,On
2026/03/15 20:00,On
2026/03/15 20:01,On
2026/03/15 20:20,On
2026/03/15 20:21,On
2026/03/15 20:40,On
2026/03/15 20:41,On
2026/03/15 21:00,On
2026/03/15 21:01,On
2026/03/15 21:20,On
2026/03/15 21:21,On
2026/03/15 21:40,On
2026/03/15 21:41,On
2026/03/15 22:00,On
2026/03/15 22:01,On
2026/03/15 22:20,On
2026/03/15 22:21,On
2026/03/15 22:40,On
2026/03/15 22:41,On
2026/03/15 23:00,On
2026/03/15 23:01,On
2026/03/15 23:20,On
2026/03/15 23:21,On
2026/03/15 23:40,On
2026/03/15 23:41,On
2026/03/16 00:00,On
2026/03/16 00:01,On
2026/03/16 00:20,On
2026/03/16 00:21,On
2026/03/16 00:40,On
2026/03/16 00:41,On
2026/03/16 01:00,On
2026/03/16 01:01,On
2026/03/16 01:20,On
2026/03/16 01:21,On
2026/03/16 01:40,On
2026/03/16 01:41,On
2026/03/16 02:00,On
2026/03/16 02:01,On
2026/03/16 02:20,On
2026/03/16 02:21,On
2026/03/16 02:40,On
2026/03/16 02:41,On
2026/03/16 03:00,On
2026/03/16 03:01,On
2026/03/16 03:20,On
2026/03/16 03:21,On
2026/03/16 03:40,On
2026/03/16 03:41,On
2026/03/16 04:00,On
2026/03/16 04:01,On
2026/03/16 04:20,On
2026/03/16 04:21,On
2026/03/16 04:40,On
2026/03/16 04:41,On
2026/03/16 05:00,On
2026/03/16 05:01,On
2026/03/16 05:20,On
2026/03/16 05:21,On
2026/03/16 05:40,On
2026/03/16 05:41,On
2026/03/16 06:00,On
2026/03/16 06:01,On
2026/03/16 06:20,On
2026/03/16 06:21,On
2026/03/16 06:40,On
2026/03/16 06:41,On
2026/03/16 07:00,On
2026/03/16 07:01,On
2026/03/16 07:20,On
2026/03/16 07:21,On
2026/03/16 07:40,On
2026/03/16 07:41,On
2026/03/16 08:00,On
2026/03/16 08:01,On
2026/03/16 08:20,On
2026/03/16 08:21,On
2026/03/16 08:40,On
2026/03/16 08:41,On
2026/03/16 09:00,On
2026/03/16 09:01,On
2026/03/16 09:20,On
2026/03/16 09:21,On
2026/03/16 09:40,On
2026/03/16 09:41,On
2026/03/16 09:41,On
2026/03/16 09:41,On
2026/03/16 10:00,On
2026/03/16 10:01,On
2026/03/16 10:20,On
2026/03/16 10:21,On
2026/03/16 10:40,On
2026/03/16 10:41,On
2026/03/16 11:00,On
2026/03/16 11:01,On
2026/03/16 11:20,On
2026/03/16 11:21,On
2026/03/16 11:40,On
2026/03/16 11:41,On
2026/03/16 12:00,On
2026/03/16 12:01,On
2026/03/16 12:20,On
2026/03/16 12:21,On
2026/03/16 12:40,On
2026/03/16 12:41,On
2026/03/16 13:00,On
2026/03/16 13:01,On
2026/03/16 13:20,On
2026/03/16 13:21,On
2026/03/16 13:40,On
2026/03/16 13:41,On
2026/03/16 14:00,On
2026/03/16 14:01,On
2026/03/16 14:20,On
2026/03/16 14:21,On
2026/03/16 14:40,On
2026/03/16 14:41,On
2026/03/16 15:00,On
2026/03/16 15:01,On
2026/03/16 15:20,On
2026/03/16 15:21,On
2026/03/16 15:40,On
2026/03/16 15:41,On
2026/03/16 16:00,On
2026/03/16 16:01,On
2026/03/16 16:20,On
2026/03/16 16:21,On
2026/03/16 16:40,On
2026/03/16 16:41,On
2026/03/16 17:00,On
2026/03/16 17:01,On
2026/03/16 17:20,On
2026/03/16 17:21,On
2026/03/16 17:40,On
2026/03/16 17:41,On
2026/03/16 18:00,On
2026/03/16 18:01,On
2026/03/16 18:20,On
2026/03/16 18:21,On
2026/03/16 18:40,On
2026/03/16 18:41,On
2026/03/16 19:00,On
2026/03/16 19:01,On
2026/03/16 19:20,On
2026/03/16 19:21,On
2026/03/16 19:40,On
2026/03/16 19:41,On
2026/03/16 20:00,On
2026/03/16 20:01,On
2026/03/16 20:20,On
2026/03/16 20:21,On
2026/03/16 20:40,On
2026/03/16 20:41,On
2026/03/16 21:00,On
2026/03/16 21:01,On
2026/03/16 21:20,On
2026/03/16 21:21,On
2026/03/16 21:40,On
2026/03/16 21:41,On
2026/03/16 22:00,On
2026/03/16 22:01,On
2026/03/16 22:20,On
2026/03/16 22:21,On
2026/03/16 22:40,On
2026/03/16 22:41,On
2026/03/16 23:00,On
2026/03/16 23:01,On
2026/03/16 23:20,On
2026/03/16 23:21,On
2026/03/16 23:40,On
2026/03/16 23:41,On
2026/03/17 00:00,On
2026/03/17 00:01,On
2026/03/17 00:20,On
2026/03/17 00:21,On
2026/03/17 00:40,On
2026/03/17 00:41,On
2026/03/17 01:00,On
2026/03/17 01:01,On
2026/03/17 01:20,On
2026/03/17 01:21,On
2026/03/17 01:40,On
2026/03/17 01:41,On
2026/03/17 02:00,On
2026/03/17 02:01,On
2026/03/17 02:20,On
2026/03/17 02:21,On
2026/03/17 02:40,On
2026/03/17 02:41,On
2026/03/17 03:00,On
2026/03/17 03:01,On
2026/03/17 03:20,On
2026/03/17 03:21,On
2026/03/17 03:40,On
2026/03/17 03:41,On
2026/03/17 04:00,On
2026/03/17 04:01,On
2026/03/17 04:20,On
2026/03/17 04:21,On
2026/03/17 04:40,On
2026/03/17 04:41,On
2026/03/17 05:00,On
2026/03/17 05:01,On
2026/03/17 05:20,On
2026/03/17 05:21,On
2026/03/17 05:40,On
2026/03/17 05:41,On
2026/03/17 06:00,On
2026/03/17 06:01,On
2026/03/17 06:20,On
2026/03/17 06:21,On
2026/03/17 06:40,On
2026/03/17 06:41,On
2026/03/17 07:00,On
2026/03/17 07:01,On
2026/03/17 07:20,On
2026/03/17 07:21,On
2026/03/17 07:40,On
2026/03/17 07:41,On
2026/03/17 08:00,On
2026/03/17 08:01,On
2026/03/17 08:20,On
2026/03/17 08:21,On
2026/03/17 08:40,On
2026/03/17 08:41,On
2026/03/17 09:00,On
2026/03/17 09:01,On
2026/03/17 09:20,On
2026/03/17 09:21,On
2026/03/17 09:40,On
2026/03/17 09:41,On
2026/03/17 10:00,On
2026/03/17 10:01,On
2026/03/17 10:20,On
2026/03/17 10:21,On
2026/03/17 10:40,On
2026/03/17 10:41,On
2026/03/17 11:00,On
2026/03/17 11:01,On
2026/03/17 11:20,On
2026/03/17 11:21,On
2026/03/17 11:40,On
2026/03/17 11:41,On
2026/03/17 12:00,On
2026/03/17 12:01,On
2026/03/17 12:20,On
2026/03/17 12:21,On
2026/03/17 12:40,On
2026/03/17 12:41,On
2026/03/17 13:00,On
2026/03/17 13:01,On
2026/03/17 13:20,On
2026/03/17 13:21,On
2026/03/17 13:40,On
2026/03/17 13:41,On
2026/03/17 14:00,On
2026/03/17 14:01,On
2026/03/17 14:20,On
2026/03/17 14:21,On
2026/03/17 14:40,On
2026/03/17 14:41,On
2026/03/17 15:00,On
2026/03/17 15:01,On
2026/03/17 15:20,On
2026/03/17 15:21,On
2026/03/17 15:40,On
2026/03/17 15:41,On
2026/03/17 16:00,On
2026/03/17 16:01,On
2026/03/17 16:20,On
2026/03/17 16:21,On
2026/03/17 16:40,On
2026/03/17 16:41,On
2026/03/17 17:00,On
2026/03/17 17:01,On
2026/03/17 17:20,On
2026/03/17 17:21,On
2026/03/17 17:40,On
2026/03/17 17:41,On
2026/03/17 18:00,On
2026/03/17 18:01,On
2026/03/17 18:20,On
2026/03/17 18:21,On
2026/03/17 18:40,On
2026/03/17 18:41,On
2026/03/17 19:00,On
2026/03/17 19:01,On
2026/03/17 19:20,On
2026/03/17 19:21,On
2026/03/17 19:40,On
2026/03/17 19:41,On
2026/03/17 20:00,On
2026/03/17 20:01,On
2026/03/17 20:20,On
2026/03/17 20:21,On
2026/03/17 20:40,On
2026/03/17 20:41,On
2026/03/17 21:00,On
2026/03/17 21:01,On
2026/03/17 21:20,On
2026/03/17 21:21,On
2026/03/17 21:40,On
2026/03/17 21:41,On
2026/03/17 22:00,On
2026/03/17 22:01,On
2026/03/17 22:20,On
2026/03/17 22:21,On
2026/03/17 22:40,On
2026/03/17 22:41,On
2026/03/17 23:00,On
2026/03/17 23:01,On
2026/03/17 23:20,On
2026/03/17 23:21,On
2026/03/17 23:40,On
2026/03/17 23:41,On
2026/03/18 00:00,On
2026/03/18 00:01,On
2026/03/18 00:20,On
2026/03/18 00:21,On
2026/03/18 00:40,On
2026/03/18 00:41,On
2026/03/18 01:00,On
2026/03/18 01:01,On
2026/03/18 01:20,On
2026/03/18 01:21,On
2026/03/18 01:40,On
2026/03/18 01:41,On
2026/03/18 02:00,On
2026/03/18 02:01,On
2026/03/18 02:20,On
2026/03/18 02:21,On
2026/03/18 02:40,On
2026/03/18 02:41,On
2026/03/18 03:00,On
2026/03/18 03:01,On
2026/03/18 03:20,On
2026/03/18 03:21,On
2026/03/18 03:40,On
2026/03/18 03:41,On
2026/03/18 04:00,On
2026/03/18 04:01,On
2026/03/18 04:20,On
2026/03/18 04:21,On
2026/03/18 04:40,On
2026/03/18 04:41,On
2026/03/18 05:00,On
2026/03/18 05:01,On
2026/03/18 05:20,On
2026/03/18 05:21,On
2026/03/18 05:40,On
2026/03/18 05:41,On
2026/03/18 06:00,On
2026/03/18 06:01,On
2026/03/18 06:20,On
2026/03/18 06:21,On
2026/03/18 06:40,On
2026/03/18 06:41,On
2026/03/18 07:00,On
2026/03/18 07:01,On
2026/03/18 07:20,On
2026/03/18 07:21,On
2026/03/18 07:40,On
2026/03/18 07:41,On
2026/03/18 08:00,On
2026/03/18 08:01,On
2026/03/18 08:20,On
2026/03/18 08:21,On
2026/03/18 08:40,On
2026/03/18 08:41,On
2026/03/18 09:00,On
2026/03/18 09:01,On
2026/03/18 09:20,On
2026/03/18 09:21,On
2026/03/18 09:40,On
2026/03/18 09:41,On
2026/03/18 10:00,On
2026/03/18 10:01,On
2026/03/18 10:20,On
2026/03/18 10:21,On
2026/03/18 10:40,On
2026/03/18 10:41,On
2026/03/18 11:00,On
2026/03/18 11:01,On
2026/03/18 11:20,On
2026/03/18 11:21,On
2026/03/18 11:40,On
2026/03/18 11:41,On
2026/03/18 12:00,On
2026/03/18 12:01,On
2026/03/18 12:20,On
2026/03/18 12:21,On
2026/03/18 12:40,On
2026/03/18 12:41,On
2026/03/18 13:00,On
2026/03/18 13:01,On
2026/03/18 13:20,On
2026/03/18 13:21,On
2026/03/18 13:40,On
2026/03/18 13:41,On
2026/03/18 14:00,On
2026/03/18 14:01,On
2026/03/18 14:20,On
2026/03/18 14:21,On
2026/03/18 14:40,On
2026/03/18 14:41,On
2026/03/18 15:00,On
2026/03/18 15:01,On
2026/03/18 15:20,On
2026/03/18 15:21,On
2026/03/18 15:40,On
2026/03/18 15:41,On
2026/03/18 16:00,On
2026/03/18 16:01,On
2026/03/18 16:20,On
2026/03/18 16:21,On
2026/03/18 16:40,On
2026/03/18 16:41,On
2026/03/18 17:00,On
2026/03/18 17:01,On
2026/03/18 17:20,On
2026/03/18 17:21,On
2026/03/18 17:40,On
2026/03/18 17:41,On
2026/03/18 18:00,On
2026/03/18 18:01,On
2026/03/18 18:20,On
2026/03/18 18:21,On
2026/03/18 18:40,On
2026/03/18 18:41,On
2026/03/18 19:00,On
2026/03/18 19:01,On
2026/03/18 19:20,On
2026/03/18 19:21,On
2026/03/18 19:40,On
2026/03/18 19:41,On
2026/03/18 20:00,On
2026/03/18 20:01,On
2026/03/18 20:20,On
2026/03/18 20:21,On
2026/03/18 20:40,On
2026/03/18 20:41,On
2026/03/18 21:00,On
2026/03/18 21:01,On
2026/03/18 21:20,On
2026/03/18 21:21,On
2026/03/18 21:40,On
2026/03/18 21:41,On
2026/03/18 22:00,On
2026/03/18 22:01,On
2026/03/18 22:20,On
2026/03/18 22:21,On
2026/03/18 22:40,On
2026/03/18 22:41,On
2026/03/18 23:00,On
2026/03/18 23:01,On
2026/03/18 23:20,On
2026/03/18 23:21,On
2026/03/18 23:40,On
2026/03/18 23:41,On
2026/03/19 00:00,On
2026/03/19 00:01,On
2026/03/19 00:20,On
2026/03/19 00:21,On
2026/03/19 00:40,On
2026/03/19 00:41,On
2026/03/19 01:00,On
2026/03/19 01:01,On
2026/03/19 01:20,On
2026/03/19 01:21,On
2026/03/19 01:40,On
2026/03/19 01:41,On
2026/03/19 02:00,On
2026/03/19 02:01,On
2026/03/19 02:20,On
2026/03/19 02:21,On
2026/03/19 02:40,On
2026/03/19 02:41,On
2026/03/19 03:00,On
2026/03/19 03:01,On
2026/03/19 03:20,On
2026/03/19 03:21,On
2026/03/19 03:40,On
2026/03/19 03:41,On
2026/03/19 04:00,On
2026/03/19 04:01,On
2026/03/19 04:20,On
2026/03/19 04:21,On
2026/03/19 04:40,On
2026/03/19 04:41,On
2026/03/19 05:00,On
2026/03/19 05:01,On
2026/03/19 05:20,On
2026/03/19 05:21,On
2026/03/19 05:40,On
2026/03/19 05:41,On
2026/03/19 06:00,On
2026/03/19 06:01,On
2026/03/19 06:20,On
2026/03/19 06:21,On
2026/03/19 06:40,On
2026/03/19 06:41,On
2026/03/19 07:00,On
2026/03/19 07:01,On
2026/03/19 07:20,On
2026/03/19 07:21,On
2026/03/19 07:40,On
2026/03/19 07:41,On
2026/03/19 08:00,On
2026/03/19 08:01,On
2026/03/19 08:20,On
2026/03/19 08:21,On
2026/03/19 08:40,On
2026/03/19 08:41,On
2026/03/19 09:00,On
2026/03/19 09:01,On
2026/03/19 09:20,On
2026/03/19 09:21,On
2026/03/19 09:40,On
2026/03/19 09:41,On
2026/03/19 10:00,On
2026/03/19 10:01,On
2026/03/19 10:20,On
2026/03/19 10:21,On
2026/03/19 10:40,On
2026/03/19 10:41,On
2026/03/19 11:00,On
2026/03/19 11:01,On
2026/03/19 11:20,On
2026/03/19 11:21,On
2026/03/19 11:40,On
2026/03/19 11:41,On
2026/03/19 12:00,On
2026/03/19 12:01,On
2026/03/19 12:20,On
2026/03/19 12:21,On
2026/03/19 12:40,On
2026/03/19 12:41,On
2026/03/19 13:00,On
2026/03/19 13:01,On
2026/03/19 13:20,On
2026/03/19 13:21,On
2026/03/19 13:40,On
2026/03/19 13:41,On
2026/03/19 14:00,On
2026/03/19 14:01,On
2026/03/19 14:20,On
2026/03/19 14:21,On
2026/03/19 14:40,On
2026/03/19 14:41,On
2026/03/19 15:00,On
2026/03/19 15:01,On
2026/03/19 15:20,On
2026/03/19 15:21,On
2026/03/19 15:40,On
2026/03/19 15:41,On
2026/03/19 16:00,On
2026/03/19 16:01,On
2026/03/19 16:20,On
2026/03/19 16:21,On
2026/03/19 16:40,On
2026/03/19 16:41,On
2026/03/19 17:00,On
2026/03/19 17:01,On
2026/03/19 17:20,On
2026/03/19 17:21,On
2026/03/19 17:40,On
2026/03/19 17:41,On
2026/03/19 18:00,On
2026/03/19 18:01,On
2026/03/19 18:20,On
2026/03/19 18:21,On
2026/03/19 18:40,On
2026/03/19 18:41,On
2026/03/19 19:00,On
2026/03/19 19:01,On
2026/03/19 19:20,On
2026/03/19 19:21,On
2026/03/19 19:40,On
2026/03/19 19:41,On
2026/03/19 20:00,On
2026/03/19 20:01,On
2026/03/19 20:20,On
2026/03/19 20:21,On
2026/03/19 20:40,On
2026/03/19 20:41,On
2026/03/19 21:00,On
2026/03/19 21:01,On
2026/03/19 21:20,On
2026/03/19 21:21,On
2026/03/19 21:40,On
2026/03/19 21:41,On
2026/03/19 22:00,On
2026/03/19 22:01,On
2026/03/19 22:20,On
2026/03/19 22:21,On
2026/03/19 22:40,On
2026/03/19 22:41,On
2026/03/19 23:00,On
2026/03/19 23:01,On
2026/03/19 23:20,On
2026/03/19 23:21,On
2026/03/19 23:40,On
2026/03/19 23:41,On
2026/03/20 00:00,On
2026/03/20 00:01,On
2026/03/20 00:20,On
2026/03/20 00:21,On
2026/03/20 00:40,On
2026/03/20 00:41,On
2026/03/20 01:00,On
2026/03/20 01:01,On
2026/03/20 01:20,On
2026/03/20 01:21,On
2026/03/20 01:40,On
2026/03/20 01:41,On
2026/03/20 02:00,On
2026/03/20 02:01,On
2026/03/20 02:20,On
2026/03/20 02:21,On
2026/03/20 02:40,On
2026/03/20 02:41,On
2026/03/20 03:00,On
2026/03/20 03:01,On
2026/03/20 03:20,On
2026/03/20 03:21,On
2026/03/20 03:40,On
2026/03/20 03:41,On
2026/03/20 04:00,On
2026/03/20 04:01,On
2026/03/20 04:20,On
2026/03/20 04:21,On
2026/03/20 04:40,On
2026/03/20 04:41,On
2026/03/20 05:00,On
2026/03/20 05:01,On
2026/03/20 05:20,On
2026/03/20 05:21,On
2026/03/20 05:40,On
2026/03/20 05:41,On
2026/03/20 06:00,On
2026/03/20 06:01,On
2026/03/20 06:20,On
2026/03/20 06:21,On
2026/03/20 06:40,On
2026/03/20 06:41,On
2026/03/20 07:00,On
2026/03/20 07:01,On
2026/03/20 07:20,On
2026/03/20 07:21,On
2026/03/20 07:40,On
2026/03/20 07:41,On
2026/03/20 08:00,On
2026/03/20 08:01,On
2026/03/20 08:20,On
2026/03/20 08:21,On
2026/03/20 08:40,On
2026/03/20 08:41,On
2026/03/20 09:00,On
2026/03/20 09:01,On
2026/03/20 09:20,On
2026/03/20 09:21,On
2026/03/20 09:40,On
2026/03/20 09:41,On
2026/03/20 10:00,On
2026/03/20 10:01,On
2026/03/20 10:20,On
2026/03/20 10:21,On
2026/03/20 10:40,On
2026/03/20 10:41,On
2026/03/20 11:00,On
2026/03/20 11:01,On
2026/03/20 11:20,On
2026/03/20 11:21,On
2026/03/20 11:40,On
2026/03/20 11:41,On
2026/03/20 12:00,On
2026/03/20 12:01,On
2026/03/20 12:20,On
2026/03/20 12:21,On
2026/03/20 12:40,On
2026/03/20 12:41,On
2026/03/20 13:00,On
2026/03/20 13:01,On
2026/03/20 13:20,On
2026/03/20 13:21,On
2026/03/20 13:40,On
2026/03/20 13:41,On
2026/03/20 14:00,On
2026/03/20 14:01,On
2026/03/20 14:20,On
2026/03/20 14:21,On
2026/03/20 14:40,On
2026/03/20 14:41,On
2026/03/20 15:00,On
2026/03/20 15:01,On
2026/03/20 15:20,On
2026/03/20 15:21,On
2026/03/20 15:40,On
2026/03/20 15:41,On
2026/03/20 16:00,On
2026/03/20 16:01,On
2026/03/20 16:20,On
2026/03/20 16:21,On
2026/03/20 16:40,On
2026/03/20 16:41,On
2026/03/20 17:00,On
2026/03/20 17:01,On
2026/03/20 17:20,On
2026/03/20 17:21,On
2026/03/20 17:40,On
2026/03/20 17:41,On
2026/03/20 18:00,On
2026/03/20 18:01,On
2026/03/20 18:20,On
2026/03/20 18:21,On
2026/03/20 18:40,On
2026/03/20 18:41,On
2026/03/20 19:00,On
2026/03/20 19:01,On
2026/03/20 19:20,On
2026/03/20 19:21,On
2026/03/20 19:40,On
2026/03/20 19:41,On
2026/03/20 20:00,On
2026/03/20 20:01,On
2026/03/20 20:20,On
2026/03/20 20:21,On
2026/03/20 20:40,On
2026/03/20 20:41,On
2026/03/20 21:00,On
2026/03/20 21:01,On
2026/03/20 21:20,On
2026/03/20 21:21,On
2026/03/20 21:40,On
2026/03/20 21:41,On
2026/03/20 22:00,On
2026/03/20 22:01,On
2026/03/20 22:20,On
2026/03/20 22:21,On
2026/03/20 22:40,On
2026/03/20 22:41,On
2026/03/20 23:00,On
2026/03/20 23:01,On
2026/03/20 23:20,On
2026/03/20 23:21,On
2026/03/20 23:40,On
2026/03/20 23:41,On
2026/03/21 00:00,On
2026/03/21 00:01,On
2026/03/21 00:20,On
2026/03/21 00:21,On
2026/03/21 00:40,On
2026/03/21 00:41,On
2026/03/21 01:00,On
2026/03/21 01:01,On
2026/03/21 01:20,On
2026/03/21 01:21,On
2026/03/21 01:40,On
2026/03/21 01:41,On
2026/03/21 02:00,On
2026/03/21 02:01,On
2026/03/21 02:20,On
2026/03/21 02:21,On
2026/03/21 02:40,On
2026/03/21 02:41,On
2026/03/21 03:00,On
2026/03/21 03:01,On
2026/03/21 03:20,On
2026/03/21 03:21,On
2026/03/21 03:40,On
2026/03/21 03:41,On
2026/03/21 04:00,On
2026/03/21 04:01,On
2026/03/21 04:20,On
2026/03/21 04:21,On
2026/03/21 04:40,On
2026/03/21 04:41,On
2026/03/21 05:00,On
2026/03/21 05:01,On
2026/03/21 05:20,On
2026/03/21 05:21,On
2026/03/21 05:40,On
2026/03/21 05:41,On
2026/03/21 06:00,On
2026/03/21 06:01,On
2026/03/21 06:20,On
2026/03/21 06:21,On
2026/03/21 06:40,On
2026/03/21 06:41,On
2026/03/21 07:00,On
2026/03/21 07:01,On
2026/03/21 07:20,On
2026/03/21 07:21,On
2026/03/21 07:40,On
2026/03/21 07:41,On
2026/03/21 08:00,On
2026/03/21 08:01,On
2026/03/21 08:20,On
2026/03/21 08:21,On
2026/03/21 08:40,On
2026/03/21 08:41,On
2026/03/21 09:00,On
2026/03/21 09:01,On
2026/03/21 09:20,On
2026/03/21 09:21,On
2026/03/21 09:40,On
2026/03/21 09:41,On
2026/03/21 10:00,On
2026/03/21 10:01,On
2026/03/21 10:20,On
2026/03/21 10:21,On
2026/03/21 10:40,On
2026/03/21 10:41,On
2026/03/21 11:00,On
2026/03/21 11:01,On
2026/03/21 11:20,On
2026/03/21 11:21,On
2026/03/21 11:40,On
2026/03/21 11:41,On
2026/03/21 12:00,On
2026/03/21 12:01,On
2026/03/21 12:20,On
2026/03/21 12:21,On
2026/03/21 12:40,On
2026/03/21 12:41,On
2026/03/21 13:00,On
2026/03/21 13:01,On
2026/03/21 13:20,On
2026/03/21 13:21,On
2026/03/21 13:40,On
2026/03/21 13:41,On
2026/03/21 14:00,On
2026/03/21 14:01,On
2026/03/21 14:20,On
2026/03/21 14:21,On
2026/03/21 14:40,On
2026/03/21 14:41,On
2026/03/21 15:00,On
2026/03/21 15:01,On
2026/03/21 15:20,On
2026/03/21 15:21,On
2026/03/21 15:40,On
2026/03/21 15:41,On
2026/03/21 16:00,On
2026/03/21 16:01,On
2026/03/21 16:20,On
2026/03/21 16:21,On
2026/03/21 16:40,On
2026/03/21 16:41,On
2026/03/21 17:00,On
2026/03/21 17:01,On
2026/03/21 17:20,On
2026/03/21 17:21,On
2026/03/21 17:40,On
2026/03/21 17:41,On
2026/03/21 18:00,On
2026/03/21 18:01,On
2026/03/21 18:20,On
2026/03/21 18:21,On
2026/03/21 18:40,On
2026/03/21 18:41,On
2026/03/21 19:00,On
2026/03/21 19:01,On
2026/03/21 19:20,On
2026/03/21 19:21,On
2026/03/21 19:40,On
2026/03/21 19:41,On
2026/03/21 20:00,On
2026/03/21 20:01,On
2026/03/21 20:20,On
2026/03/21 20:21,On
2026/03/21 20:40,On
2026/03/21 20:41,On
2026/03/21 21:00,On
2026/03/21 21:01,On
2026/03/21 21:20,On
2026/03/21 21:21,On
2026/03/21 21:40,On
2026/03/21 21:41,On
2026/03/21 22:00,On
2026/03/21 22:01,On
2026/03/21 22:20,On
2026/03/21 22:21,On
2026/03/21 22:40,On
2026/03/21 22:41,On
2026/03/21 23:00,On
2026/03/21 23:01,On
2026/03/21 23:20,On
2026/03/21 23:21,On
2026/03/21 23:40,On
2026/03/21 23:41,On
2026/03/22 00:00,On
2026/03/22 00:01,On
2026/03/22 00:20,On
2026/03/22 00:21,On
2026/03/22 00:40,On
2026/03/22 00:41,On
2026/03/22 01:00,On
2026/03/22 01:01,On
2026/03/22 01:20,On
2026/03/22 01:21,On
2026/03/22 01:40,On
2026/03/22 01:41,On
2026/03/22 02:00,On
2026/03/22 02:01,On
2026/03/22 02:20,On
2026/03/22 02:21,On
2026/03/22 02:40,On
2026/03/22 02:41,On
2026/03/22 03:00,On
2026/03/22 03:01,On
2026/03/22 03:20,On
2026/03/22 03:21,On
2026/03/22 03:40,On
2026/03/22 03:41,On
2026/03/22 04:00,On
2026/03/22 04:01,On
2026/03/22 04:20,On
2026/03/22 04:21,On
2026/03/22 04:40,On
2026/03/22 04:41,On
2026/03/22 05:00,On
2026/03/22 05:01,On
2026/03/22 05:20,On
2026/03/22 05:21,On
2026/03/22 05:40,On
2026/03/22 05:41,On
2026/03/22 06:00,On
2026/03/22 06:01,On
2026/03/22 06:20,On
2026/03/22 06:21,On
2026/03/22 06:40,On
2026/03/22 06:41,On
2026/03/22 07:00,On
2026/03/22 07:01,On
2026/03/22 07:20,On
2026/03/22 07:21,On
2026/03/22 07:40,On
2026/03/22 07:41,On
2026/03/22 08:00,On
2026/03/22 08:01,On
2026/03/22 08:20,On
2026/03/22 08:21,On
2026/03/22 08:40,On
2026/03/22 08:41,On
2026/03/22 09:00,On
2026/03/22 09:01,On
2026/03/22 09:20,On
2026/03/22 09:21,On
2026/03/22 09:40,On
2026/03/22 09:41,On
2026/03/22 10:00,On
2026/03/22 10:01,On
2026/03/22 10:20,On
2026/03/22 10:21,On
2026/03/22 10:40,On
2026/03/22 10:41,On
2026/03/22 11:00,On
2026/03/22 11:01,On
2026/03/22 11:20,On
2026/03/22 11:21,On
2026/03/22 11:40,On
2026/03/22 11:41,On
2026/03/22 12:00,On
2026/03/22 12:01,On
2026/03/22 12:20,On
2026/03/22 12:21,On
2026/03/22 12:40,On
2026/03/22 12:41,On
2026/03/22 13:00,On
2026/03/22 13:01,On
2026/03/22 13:20,On
2026/03/22 13:21,On
2026/03/22 13:40,On
2026/03/22 13:41,On
2026/03/22 14:00,On
2026/03/22 14:01,On
2026/03/22 14:20,On
2026/03/22 14:21,On
2026/03/22 14:40,On
2026/03/22 14:41,On
2026/03/22 15:00,On
2026/03/22 15:01,On
2026/03/22 15:20,On
2026/03/22 15:21,On
2026/03/22 15:40,On
2026/03/22 15:41,On
2026/03/22 16:00,On
2026/03/22 16:01,On
2026/03/22 16:20,On
2026/03/22 16:21,On
2026/03/22 16:40,On
2026/03/22 16:41,On
2026/03/22 17:00,On
2026/03/22 17:01,On
2026/03/22 17:20,On
2026/03/22 17:21,On
2026/03/22 17:40,On
2026/03/22 17:41,On
2026/03/22 18:00,On
2026/03/22 18:01,On
2026/03/22 18:20,On
2026/03/22 18:21,On
2026/03/22 18:40,On
2026/03/22 18:41,On
2026/03/22 19:00,On
2026/03/22 19:01,On
2026/03/22 19:20,On
2026/03/22 19:21,On
2026/03/22 19:40,On
2026/03/22 19:41,On
2026/03/22 20:00,On
2026/03/22 20:01,On
2026/03/22 20:20,On
2026/03/22 20:21,On
2026/03/22 20:40,On
2026/03/22 20:41,On
2026/03/22 21:00,On
2026/03/22 21:01,On
2026/03/22 21:20,On
2026/03/22 21:21,On
2026/03/22 21:40,On
2026/03/22 21:41,On
2026/03/22 22:00,On
2026/03/22 22:01,On
2026/03/22 22:20,On
2026/03/22 22:21,On
2026/03/22 22:40,On
2026/03/22 22:41,On
2026/03/22 23:00,On
2026/03/22 23:01,On
2026/03/22 23:20,On
2026/03/22 23:21,On
2026/03/22 23:40,On
2026/03/22 23:41,On
2026/03/23 00:00,On
2026/03/23 00:01,On
2026/03/23 00:20,On
2026/03/23 00:21,On
2026/03/23 00:40,On
2026/03/23 00:41,On
2026/03/23 01:00,On
2026/03/23 01:01,On
2026/03/23 01:20,On
2026/03/23 01:21,On
2026/03/23 01:40,On
2026/03/23 01:41,On
2026/03/23 02:00,On
2026/03/23 02:01,On
2026/03/23 02:20,On
2026/03/23 02:21,On
2026/03/23 02:40,On
2026/03/23 02:41,On
2026/03/23 03:00,On
2026/03/23 03:01,On
2026/03/23 03:20,On
2026/03/23 03:21,On
2026/03/23 03:40,On
2026/03/23 03:41,On
2026/03/23 04:00,On
2026/03/23 04:01,On
2026/03/23 04:20,On
2026/03/23 04:21,On
2026/03/23 04:40,On
2026/03/23 04:41,On
2026/03/23 05:00,On
2026/03/23 05:01,On
2026/03/23 05:20,On
2026/03/23 05:21,On
2026/03/23 05:40,On
2026/03/23 05:41,On
2026/03/23 06:00,On
2026/03/23 06:01,On
2026/03/23 06:20,On
2026/03/23 06:21,On
2026/03/23 06:40,On
2026/03/23 06:41,On
2026/03/23 07:00,On
2026/03/23 07:01,On
2026/03/23 07:20,On
2026/03/23 07:21,On
2026/03/23 07:40,On
2026/03/23 07:41,On
2026/03/23 08:00,On
2026/03/23 08:01,On
2026/03/23 08:20,On
2026/03/23 08:21,On
2026/03/23 08:40,On
2026/03/23 08:41,On
2026/03/23 09:00,On
2026/03/23 09:01,On
2026/03/23 09:20,On
2026/03/23 09:21,On
2026/03/23 09:40,On
2026/03/23 09:41,On
2026/03/23 10:00,On
2026/03/23 10:01,On
2026/03/23 10:20,On
2026/03/23 10:21,On
2026/03/23 10:40,On
2026/03/23 10:41,On
2026/03/23 11:00,On
2026/03/23 11:01,On
2026/03/23 11:20,On
2026/03/23 11:21,On
2026/03/23 11:40,On
2026/03/23 11:41,On
2026/03/23 12:00,On
2026/03/23 12:01,On
2026/03/23 12:20,On
2026/03/23 12:21,On
2026/03/23 12:40,On
2026/03/23 12:41,On
2026/03/23 13:00,On
2026/03/23 13:01,On
2026/03/23 13:20,On
2026/03/23 13:21,On
2026/03/23 13:40,On
2026/03/23 13:41,On
2026/03/23 14:00,On
2026/03/23 14:01,On
2026/03/23 14:20,On
2026/03/23 14:21,On
2026/03/23 14:40,On
2026/03/23 14:41,On
2026/03/23 15:00,On
2026/03/23 15:01,On
2026/03/23 15:20,On
2026/03/23 15:21,On
2026/03/23 15:40,On
2026/03/23 15:41,On
2026/03/23 16:00,On
2026/03/23 16:01,On
2026/03/23 16:20,On
2026/03/23 16:21,On
2026/03/23 16:40,On
2026/03/23 16:41,On
2026/03/23 17:00,On
2026/03/23 17:01,On
2026/03/23 17:20,On
2026/03/23 17:21,On
2026/03/23 17:40,On
2026/03/23 17:41,On
2026/03/23 18:00,On
2026/03/23 18:01,On
2026/03/23 18:20,On
2026/03/23 18:21,On
2026/03/23 18:40,On
2026/03/23 18:41,On
2026/03/23 19:00,On
2026/03/23 19:01,On
2026/03/23 19:20,On
2026/03/23 19:21,On
2026/03/23 19:40,On
2026/03/23 19:41,On
2026/03/23 20:00,On
2026/03/23 20:01,On
2026/03/23 20:20,On
2026/03/23 20:21,On
2026/03/23 20:40,On
2026/03/23 20:41,On
2026/03/23 21:00,On
2026/03/23 21:01,On
2026/03/23 21:20,On
2026/03/23 21:21,On
2026/03/23 21:41,On
2026/03/23 22:00,On
2026/03/23 22:01,On
2026/03/23 22:20,On
2026/03/23 22:21,On
2026/03/23 22:40,On
2026/03/23 22:41,On
2026/03/23 23:00,On
2026/03/23 23:01,On
2026/03/23 23:20,On
2026/03/23 23:21,On
2026/03/23 23:40,On
2026/03/23 23:41,On
2026/03/24 00:00,On
2026/03/24 00:01,On
2026/03/24 00:20,On
2026/03/24 00:21,On
2026/03/24 00:40,On
2026/03/24 00:41,On
2026/03/24 01:00,On
2026/03/24 01:01,On
2026/03/24 01:20,On
2026/03/24 01:21,On
2026/03/24 01:40,On
2026/03/24 01:41,On
2026/03/24 02:00,On
2026/03/24 02:01,On
2026/03/24 02:20,On
2026/03/24 02:21,On
2026/03/24 02:40,On
2026/03/24 02:41,On
2026/03/24 03:00,On
2026/03/24 03:01,On
2026/03/24 03:20,On
2026/03/24 03:21,On
2026/03/24 03:40,On
2026/03/24 03:41,On
2026/03/24 04:00,On
2026/03/24 04:01,On
2026/03/24 04:20,On
2026/03/24 04:21,On
2026/03/24 04:40,On
2026/03/24 04:41,On
2026/03/24 05:00,On
2026/03/24 05:01,On
2026/03/24 05:20,On
2026/03/24 05:21,On
2026/03/24 05:40,On
2026/03/24 05:41,On
2026/03/24 06:00,On
2026/03/24 06:01,On
2026/03/24 06:20,On
2026/03/24 06:21,On
2026/03/24 06:40,On
2026/03/24 06:41,On
2026/03/24 07:00,On
2026/03/24 07:01,On
2026/03/24 07:20,On
2026/03/24 07:21,On
2026/03/24 07:40,On
2026/03/24 07:41,On
2026/03/24 08:00,On
2026/03/24 08:01,On
2026/03/24 08:20,On
2026/03/24 08:21,On
2026/03/24 08:40,On
2026/03/24 08:41,On
2026/03/24 09:00,On
2026/03/24 09:01,On
2026/03/24 09:20,On
2026/03/24 09:21,On
2026/03/24 09:40,On
2026/03/24 09:41,On
2026/03/24 10:00,On
2026/03/24 10:01,On
2026/03/24 10:20,On
2026/03/24 10:21,On
2026/03/24 10:40,On
2026/03/24 10:41,On
2026/03/24 11:00,On
2026/03/24 11:01,On
2026/03/24 11:20,On
2026/03/24 11:21,On
2026/03/24 11:40,On
2026/03/24 11:41,On
2026/03/24 12:00,On
2026/03/24 12:01,On
2026/03/24 12:20,On
2026/03/24 12:21,On
2026/03/24 12:40,On
2026/03/24 12:41,On
2026/03/24 13:00,On
2026/03/24 13:01,On
2026/03/24 13:20,On
2026/03/24 13:21,On
2026/03/24 13:40,On
2026/03/24 13:41,On
2026/03/24 14:00,On
2026/03/24 14:01,On
2026/03/24 14:20,On
2026/03/24 14:21,On
2026/03/24 14:40,On
2026/03/24 14:41,On
2026/03/24 15:00,On
2026/03/24 15:01,On
2026/03/24 15:20,On
2026/03/24 15:21,On
2026/03/24 15:40,On
2026/03/24 15:41,On
2026/03/24 16:00,On
2026/03/24 16:01,On
2026/03/24 16:20,On
2026/03/24 16:21,On
2026/03/24 16:40,On
2026/03/24 16:41,On
2026/03/24 17:00,On
2026/03/24 17:01,On
2026/03/24 17:20,On
2026/03/24 17:21,On
2026/03/24 17:40,On
2026/03/24 17:41,On
2026/03/24 18:00,On
2026/03/24 18:01,On
2026/03/24 18:20,On
2026/03/24 18:21,On
2026/03/24 18:40,On
2026/03/24 18:41,On
2026/03/24 19:00,On
2026/03/24 19:01,On
2026/03/24 19:20,On
2026/03/24 19:21,On
2026/03/24 19:40,On
2026/03/24 19:41,On
2026/03/24 20:00,On
2026/03/24 20:01,On
2026/03/24 20:20,On
2026/03/24 20:21,On
2026/03/24 20:40,On
2026/03/24 20:41,On
2026/03/24 21:00,On
2026/03/24 21:01,On
2026/03/24 21:20,On
2026/03/24 21:21,On
2026/03/24 21:40,On
2026/03/24 21:41,On
2026/03/24 22:00,On
2026/03/24 22:01,On
2026/03/24 22:20,On
2026/03/24 22:21,On
2026/03/24 22:40,On
2026/03/24 22:41,On
2026/03/24 23:00,On
2026/03/24 23:01,On
2026/03/24 23:20,On
2026/03/24 23:21,On
2026/03/24 23:40,On
2026/03/24 23:41,On
2026/03/25 00:00,On
2026/03/25 00:01,On
2026/03/25 00:20,On
2026/03/25 00:21,On
2026/03/25 00:40,On
2026/03/25 00:41,On
2026/03/25 01:00,On
2026/03/25 01:01,On
2026/03/25 01:20,On
2026/03/25 01:21,On
2026/03/25 01:40,On
2026/03/25 01:41,On
2026/03/25 02:00,On
2026/03/25 02:01,On
2026/03/25 02:20,On
2026/03/25 02:21,On
2026/03/25 02:40,On
2026/03/25 02:41,On
2026/03/25 03:00,On
2026/03/25 03:01,On
2026/03/25 03:20,On
2026/03/25 03:21,On
2026/03/25 03:40,On
2026/03/25 03:41,On
2026/03/25 04:00,On
2026/03/25 04:01,On
2026/03/25 04:20,On
2026/03/25 04:21,On
2026/03/25 04:40,On
2026/03/25 04:41,On
2026/03/25 05:00,On
2026/03/25 05:01,On
2026/03/25 05:20,On
2026/03/25 05:21,On
2026/03/25 05:40,On
2026/03/25 05:41,On
2026/03/25 06:00,On
2026/03/25 06:01,On
2026/03/25 06:20,On
2026/03/25 06:21,On
2026/03/25 06:40,On
2026/03/25 06:41,On
2026/03/25 07:00,On
2026/03/25 07:01,On
2026/03/25 07:20,On
2026/03/25 07:21,On
2026/03/25 07:40,On
2026/03/25 07:41,On
2026/03/25 08:00,On
2026/03/25 08:01,On
2026/03/25 08:20,On
2026/03/25 08:21,On
2026/03/25 08:40,On
2026/03/25 08:41,On
2026/03/25 09:00,On
2026/03/25 09:01,On
2026/03/25 09:20,On
2026/03/25 09:21,On
2026/03/25 09:40,On
2026/03/25 09:41,On
2026/03/25 10:00,On
2026/03/25 10:01,On
2026/03/25 10:20,On
2026/03/25 10:21,On
2026/03/25 10:40,On
2026/03/25 10:41,On
2026/03/25 11:00,On
2026/03/25 11:01,On
2026/03/25 11:20,On
2026/03/25 11:21,On
2026/03/25 11:40,On
2026/03/25 11:41,On
2026/03/25 12:00,On
2026/03/25 12:01,On
2026/03/25 12:20,On
2026/03/25 12:21,On
2026/03/25 12:40,On
2026/03/25 12:41,On
2026/03/25 13:00,On
2026/03/25 13:01,On
2026/03/25 13:20,On
2026/03/25 13:21,On
2026/03/25 13:40,On
2026/03/25 13:41,On
2026/03/25 14:00,On
2026/03/25 14:01,On
2026/03/25 14:20,On
2026/03/25 14:21,On
2026/03/25 14:40,On
2026/03/25 14:41,On
2026/03/26 09:20,On
2026/03/26 09:21,On
2026/03/26 09:40,On
2026/03/26 09:41,On
2026/03/26 10:00,On
2026/03/26 10:01,On
2026/03/26 10:20,On
2026/03/26 10:21,On
2026/03/26 10:40,On
2026/03/26 10:41,On
2026/03/26 11:00,On
2026/03/26 11:01,On
2026/03/26 11:20,On
2026/03/26 11:21,On
2026/03/26 11:40,On
2026/03/26 11:41,On
2026/03/26 12:00,On
2026/03/26 12:01,On
2026/03/26 12:20,On
2026/03/26 12:21,On
2026/03/26 12:40,On
2026/03/26 12:41,On
2026/03/26 13:00,On
2026/03/26 13:01,On
2026/03/26 13:20,On
2026/03/26 13:21,On
2026/03/26 13:40,On
2026/03/26 13:41,On
2026/03/26 14:00,On
2026/03/26 14:01,On
2026/03/26 14:20,On
2026/03/26 14:21,On
2026/03/26 14:40,On
2026/03/26 14:41,On
2026/03/26 15:40,On
2026/03/26 15:41,On
2026/03/26 16:00,On
2026/03/26 16:01,On
2026/03/26 16:20,On
2026/03/26 16:21,On
2026/03/26 16:40,On
2026/03/26 16:41,On
2026/03/26 17:00,On
2026/03/26 17:01,On
2026/03/26 17:20,On
2026/03/26 17:21,On
2026/03/26 17:40,On
2026/03/26 17:41,On
2026/03/26 18:00,On
2026/03/26 18:01,On
2026/03/26 18:20,On
2026/03/26 18:21,On
2026/03/26 18:40,On
2026/03/26 18:41,On
2026/03/26 19:00,On
2026/03/26 19:01,On
2026/03/26 19:20,On
2026/03/26 19:21,On
2026/03/26 19:40,On
2026/03/26 19:41,On
2026/03/26 20:00,On
2026/03/26 20:01,On
2026/03/26 20:20,On
2026/03/26 20:21,On
2026/03/26 20:40,On
2026/03/26 20:41,On
2026/03/26 21:00,On
2026/03/26 21:01,On
2026/03/26 21:20,On
2026/03/26 21:21,On
2026/03/26 21:40,On
2026/03/26 21:41,On
2026/03/26 22:00,On
2026/03/26 22:01,On
2026/03/26 22:20,On
2026/03/26 22:21,On
2026/03/26 22:40,On
2026/03/26 22:41,On
2026/03/26 23:00,On
2026/03/26 23:01,On
2026/03/26 23:20,On
2026/03/26 23:21,On
2026/03/26 23:40,On
2026/03/26 23:41,On
2026/03/27 00:00,On
2026/03/27 00:01,On
2026/03/27 00:20,On
2026/03/27 00:21,On
2026/03/27 00:40,On
2026/03/27 00:41,On
2026/03/27 01:00,On
2026/03/27 01:01,On
2026/03/27 01:20,On
2026/03/27 01:21,On
2026/03/27 01:40,On
2026/03/27 01:41,On
2026/03/27 02:00,On
2026/03/27 02:01,On
2026/03/27 02:20,On
2026/03/27 02:21,On
2026/03/27 02:40,On
2026/03/27 02:41,On
2026/03/27 03:00,On
2026/03/27 03:01,On
2026/03/27 03:20,On
2026/03/27 03:21,On
2026/03/27 03:40,On
2026/03/27 03:41,On
2026/03/27 04:00,On
2026/03/27 04:01,On
2026/03/27 04:20,On
2026/03/27 04:21,On
2026/03/27 04:40,On
2026/03/27 04:41,On
2026/03/27 05:00,On
2026/03/27 05:01,On
2026/03/27 05:20,On
2026/03/27 05:21,On
2026/03/27 05:40,On
2026/03/27 05:41,On
2026/03/27 06:00,On
2026/03/27 06:01,On
2026/03/27 06:20,On
2026/03/27 06:21,On
2026/03/27 06:40,On
2026/03/27 06:41,On
2026/03/27 07:00,On
2026/03/27 07:01,On
2026/03/27 07:20,On
2026/03/27 07:21,On
2026/03/27 07:40,On
2026/03/27 07:41,On
2026/03/27 08:00,On
2026/03/27 08:01,On
2026/03/27 08:20,On
2026/03/27 08:21,On
2026/03/27 08:40,On
2026/03/27 08:41,On
2026/03/27 09:00,On
2026/03/27 09:01,On
2026/03/27 09:20,On
2026/03/27 09:21,On
2026/03/27 09:40,On
2026/03/27 09:41,On
2026/03/27 10:00,On
2026/03/27 10:01,On
2026/03/27 10:20,On
2026/03/27 10:20,On
2026/03/27 10:21,On
2026/03/27 10:22,On
2026/03/27 10:40,On
2026/03/27 10:41,On
2026/03/27 10:42,On
2026/03/27 11:00,On
2026/03/27 11:01,On
2026/03/27 11:02,On
2026/03/27 11:20,On
2026/03/27 11:21,On
2026/03/27 11:22,On
2026/03/27 11:40,On
2026/03/27 11:41,On
2026/03/27 11:42,On
2026/03/27 12:00,On
2026/03/27 12:01,On
2026/03/27 12:02,On
2026/03/27 12:20,On
2026/03/27 12:21,On
2026/03/27 12:22,On
2026/03/27 12:40,On
2026/03/27 12:41,On
2026/03/27 12:42,On
2026/03/27 13:00,On
2026/03/27 13:01,On
2026/03/27 13:02,On
2026/03/27 13:20,On
2026/03/27 13:21,On
2026/03/27 13:22,On
2026/03/27 13:40,On
2026/03/27 13:41,On
2026/03/27 13:42,On
2026/03/27 14:00,On
2026/03/27 14:01,On
2026/03/27 14:02,On
2026/03/27 14:20,On
2026/03/27 14:21,On
2026/03/27 14:22,On
2026/03/27 14:40,On
2026/03/27 14:41,On
2026/03/27 14:42,On
2026/03/27 15:00,On
2026/03/27 15:01,On
2026/03/27 15:02,On
2026/03/27 15:20,On
2026/03/27 15:21,On
2026/03/27 15:22,On
2026/03/27 15:40,On
2026/03/27 15:41,On
2026/03/27 15:42,On
2026/03/27 16:00,On
2026/03/27 16:01,On
2026/03/27 16:02,On
2026/03/27 16:20,On
2026/03/27 16:21,On
2026/03/27 16:22,On
2026/03/27 16:40,On
2026/03/27 16:41,On
2026/03/27 16:42,On
2026/03/27 17:20,On
2026/03/27 17:21,On
2026/03/27 17:22,On
2026/03/27 17:40,On
2026/03/27 17:41,On
2026/03/27 17:42,On
2026/03/27 18:00,On
2026/03/27 18:01,On
2026/03/27 18:02,On
2026/03/27 18:20,On
2026/03/27 18:21,On
2026/03/27 18:22,On
2026/03/27 18:40,On
2026/03/27 18:41,On
2026/03/27 18:42,On
2026/03/27 19:00,On
2026/03/27 19:01,On
2026/03/27 19:02,On
2026/03/27 19:20,On
2026/03/27 19:21,On
2026/03/27 19:22,On
2026/03/27 19:40,On
2026/03/27 19:41,On
2026/03/27 19:42,On
2026/03/27 20:00,On
2026/03/27 20:01,On
2026/03/27 20:02,On
2026/03/27 20:20,On
2026/03/27 20:21,On
2026/03/27 20:22,On
2026/03/27 20:40,On
2026/03/27 20:41,On
2026/03/27 20:42,On
2026/03/27 21:00,On
2026/03/27 21:01,On
2026/03/27 21:02,On
2026/03/27 21:20,On
2026/03/27 21:21,On
2026/03/27 21:22,On
2026/03/27 21:40,On
2026/03/27 21:41,On
2026/03/27 21:42,On
2026/03/27 22:00,On
2026/03/27 22:01,On
2026/03/27 22:02,On
2026/03/27 22:20,On
2026/03/27 22:21,On
2026/03/27 22:22,On
2026/03/27 22:40,On
2026/03/27 22:41,On
2026/03/27 22:42,On
2026/03/27 23:00,On
2026/03/27 23:01,On
2026/03/27 23:02,On
2026/03/27 23:20,On
2026/03/27 23:21,On
2026/03/27 23:22,On
2026/03/27 23:40,On
2026/03/27 23:41,On
2026/03/27 23:42,On
2026/03/28 00:00,On
2026/03/28 00:01,On
2026/03/28 00:02,On
2026/03/28 00:20,On
2026/03/28 00:21,On
2026/03/28 00:22,On
2026/03/28 00:40,On
2026/03/28 00:41,On
2026/03/28 00:42,On
2026/03/28 01:00,On
2026/03/28 01:01,On
2026/03/28 01:02,On
2026/03/28 01:20,On
2026/03/28 01:21,On
2026/03/28 01:22,On
2026/03/28 01:40,On
2026/03/28 01:41,On
2026/03/28 01:42,On
2026/03/28 02:00,On
2026/03/28 02:01,On
2026/03/28 02:02,On
2026/03/28 02:20,On
2026/03/28 02:21,On
2026/03/28 02:22,On
2026/03/28 02:40,On
2026/03/28 02:41,On
2026/03/28 02:42,On
2026/03/28 03:00,On
2026/03/28 03:01,On
2026/03/28 03:02,On
2026/03/28 03:20,On
2026/03/28 03:21,On
2026/03/28 03:22,On
2026/03/28 03:40,On
2026/03/28 03:41,On
2026/03/28 03:42,On
2026/03/28 04:00,On
2026/03/28 04:01,On
2026/03/28 04:02,On
2026/03/28 04:20,On
2026/03/28 04:21,On
2026/03/28 04:22,On
2026/03/28 04:40,On
2026/03/28 04:41,On
2026/03/28 04:42,On
2026/03/28 05:00,On
2026/03/28 05:01,On
2026/03/28 05:02,On
2026/03/28 05:20,On
2026/03/28 05:21,On
2026/03/28 05:22,On
2026/03/28 05:40,On
2026/03/28 05:41,On
2026/03/28 05:42,On
2026/03/28 06:00,On
2026/03/28 06:01,On
2026/03/28 06:02,On
2026/03/28 06:20,On
2026/03/28 06:21,On
2026/03/28 06:22,On
2026/03/28 06:40,On
2026/03/28 06:41,On
2026/03/28 06:42,On
2026/03/28 07:00,On
2026/03/28 07:01,On
2026/03/28 07:02,On
2026/03/28 07:20,On
2026/03/28 07:21,On
2026/03/28 07:22,On
2026/03/28 07:40,On
2026/03/28 07:41,On
2026/03/28 07:42,On
2026/03/28 08:00,On
2026/03/28 08:01,On
2026/03/28 08:02,On
2026/03/28 08:20,On
2026/03/28 08:21,On
2026/03/28 08:22,On
2026/03/28 08:40,On
2026/03/28 08:41,On
2026/03/28 08:42,On
2026/03/28 09:00,On
2026/03/28 09:01,On
2026/03/28 09:02,On
2026/03/28 09:20,On
2026/03/28 09:21,On
2026/03/28 09:22,On
2026/03/28 09:40,On
2026/03/28 09:41,On
2026/03/28 09:42,On
2026/03/28 10:00,On
2026/03/28 10:01,On
2026/03/28 10:02,On
2026/03/28 10:20,On
2026/03/28 10:21,On
2026/03/28 10:22,On
2026/03/28 10:40,On
2026/03/28 10:41,On
2026/03/28 10:42,On
2026/03/28 11:00,On
2026/03/28 11:01,On
2026/03/28 11:02,On
2026/03/28 11:20,On
2026/03/28 11:21,On
2026/03/28 11:22,On
2026/03/28 11:40,On
2026/03/28 11:41,On
2026/03/28 11:42,On
2026/03/28 12:00,On
2026/03/28 12:01,On
2026/03/28 12:02,On
2026/03/28 12:20,On
2026/03/28 12:21,On
2026/03/28 12:22,On
2026/03/28 12:40,On
2026/03/28 12:41,On
2026/03/28 12:42,On
2026/03/28 13:00,On
2026/03/28 13:01,On
2026/03/28 13:02,On
2026/03/28 13:20,On
2026/03/28 13:21,On
2026/03/28 13:22,On
2026/03/28 13:40,On
2026/03/28 13:41,On
2026/03/28 13:42,On
2026/03/28 14:00,On
2026/03/28 14:01,On
2026/03/28 14:02,On
2026/03/28 14:20,On
2026/03/28 14:21,On
2026/03/28 14:22,On
2026/03/28 14:40,On
2026/03/28 14:41,On
2026/03/28 14:42,On
2026/03/28 15:00,On
2026/03/28 15:01,On
2026/03/28 15:02,On
2026/03/28 15:20,On
2026/03/28 15:21,On
2026/03/28 15:22,On
2026/03/28 15:40,On
2026/03/28 15:41,On
2026/03/28 15:42,On
2026/03/28 16:00,On
2026/03/28 16:01,On
2026/03/28 16:02,On
2026/03/28 16:20,On
2026/03/28 16:21,On
2026/03/28 16:22,On
2026/03/28 16:40,On
2026/03/28 16:41,On
2026/03/28 16:42,On
2026/03/28 17:00,On
2026/03/28 17:01,On
2026/03/28 17:02,On
2026/03/28 17:20,On
2026/03/28 17:21,On
2026/03/28 17:22,On
2026/03/28 17:40,On
2026/03/28 17:41,On
2026/03/28 17:42,On
2026/03/28 18:00,On
2026/03/28 18:01,On
2026/03/28 18:02,On
2026/03/28 18:20,On
2026/03/28 18:21,On
2026/03/28 18:22,On
2026/03/28 18:40,On
2026/03/28 18:41,On
2026/03/28 18:42,On
2026/03/28 19:00,On
2026/03/28 19:01,On
2026/03/28 19:02,On
2026/03/28 19:20,On
2026/03/28 19:21,On
2026/03/28 19:22,On
2026/03/28 19:40,On
2026/03/28 19:41,On
2026/03/28 19:42,On
2026/03/28 20:00,On
2026/03/28 20:01,On
2026/03/28 20:02,On
2026/03/28 20:20,On
2026/03/28 20:21,On
2026/03/28 20:22,On
2026/03/28 20:40,On
2026/03/28 20:41,On
2026/03/28 20:42,On
2026/03/28 21:00,On
2026/03/28 21:01,On
2026/03/28 21:02,On
2026/03/28 21:20,On
2026/03/28 21:21,On
2026/03/28 21:22,On
2026/03/28 21:40,On
2026/03/28 21:41,On
2026/03/28 21:42,On
2026/03/28 22:00,On
2026/03/28 22:01,On
2026/03/28 22:02,On
2026/03/28 22:20,On
2026/03/28 22:21,On
2026/03/28 22:22,On
2026/03/28 22:40,On
2026/03/28 22:41,On
2026/03/28 22:42,On
2026/03/28 23:00,On
2026/03/28 23:01,On
2026/03/28 23:02,On
2026/03/28 23:20,On
2026/03/28 23:21,On
2026/03/28 23:22,On
2026/03/28 23:40,On
2026/03/28 23:41,On
2026/03/28 23:42,On
2026/03/29 00:00,On
2026/03/29 00:01,On
2026/03/29 00:02,On
2026/03/29 00:20,On
2026/03/29 00:21,On
2026/03/29 00:22,On
2026/03/29 00:40,On
2026/03/29 00:41,On
2026/03/29 00:42,On
2026/03/29 01:00,On
2026/03/29 01:01,On
2026/03/29 01:02,On
2026/03/29 01:20,On
2026/03/29 01:21,On
2026/03/29 01:22,On
2026/03/29 01:40,On
2026/03/29 01:41,On
2026/03/29 01:42,On
2026/03/29 02:00,On
2026/03/29 02:01,On
2026/03/29 02:02,On
2026/03/29 02:20,On
2026/03/29 02:21,On
2026/03/29 02:22,On
2026/03/29 02:40,On
2026/03/29 02:41,On
2026/03/29 02:42,On
2026/03/29 03:00,On
2026/03/29 03:01,On
2026/03/29 03:02,On
2026/03/29 03:20,On
2026/03/29 03:21,On
2026/03/29 03:22,On
2026/03/29 03:40,On
2026/03/29 03:41,On
2026/03/29 03:42,On
2026/03/29 04:00,On
2026/03/29 04:01,On
2026/03/29 04:02,On
2026/03/29 04:20,On
2026/03/29 04:21,On
2026/03/29 04:22,On
2026/03/29 04:40,On
2026/03/29 04:41,On
2026/03/29 04:42,On
2026/03/29 05:00,On
2026/03/29 05:01,On
2026/03/29 05:02,On
2026/03/29 05:20,On
2026/03/29 05:21,On
2026/03/29 05:22,On
2026/03/29 05:40,On
2026/03/29 05:41,On
2026/03/29 05:42,On
2026/03/29 06:00,On
2026/03/29 06:01,On
2026/03/29 06:02,On
2026/03/29 06:20,On
2026/03/29 06:21,On
2026/03/29 06:22,On
2026/03/29 06:40,On
2026/03/29 06:41,On
2026/03/29 06:42,On
2026/03/29 07:00,On
2026/03/29 07:01,On
2026/03/29 07:02,On
2026/03/29 07:20,On
2026/03/29 07:21,On
2026/03/29 07:22,On
2026/03/29 07:40,On
2026/03/29 07:41,On
2026/03/29 07:42,On
2026/03/29 08:00,On
2026/03/29 08:01,On
2026/03/29 08:02,On
2026/03/29 08:20,On
2026/03/29 08:21,On
2026/03/29 08:22,On
2026/03/29 08:40,On
2026/03/29 08:41,On
2026/03/29 08:42,On
2026/03/29 09:00,On
2026/03/29 09:01,On
2026/03/29 09:02,On
2026/03/29 09:20,On
2026/03/29 09:21,On
2026/03/29 09:22,On
2026/03/29 09:40,On
2026/03/29 09:41,On
2026/03/29 09:42,On
2026/03/29 10:00,On
2026/03/29 10:01,On
2026/03/29 10:02,On
2026/03/29 10:20,On
2026/03/29 10:21,On
2026/03/29 10:22,On
2026/03/29 10:40,On
2026/03/29 10:41,On
2026/03/29 10:42,On
2026/03/29 11:00,On
2026/03/29 11:01,On
2026/03/29 11:02,On
2026/03/29 11:20,On
2026/03/29 11:21,On
2026/03/29 11:22,On
2026/03/29 11:40,On
2026/03/29 11:41,On
2026/03/29 11:42,On
2026/03/29 12:00,On
2026/03/29 12:01,On
2026/03/29 12:02,On
2026/03/29 12:20,On
2026/03/29 12:21,On
2026/03/29 12:22,On
2026/03/29 12:40,On
2026/03/29 12:41,On
2026/03/29 12:42,On
2026/03/29 13:00,On
2026/03/29 13:01,On
2026/03/29 13:02,On
2026/03/29 13:20,On
2026/03/29 13:21,On
2026/03/29 13:22,On
2026/03/29 13:40,On
2026/03/29 13:41,On
2026/03/29 13:42,On
2026/03/29 14:00,On
2026/03/29 14:01,On
2026/03/29 14:02,On
2026/03/29 14:20,On
2026/03/29 14:21,On
2026/03/29 14:22,On
2026/03/29 14:40,On
2026/03/29 14:41,On
2026/03/29 14:42,On
2026/03/29 15:00,On
2026/03/29 15:01,On
2026/03/29 15:02,On
2026/03/29 15:20,On
2026/03/29 15:21,On
2026/03/29 15:22,On
2026/03/29 15:40,On
2026/03/29 15:41,On
2026/03/29 15:42,On
2026/03/29 16:00,On
2026/03/29 16:01,On
2026/03/29 16:02,On
2026/03/29 16:20,On
2026/03/29 16:21,On
2026/03/29 16:22,On
2026/03/29 16:40,On
2026/03/29 16:41,On
2026/03/29 16:42,On
2026/03/29 17:00,On
2026/03/29 17:01,On
2026/03/29 17:02,On
2026/03/29 17:20,On
2026/03/29 17:21,On
2026/03/29 17:22,On
2026/03/29 17:40,On
2026/03/29 17:41,On
2026/03/29 17:42,On
2026/03/29 18:00,On
2026/03/29 18:01,On
2026/03/29 18:02,On
2026/03/29 18:20,On
2026/03/29 18:21,On
2026/03/29 18:22,On
2026/03/29 18:40,On
2026/03/29 18:41,On
2026/03/29 18:42,On
2026/03/29 19:00,On
2026/03/29 19:01,On
2026/03/29 19:02,On
2026/03/29 19:20,On
2026/03/29 19:21,On
2026/03/29 19:22,On
2026/03/29 19:40,On
2026/03/29 19:41,On
2026/03/29 19:42,On
2026/03/29 20:00,On
2026/03/29 20:01,On
2026/03/29 20:02,On
2026/03/29 20:20,On
2026/03/29 20:21,On
2026/03/29 20:22,On
2026/03/29 20:40,On
2026/03/29 20:41,On
2026/03/29 20:42,On
2026/03/29 21:00,On
2026/03/29 21:01,On
2026/03/29 21:02,On
2026/03/29 21:20,On
2026/03/29 21:21,On
2026/03/29 21:22,On
2026/03/29 21:40,On
2026/03/29 21:41,On
2026/03/29 21:42,On
2026/03/29 22:00,On
2026/03/29 22:01,On
2026/03/29 22:02,On
2026/03/29 22:20,On
2026/03/29 22:21,On
2026/03/29 22:22,On
2026/03/29 22:40,On
2026/03/29 22:41,On
2026/03/29 22:42,On
2026/03/29 23:00,On
2026/03/29 23:01,On
2026/03/29 23:02,On
2026/03/29 23:20,On
2026/03/29 23:21,On
2026/03/29 23:22,On
2026/03/29 23:40,On
2026/03/29 23:41,On
2026/03/29 23:42,On
2026/03/30 00:00,On
2026/03/30 00:01,On
2026/03/30 00:02,On
2026/03/30 00:20,On
2026/03/30 00:21,On
2026/03/30 00:22,On
2026/03/30 00:40,On
2026/03/30 00:41,On
2026/03/30 00:42,On
2026/03/30 01:00,On
2026/03/30 01:01,On
2026/03/30 01:02,On
2026/03/30 01:20,On
2026/03/30 01:21,On
2026/03/30 01:22,On
2026/03/30 01:40,On
2026/03/30 01:41,On
2026/03/30 01:42,On
2026/03/30 02:00,On
2026/03/30 02:01,On
2026/03/30 02:02,On
2026/03/30 02:20,On
2026/03/30 02:21,On
2026/03/30 02:22,On
2026/03/30 02:40,On
2026/03/30 02:41,On
2026/03/30 02:42,On
2026/03/30 03:00,On
2026/03/30 03:01,On
2026/03/30 03:02,On
2026/03/30 03:20,On
2026/03/30 03:21,On
2026/03/30 03:22,On
2026/03/30 03:40,On
2026/03/30 03:41,On
2026/03/30 03:42,On
2026/03/30 04:00,On
2026/03/30 04:01,On
2026/03/30 04:02,On
2026/03/30 04:20,On
2026/03/30 04:21,On
2026/03/30 04:22,On
2026/03/30 04:40,On
2026/03/30 04:41,On
2026/03/30 04:42,On
2026/03/30 05:00,On
2026/03/30 05:01,On
2026/03/30 05:02,On
2026/03/30 05:20,On
2026/03/30 05:21,On
2026/03/30 05:22,On
2026/03/30 05:40,On
2026/03/30 05:41,On
2026/03/30 05:42,On
2026/03/30 06:00,On
2026/03/30 06:01,On
2026/03/30 06:02,On
2026/03/30 06:20,On
2026/03/30 06:21,On
2026/03/30 06:22,On
2026/03/30 06:40,On
2026/03/30 06:41,On
2026/03/30 06:42,On
2026/03/30 07:00,On
2026/03/30 07:01,On
2026/03/30 07:02,On
2026/03/30 07:20,On
2026/03/30 07:21,On
2026/03/30 07:22,On
2026/03/30 07:40,On
2026/03/30 07:41,On
2026/03/30 07:42,On
2026/03/30 08:00,On
2026/03/30 08:01,On
2026/03/30 08:02,On
2026/03/30 08:20,On
2026/03/30 08:21,On
2026/03/30 08:22,On
2026/03/30 08:40,On
2026/03/30 08:41,On
2026/03/30 08:42,On
2026/03/30 09:00,On
2026/03/30 09:01,On
2026/03/30 09:02,On
2026/03/30 09:20,On
2026/03/30 09:21,On
2026/03/30 09:22,On
2026/03/30 09:40,On
2026/03/30 09:41,On
2026/03/30 09:42,On
2026/03/30 10:00,On
2026/03/30 10:01,On
2026/03/30 10:02,On
2026/03/30 10:20,On
2026/03/30 10:21,On
2026/03/30 10:22,On
2026/03/30 10:40,On
2026/03/30 10:41,On
2026/03/30 10:42,On
2026/03/30 11:00,On
2026/03/30 11:01,On
2026/03/30 11:02,On
2026/03/30 11:20,On
2026/03/30 11:21,On
2026/03/30 11:22,On
2026/03/30 11:40,On
2026/03/30 11:41,On
2026/03/30 11:42,On
2026/03/30 12:00,On
2026/03/30 12:01,On
2026/03/30 12:02,On
2026/03/30 12:20,On
2026/03/30 12:21,On
2026/03/30 12:22,On
2026/03/30 12:40,On
2026/03/30 12:41,On
2026/03/30 12:42,On
2026/03/30 13:00,On
2026/03/30 13:01,On
2026/03/30 13:02,On
2026/03/30 13:20,On
2026/03/30 13:21,On
2026/03/30 13:22,On
2026/03/30 13:40,On
2026/03/30 13:41,On
2026/03/30 13:42,On
2026/03/30 14:00,On
2026/03/30 14:01,On
2026/03/30 14:02,On
2026/03/30 14:20,On
2026/03/30 14:21,On
2026/03/30 14:22,On
2026/03/30 14:40,On
2026/03/30 14:41,On
2026/03/30 14:42,On
2026/03/30 15:00,On
2026/03/30 15:01,On
2026/03/30 15:02,On
2026/03/30 15:20,On
2026/03/30 15:21,On
2026/03/30 15:22,On
2026/03/30 15:40,On
2026/03/30 15:41,On
2026/03/30 15:42,On
2026/03/30 16:00,On
2026/03/30 16:01,On
2026/03/30 16:02,On
2026/03/30 16:20,On
2026/03/30 16:21,On
2026/03/30 16:22,On
2026/03/30 16:40,On
2026/03/30 16:41,On
2026/03/30 16:42,On
2026/03/30 17:00,On
2026/03/30 17:01,On
2026/03/30 17:02,On
2026/03/30 17:20,On
2026/03/30 17:21,On
2026/03/30 17:22,On
2026/03/30 17:40,On
2026/03/30 17:41,On
2026/03/30 17:42,On
2026/03/30 18:00,On
2026/03/30 18:01,On
2026/03/30 18:02,On
2026/03/30 18:20,On
2026/03/30 18:21,On
2026/03/30 18:22,On
2026/03/30 18:40,On
2026/03/30 18:41,On
2026/03/30 18:42,On
2026/03/30 19:00,On
2026/03/30 19:01,On
2026/03/30 19:02,On
2026/03/30 19:20,On
2026/03/30 19:21,On
2026/03/30 19:22,On
2026/03/30 19:40,On
2026/03/30 19:41,On
2026/03/30 19:42,On
2026/03/30 20:00,On
2026/03/30 20:01,On
2026/03/30 20:02,On
2026/03/30 20:20,On
2026/03/30 20:21,On
2026/03/30 20:22,On
2026/03/30 20:40,On
2026/03/30 20:41,On
2026/03/30 20:42,On
2026/03/30 21:00,On
2026/03/30 21:01,On
2026/03/30 21:02,On
2026/03/30 21:20,On
2026/03/30 21:21,On
2026/03/30 21:22,On
2026/03/30 21:40,On
2026/03/30 21:41,On
2026/03/30 21:42,On
2026/03/30 22:00,On
2026/03/30 22:01,On
2026/03/30 22:02,On
2026/03/30 22:20,On
2026/03/30 22:21,On
2026/03/30 22:22,On
2026/03/30 22:40,On
2026/03/30 22:41,On
2026/03/30 22:42,On
2026/03/30 23:00,On
2026/03/30 23:01,On
2026/03/30 23:02,On
2026/03/30 23:20,On
2026/03/30 23:21,On
2026/03/30 23:22,On
2026/03/30 23:40,On
2026/03/30 23:41,On
2026/03/30 23:42,On
2026/03/31 00:00,On
2026/03/31 00:01,On
2026/03/31 00:02,On
2026/03/31 00:20,On
2026/03/31 00:21,On
2026/03/31 00:22,On
2026/03/31 00:40,On
2026/03/31 00:41,On
2026/03/31 00:42,On
2026/03/31 01:00,On
2026/03/31 01:01,On
2026/03/31 01:02,On
2026/03/31 01:20,On
2026/03/31 01:21,On
2026/03/31 01:22,On
2026/03/31 01:40,On
2026/03/31 01:41,On
2026/03/31 01:42,On
2026/03/31 02:00,On
2026/03/31 02:01,On
2026/03/31 02:02,On
2026/03/31 02:20,On
2026/03/31 02:21,On
2026/03/31 02:22,On
2026/03/31 02:40,On
2026/03/31 02:41,On
2026/03/31 02:42,On
2026/03/31 03:00,On
2026/03/31 03:01,On
2026/03/31 03:02,On
2026/03/31 03:20,On
2026/03/31 03:21,On
2026/03/31 03:22,On
2026/03/31 03:40,On
2026/03/31 03:41,On
2026/03/31 03:42,On
2026/03/31 04:00,On
2026/03/31 04:01,On
2026/03/31 04:02,On
2026/03/31 04:20,On
2026/03/31 04:21,On
2026/03/31 04:22,On
2026/03/31 04:40,On
2026/03/31 04:41,On
2026/03/31 04:42,On
2026/03/31 05:00,On
2026/03/31 05:01,On
2026/03/31 05:02,On
2026/03/31 05:20,On
2026/03/31 05:21,On
2026/03/31 05:22,On
2026/03/31 05:40,On
2026/03/31 05:41,On
2026/03/31 05:42,On
2026/03/31 06:00,On
2026/03/31 06:01,On
2026/03/31 06:02,On
2026/03/31 06:20,On
2026/03/31 06:21,On
2026/03/31 06:22,On
2026/03/31 06:40,On
2026/03/31 06:41,On
2026/03/31 06:42,On
2026/03/31 07:00,On
2026/03/31 07:01,On
2026/03/31 07:02,On
2026/03/31 07:20,On
2026/03/31 07:21,On
2026/03/31 07:22,On
2026/03/31 07:40,On
2026/03/31 07:41,On
2026/03/31 07:42,On
2026/03/31 08:00,On
2026/03/31 08:01,On
2026/03/31 08:02,On
2026/03/31 08:20,On
2026/03/31 12:00,On
2026/03/31 12:01,On
2026/03/31 12:02,On
2026/03/31 12:20,On
2026/03/31 12:21,On
2026/03/31 12:22,On
2026/03/31 12:40,On
2026/03/31 12:41,On
2026/03/31 12:42,On
2026/03/31 13:00,On
2026/03/31 13:01,On
2026/03/31 13:02,On
2026/03/31 13:20,On
2026/03/31 13:21,On
2026/03/31 13:22,On
2026/03/31 13:40,On
2026/03/31 13:41,On
2026/03/31 13:42,On
2026/03/31 14:00,On
2026/03/31 14:01,On
2026/03/31 14:02,On
2026/03/31 16:00,On
2026/03/31 16:01,On
2026/03/31 16:02,On
2026/03/31 16:40,On
2026/03/31 16:41,On
2026/03/31 16:42,On
2026/03/31 17:00,On
2026/03/31 17:01,On
2026/03/31 17:02,On
2026/03/31 17:20,On
2026/03/31 17:21,On
2026/03/31 17:22,On
2026/03/31 17:40,On
2026/03/31 17:41,On
2026/03/31 17:42,On
2026/03/31 18:00,On
2026/03/31 18:01,On
2026/03/31 18:02,On
2026/03/31 18:20,On
2026/03/31 18:21,On
2026/03/31 18:22,On
2026/03/31 18:40,On
2026/03/31 18:41,On
2026/03/31 18:42,On
2026/03/31 19:00,On
2026/03/31 19:01,On
2026/03/31 19:02,On
2026/03/31 19:20,On
2026/03/31 19:21,On
2026/03/31 19:22,On
2026/03/31 19:40,On
2026/03/31 19:41,On
2026/03/31 19:42,On
2026/03/31 20:00,On
2026/03/31 20:01,On
2026/03/31 20:02,On
2026/03/31 20:20,On
2026/03/31 20:21,On
2026/03/31 20:22,On
2026/03/31 20:40,On
2026/03/31 20:41,On
2026/03/31 20:42,On
2026/03/31 21:00,On
2026/03/31 21:01,On
2026/03/31 21:02,On
2026/03/31 21:20,On
2026/03/31 21:21,On
2026/03/31 21:22,On
2026/03/31 21:40,On
2026/03/31 21:41,On
2026/03/31 21:42,On
2026/03/31 22:00,On
2026/03/31 22:01,On
2026/03/31 22:02,On
2026/03/31 22:20,On
2026/03/31 22:21,On
2026/03/31 22:22,On
2026/03/31 22:40,On
2026/03/31 22:41,On
2026/03/31 22:42,On
2026/03/31 23:00,On
2026/03/31 23:01,On
2026/03/31 23:02,On
2026/03/31 23:20,On
2026/03/31 23:21,On
2026/03/31 23:22,On
2026/03/31 23:40,On
2026/03/31 23:41,On
2026/03/31 23:42,On
2026/04/01 00:00,On
2026/04/01 00:01,On
2026/04/01 00:02,On
2026/04/01 00:20,On
2026/04/01 00:21,On
2026/04/01 00:22,On
2026/04/01 00:40,On
2026/04/01 00:41,On
2026/04/01 00:42,On
2026/04/01 01:00,On
2026/04/01 01:01,On
2026/04/01 01:02,On
2026/04/01 01:20,On
2026/04/01 01:21,On
2026/04/01 01:22,On
2026/04/01 01:40,On
2026/04/01 01:41,On
2026/04/01 01:42,On
2026/04/01 02:00,On
2026/04/01 02:01,On
2026/04/01 02:02,On
2026/04/01 02:20,On
2026/04/01 02:21,On
2026/04/01 02:22,On
2026/04/01 02:40,On
2026/04/01 02:41,On
2026/04/01 02:42,On
2026/04/01 03:00,On
2026/04/01 03:01,On
2026/04/01 03:02,On
2026/04/01 03:20,On
2026/04/01 03:21,On
2026/04/01 03:22,On
2026/04/01 03:40,On
2026/04/01 03:41,On
2026/04/01 03:42,On
2026/04/01 04:00,On
2026/04/01 04:01,On
2026/04/01 04:02,On
2026/04/01 04:20,On
2026/04/01 04:21,On
2026/04/01 04:22,On
2026/04/01 04:40,On
2026/04/01 04:41,On
2026/04/01 04:42,On
2026/04/01 05:00,On
2026/04/01 05:01,On
2026/04/01 05:02,On
2026/04/01 05:20,On
2026/04/01 05:21,On
2026/04/01 05:22,On
2026/04/01 05:40,On
2026/04/01 05:41,On
2026/04/01 05:42,On
2026/04/01 06:00,On
2026/04/01 06:01,On
2026/04/01 06:02,On
2026/04/01 06:20,On
2026/04/01 06:21,On
2026/04/01 06:22,On
2026/04/01 06:40,On
2026/04/01 06:41,On
2026/04/01 06:42,On
2026/04/01 07:00,On
2026/04/01 07:01,On
2026/04/01 07:02,On
2026/04/01 07:20,On
2026/04/01 07:21,On
2026/04/01 07:22,On
2026/04/01 07:40,On
2026/04/01 07:41,On
2026/04/01 07:42,On
2026/04/01 08:00,On
2026/04/01 08:01,On
2026/04/01 08:02,On
2026/04/01 08:20,On
2026/04/01 08:21,On
2026/04/01 08:22,On
2026/04/01 08:40,On
2026/04/01 08:41,On
2026/04/01 08:42,On
2026/04/01 09:00,On
2026/04/01 09:01,On
2026/04/01 09:02,On
2026/04/01 09:20,On
2026/04/01 09:21,On
2026/04/01 09:22,On
2026/04/01 09:40,On
2026/04/01 09:41,On
2026/04/01 09:42,On
2026/04/01 10:00,On
2026/04/01 10:01,On
2026/04/01 10:02,On
2026/04/01 10:20,On
2026/04/01 10:21,On
2026/04/01 10:22,On
2026/04/01 10:40,On
2026/04/01 10:41,On
2026/04/01 10:42,On
2026/04/01 11:00,On
2026/04/01 11:01,On
2026/04/01 11:02,On
2026/04/01 11:20,On
2026/04/01 11:21,On
2026/04/01 11:22,On
2026/04/01 11:40,On
2026/04/01 11:41,On
2026/04/01 11:42,On
2026/04/01 12:00,On
2026/04/01 12:01,On
2026/04/01 12:02,On
2026/04/01 12:20,On
2026/04/01 12:21,On
2026/04/01 12:22,On
2026/04/01 12:40,On
2026/04/01 12:41,On
2026/04/01 12:42,On
2026/04/01 13:00,On
2026/04/01 13:01,On
2026/04/01 13:02,On
2026/04/01 13:20,On
2026/04/01 13:21,On
2026/04/01 13:22,On
2026/04/01 13:40,On
2026/04/01 13:41,On
2026/04/01 13:42,On
2026/04/01 14:00,On
2026/04/01 14:01,On
2026/04/01 14:02,On
2026/04/01 14:20,On
2026/04/01 14:21,On
2026/04/01 14:22,On
2026/04/01 14:40,On
2026/04/01 14:41,On
2026/04/01 14:42,On
2026/04/01 15:00,On
2026/04/01 15:01,On
2026/04/01 15:02,On
2026/04/01 15:20,On
2026/04/01 15:21,On
2026/04/01 15:22,On
2026/04/01 15:40,On
2026/04/01 15:41,On
2026/04/01 15:42,On
2026/04/01 16:00,On
2026/04/01 16:01,On
2026/04/01 16:02,On
2026/04/01 16:20,On
2026/04/01 16:21,On
2026/04/01 16:22,On
2026/04/01 16:40,On
2026/04/01 16:41,On
2026/04/01 16:42,On
2026/04/01 17:00,On
2026/04/01 17:01,On
2026/04/01 17:02,On
2026/04/01 17:20,On
2026/04/01 17:21,On
2026/04/01 17:22,On
2026/04/01 17:40,On
2026/04/01 17:41,On
2026/04/01 17:42,On
2026/04/01 18:00,On
2026/04/01 18:01,On
2026/04/01 18:02,On
2026/04/01 18:20,On
2026/04/01 18:21,On
2026/04/01 18:22,On
2026/04/01 18:40,On
2026/04/01 18:41,On
2026/04/01 18:42,On
2026/04/01 19:00,On
2026/04/01 19:01,On
2026/04/01 19:02,On
2026/04/01 19:20,On
2026/04/01 19:21,On
2026/04/01 19:22,On
2026/04/01 19:40,On
2026/04/01 19:41,On
2026/04/01 19:42,On
2026/04/01 20:00,On
2026/04/01 20:01,On
2026/04/01 20:02,On
2026/04/01 20:20,On
2026/04/01 20:21,On
2026/04/01 20:22,On
2026/04/01 20:40,On
2026/04/01 20:41,On
2026/04/01 20:42,On
2026/04/01 21:00,On
2026/04/01 21:01,On
2026/04/01 21:02,On
2026/04/01 21:20,On
2026/04/01 21:21,On
2026/04/01 21:22,On
2026/04/01 21:40,On
2026/04/01 21:41,On
2026/04/01 21:42,On
2026/04/01 22:00,On
2026/04/01 22:01,On
2026/04/01 22:02,On
2026/04/01 22:20,On
2026/04/01 22:21,On
2026/04/01 22:22,On
2026/04/01 22:40,On
2026/04/01 22:41,On
2026/04/01 22:42,On
2026/04/01 23:00,On
2026/04/01 23:01,On
2026/04/01 23:02,On
2026/04/01 23:20,On
2026/04/01 23:21,On
2026/04/01 23:22,On
2026/04/01 23:40,On
2026/04/01 23:41,On
2026/04/01 23:42,On
2026/04/02 00:00,On
2026/04/02 00:01,On
2026/04/02 00:02,On
2026/04/02 00:20,On
2026/04/02 00:21,On
2026/04/02 00:22,On
2026/04/02 00:40,On
2026/04/02 00:41,On
2026/04/02 00:42,On
2026/04/02 01:00,On
2026/04/02 01:01,On
2026/04/02 01:02,On
2026/04/02 01:20,On
2026/04/02 01:21,On
2026/04/02 01:22,On
2026/04/02 01:40,On
2026/04/02 01:41,On
2026/04/02 01:42,On
2026/04/02 02:00,On
2026/04/02 02:01,On
2026/04/02 02:02,On
2026/04/02 02:20,On
2026/04/02 02:21,On
2026/04/02 02:22,On
2026/04/02 02:40,On
2026/04/02 02:41,On
2026/04/02 02:42,On
2026/04/02 03:00,On
2026/04/02 03:01,On
2026/04/02 03:02,On
2026/04/02 03:20,On
2026/04/02 03:21,On
2026/04/02 03:22,On
2026/04/02 03:40,On
2026/04/02 03:41,On
2026/04/02 03:42,On
2026/04/02 04:00,On
2026/04/02 04:01,On
2026/04/02 04:02,On
2026/04/02 04:20,On
2026/04/02 04:21,On
2026/04/02 04:22,On
2026/04/02 04:40,On
2026/04/02 04:41,On
2026/04/02 04:42,On
2026/04/02 05:00,On
2026/04/02 05:01,On
2026/04/02 05:02,On
2026/04/02 05:20,On
2026/04/02 05:21,On
2026/04/02 05:22,On
2026/04/02 05:40,On
2026/04/02 05:41,On
2026/04/02 05:42,On
2026/04/02 06:00,On
2026/04/02 06:01,On
2026/04/02 06:02,On
2026/04/02 06:20,On
2026/04/02 06:21,On
2026/04/02 06:22,On
2026/04/02 06:40,On
2026/04/02 06:41,On
2026/04/02 06:42,On
2026/04/02 07:00,On
2026/04/02 07:01,On
2026/04/02 07:02,On
2026/04/02 07:20,On
2026/04/02 07:21,On
2026/04/02 07:22,On
2026/04/02 07:40,On
2026/04/02 07:41,On
2026/04/02 07:42,On
2026/04/02 08:00,On
2026/04/02 08:01,On
2026/04/02 08:02,On
2026/04/02 08:20,On
2026/04/02 08:21,On
2026/04/02 08:22,On
2026/04/02 08:40,On
2026/04/02 08:41,On
2026/04/02 08:42,On
2026/04/02 09:00,On
2026/04/02 09:01,On
2026/04/02 09:02,On
2026/04/02 09:20,On
2026/04/02 09:21,On
2026/04/02 09:22,On
2026/04/02 09:40,On
2026/04/02 09:41,On
2026/04/02 09:42,On
2026/04/02 10:00,On
2026/04/02 10:01,On
2026/04/02 10:02,On
2026/04/02 10:20,On
2026/04/02 10:21,On
2026/04/02 10:22,On
2026/04/02 10:40,On
2026/04/02 10:41,On
2026/04/02 10:42,On
2026/04/02 11:00,On
2026/04/02 11:01,On
2026/04/02 11:02,On
2026/04/02 11:20,On
2026/04/02 11:21,On
2026/04/02 11:22,On
2026/04/02 11:40,On
2026/04/02 11:41,On
2026/04/02 11:42,On
2026/04/02 12:00,On
2026/04/02 12:01,On
2026/04/02 12:02,On
2026/04/02 12:20,On
2026/04/02 12:21,On
2026/04/02 12:22,On
2026/04/02 12:40,On
2026/04/02 12:41,On
2026/04/02 12:42,On
2026/04/02 13:00,On
2026/04/02 13:01,On
2026/04/02 13:02,On
2026/04/02 13:20,On
2026/04/02 13:21,On
2026/04/02 13:22,On
2026/04/02 13:40,On
2026/04/02 13:41,On
2026/04/02 13:42,On
2026/04/02 14:00,On
2026/04/02 14:01,On
2026/04/02 14:02,On
2026/04/02 14:20,On
2026/04/02 14:21,On
2026/04/02 14:22,On
2026/04/02 14:40,On
2026/04/02 14:41,On
2026/04/02 14:42,On
2026/04/02 15:00,On
2026/04/02 15:01,On
2026/04/02 15:02,On
2026/04/02 15:20,On
2026/04/02 15:21,On
2026/04/02 15:22,On
2026/04/02 15:40,On
2026/04/02 15:41,On
2026/04/02 15:42,On
2026/04/02 16:00,On
2026/04/02 16:01,On
2026/04/02 16:02,On
2026/04/02 16:20,On
2026/04/02 16:21,On
2026/04/02 16:22,On
2026/04/02 16:40,On
2026/04/02 16:41,On
2026/04/02 16:42,On
2026/04/02 17:00,On
2026/04/02 17:01,On
2026/04/02 17:02,On
2026/04/02 17:20,On
2026/04/02 17:21,On
2026/04/02 17:22,On
2026/04/02 17:40,On
2026/04/02 17:41,On
2026/04/02 17:42,On
2026/04/02 18:00,On
2026/04/02 18:01,On
2026/04/02 18:02,On
2026/04/02 18:20,On
2026/04/02 18:21,On
2026/04/02 18:22,On
2026/04/02 18:40,On
2026/04/02 18:41,On
2026/04/02 18:42,On
2026/04/02 19:00,On
2026/04/02 19:01,On
2026/04/02 19:02,On
2026/04/02 19:20,On
2026/04/02 19:21,On
2026/04/02 19:22,On
2026/04/02 19:40,On
2026/04/02 19:41,On
2026/04/02 19:42,On
2026/04/02 20:00,On
2026/04/02 20:01,On
2026/04/02 20:02,On
2026/04/02 20:20,On
2026/04/02 20:21,On
2026/04/02 20:22,On
2026/04/02 20:40,On
2026/04/02 20:41,On
2026/04/02 20:42,On
2026/04/02 21:00,On
2026/04/02 21:01,On
2026/04/02 21:02,On
2026/04/02 21:20,On
2026/04/02 21:21,On
2026/04/02 21:22,On
2026/04/02 21:40,On
2026/04/02 21:41,On
2026/04/02 21:42,On
2026/04/02 22:00,On
2026/04/02 22:01,On
2026/04/02 22:02,On
2026/04/02 22:20,On
2026/04/02 22:21,On
2026/04/02 22:22,On
2026/04/02 22:40,On
2026/04/02 22:41,On
2026/04/02 22:42,On
2026/04/02 23:00,On
2026/04/02 23:01,On
2026/04/02 23:02,On
2026/04/02 23:20,On
2026/04/02 23:21,On
2026/04/02 23:22,On
2026/04/02 23:40,On
2026/04/02 23:41,On
2026/04/02 23:42,On
2026/04/03 00:00,On
2026/04/03 00:01,On
2026/04/03 00:02,On
2026/04/03 00:20,On
2026/04/03 00:21,On
2026/04/03 00:22,On
2026/04/03 00:40,On
2026/04/03 00:41,On
2026/04/03 00:42,On
2026/04/03 01:00,On
2026/04/03 01:01,On
2026/04/03 01:02,On
2026/04/03 01:20,On
2026/04/03 01:21,On
2026/04/03 01:22,On
2026/04/03 01:40,On
2026/04/03 01:41,On
2026/04/03 01:42,On
2026/04/03 02:00,On
2026/04/03 02:01,On
2026/04/03 02:02,On
2026/04/03 02:20,On
2026/04/03 02:21,On
2026/04/03 02:22,On
2026/04/03 02:40,On
2026/04/03 02:41,On
2026/04/03 02:42,On
2026/04/03 03:00,On
2026/04/03 03:01,On
2026/04/03 03:02,On
2026/04/03 03:20,On
2026/04/03 03:21,On
2026/04/03 03:22,On
2026/04/03 03:40,On
2026/04/03 03:41,On
2026/04/03 03:42,On
2026/04/03 04:00,On
2026/04/03 04:01,On
2026/04/03 04:02,On
2026/04/03 04:20,On
2026/04/03 04:21,On
2026/04/03 04:22,On
2026/04/03 04:40,On
2026/04/03 04:41,On
2026/04/03 04:42,On
2026/04/03 05:00,On
2026/04/03 05:01,On
2026/04/03 05:02,On
2026/04/03 05:20,On
2026/04/03 05:21,On
2026/04/03 05:22,On
2026/04/03 05:40,On
2026/04/03 05:41,On
2026/04/03 05:42,On
2026/04/03 06:00,On
2026/04/03 06:01,On
2026/04/03 06:02,On
2026/04/03 06:20,On
2026/04/03 06:21,On
2026/04/03 06:22,On
2026/04/03 06:40,On
2026/04/03 06:41,On
2026/04/03 06:42,On
2026/04/03 07:00,On
2026/04/03 07:01,On
2026/04/03 07:02,On
2026/04/03 07:20,On
2026/04/03 07:21,On
2026/04/03 07:22,On
2026/04/03 07:40,On
2026/04/03 07:41,On
2026/04/03 07:42,On
2026/04/03 08:00,On
2026/04/03 08:01,On
2026/04/03 08:02,On
2026/04/03 08:20,On
2026/04/03 08:21,On
2026/04/03 08:22,On
2026/04/03 08:40,On
2026/04/03 08:41,On
2026/04/03 08:42,On
2026/04/03 09:00,On
2026/04/03 09:01,On
2026/04/03 09:02,On
2026/04/03 09:20,On
2026/04/03 09:21,On
2026/04/03 09:22,On
2026/04/03 09:40,On
2026/04/03 09:41,On
2026/04/03 09:42,On
2026/04/03 10:00,On
2026/04/03 10:01,On
2026/04/03 10:02,On
2026/04/03 10:20,On
2026/04/03 10:21,On
2026/04/03 10:22,On
2026/04/03 10:40,On
2026/04/03 10:41,On
2026/04/03 10:42,On
2026/04/03 11:00,On
2026/04/03 11:01,On
2026/04/03 11:02,On
2026/04/03 11:20,On
2026/04/03 11:21,On
2026/04/03 11:22,On
2026/04/03 11:40,On
2026/04/03 11:41,On
2026/04/03 11:42,On
2026/04/03 12:00,On
2026/04/03 12:01,On
2026/04/03 12:02,On
2026/04/03 12:20,On
2026/04/03 12:21,On
2026/04/03 12:22,On
2026/04/03 12:40,On
2026/04/03 12:41,On
2026/04/03 12:42,On
2026/04/03 13:00,On
2026/04/03 13:01,On
2026/04/03 13:02,On
2026/04/03 13:20,On
2026/04/03 13:21,On
2026/04/03 13:22,On
2026/04/03 13:40,On
2026/04/03 13:41,On
2026/04/03 13:42,On
2026/04/03 14:00,On
2026/04/03 14:01,On
2026/04/03 14:02,On
2026/04/03 14:20,On
2026/04/03 14:21,On
2026/04/03 14:22,On
2026/04/03 14:40,On
2026/04/03 14:41,On
2026/04/03 14:42,On
2026/04/03 15:00,On
2026/04/03 15:01,On
2026/04/03 15:02,On
2026/04/03 15:20,On
2026/04/03 15:21,On
2026/04/03 15:22,On
2026/04/03 15:40,On
2026/04/03 15:41,On
2026/04/03 15:42,On
2026/04/03 16:00,On
2026/04/03 16:01,On
2026/04/03 16:02,On
2026/04/03 16:20,On
2026/04/03 16:21,On
2026/04/03 16:22,On
2026/04/03 16:40,On
2026/04/03 16:41,On
2026/04/03 16:42,On
2026/04/03 17:00,On
2026/04/03 17:01,On
2026/04/03 17:02,On
2026/04/03 17:20,On
2026/04/03 17:21,On
2026/04/03 17:22,On
2026/04/03 17:40,On
2026/04/03 17:41,On
2026/04/03 17:42,On
2026/04/03 18:00,On
2026/04/03 18:01,On
2026/04/03 18:02,On
2026/04/03 18:20,On
2026/04/03 18:21,On
2026/04/03 18:22,On
2026/04/03 18:40,On
2026/04/03 18:41,On
2026/04/03 18:42,On
2026/04/03 19:00,On
2026/04/03 19:01,On
2026/04/03 19:02,On
2026/04/03 19:20,On
2026/04/03 19:21,On
2026/04/03 19:22,On
2026/04/03 19:40,On
2026/04/03 19:41,On
2026/04/03 19:42,On
2026/04/03 20:00,On
2026/04/03 20:01,On
2026/04/03 20:02,On
2026/04/03 20:20,On
2026/04/03 20:21,On
2026/04/03 20:22,On
2026/04/03 20:40,On
2026/04/03 20:41,On
2026/04/03 20:42,On
2026/04/03 21:00,On
2026/04/03 21:01,On
2026/04/03 21:02,On
2026/04/03 21:20,On
2026/04/03 21:21,On
2026/04/03 21:22,On
2026/04/03 21:40,On
2026/04/03 21:41,On
2026/04/03 21:42,On
2026/04/03 22:00,On
2026/04/03 22:01,On
2026/04/03 22:02,On
2026/04/03 22:20,On
2026/04/03 22:21,On
2026/04/03 22:22,On
2026/04/03 22:40,On
2026/04/03 22:41,On
2026/04/03 22:42,On
2026/04/03 23:00,On
2026/04/03 23:01,On
2026/04/03 23:02,On
2026/04/03 23:20,On
2026/04/03 23:21,On
2026/04/03 23:22,On
2026/04/03 23:40,On
2026/04/03 23:41,On
2026/04/03 23:42,On
2026/04/04 00:00,On
2026/04/04 00:01,On
2026/04/04 00:02,On
2026/04/04 00:20,On
2026/04/04 00:21,On
2026/04/04 00:22,On
2026/04/04 00:40,On
2026/04/04 00:41,On
2026/04/04 00:42,On
2026/04/04 01:00,On
2026/04/04 01:01,On
2026/04/04 01:02,On
2026/04/04 01:20,On
2026/04/04 01:21,On
2026/04/04 01:22,On
2026/04/04 01:40,On
2026/04/04 01:41,On
2026/04/04 01:42,On
2026/04/04 02:00,On
2026/04/04 02:01,On
2026/04/04 02:02,On
2026/04/04 02:20,On
2026/04/04 02:21,On
2026/04/04 02:22,On
2026/04/04 02:40,On
2026/04/04 02:41,On
2026/04/04 02:42,On
2026/04/04 03:00,On
2026/04/04 03:01,On
2026/04/04 03:02,On
2026/04/04 03:20,On
2026/04/04 03:21,On
2026/04/04 03:22,On
2026/04/04 03:40,On
2026/04/04 03:41,On
2026/04/04 03:42,On
2026/04/04 04:00,On
2026/04/04 04:01,On
2026/04/04 04:02,On
2026/04/04 04:20,On
2026/04/04 04:21,On
2026/04/04 04:22,On
2026/04/04 04:40,On
2026/04/04 04:41,On
2026/04/04 04:42,On
2026/04/04 05:00,On
2026/04/04 05:01,On
2026/04/04 05:02,On
2026/04/04 05:20,On
2026/04/04 05:21,On
2026/04/04 05:22,On
2026/04/04 05:40,On
2026/04/04 05:41,On
2026/04/04 05:42,On
2026/04/04 06:00,On
2026/04/04 06:01,On
2026/04/04 06:02,On
2026/04/04 06:20,On
2026/04/04 06:21,On
2026/04/04 06:22,On
2026/04/04 06:40,On
2026/04/04 06:41,On
2026/04/04 06:42,On
2026/04/04 07:00,On
2026/04/04 07:01,On
2026/04/04 07:02,On
2026/04/04 07:20,On
2026/04/04 07:21,On
2026/04/04 07:22,On
2026/04/04 07:40,On
2026/04/04 07:41,On
2026/04/04 07:42,On
2026/04/04 08:00,On
2026/04/04 08:01,On
2026/04/04 08:02,On
2026/04/04 08:20,On
2026/04/04 08:21,On
2026/04/04 08:22,On
2026/04/04 08:40,On
2026/04/04 08:41,On
2026/04/04 08:42,On
2026/04/04 09:00,On
2026/04/04 09:01,On
2026/04/04 09:02,On
2026/04/04 09:20,On
2026/04/04 09:21,On
2026/04/04 09:22,On
2026/04/04 09:40,On
2026/04/04 09:41,On
2026/04/04 09:42,On
2026/04/04 10:00,On
2026/04/04 10:01,On
2026/04/04 10:02,On
2026/04/04 10:20,On
2026/04/04 10:21,On
2026/04/04 10:22,On
2026/04/04 10:40,On
2026/04/04 10:41,On
2026/04/04 10:42,On
2026/04/04 11:00,On
2026/04/04 11:01,On
2026/04/04 11:02,On
2026/04/04 11:20,On
2026/04/04 11:21,On
2026/04/04 11:22,On
2026/04/04 11:40,On
2026/04/04 11:41,On
2026/04/04 11:42,On
2026/04/04 12:00,On
2026/04/04 12:01,On
2026/04/04 12:02,On
2026/04/04 12:20,On
2026/04/04 12:21,On
2026/04/04 12:22,On
2026/04/04 12:40,On
2026/04/04 12:41,On
2026/04/04 12:42,On
2026/04/04 13:00,On
2026/04/04 13:01,On
2026/04/04 13:02,On
2026/04/04 13:20,On
2026/04/04 13:21,On
2026/04/04 13:22,On
2026/04/04 13:40,On
2026/04/04 13:41,On
2026/04/04 13:42,On
2026/04/04 14:00,On
2026/04/04 14:01,On
2026/04/04 14:02,On
2026/04/04 14:20,On
2026/04/04 14:21,On
2026/04/04 14:22,On
2026/04/04 14:40,On
2026/04/04 14:41,On
2026/04/04 14:42,On
2026/04/04 15:00,On
2026/04/04 15:01,On
2026/04/04 15:02,On
2026/04/04 15:20,On
2026/04/04 15:21,On
2026/04/04 15:22,On
2026/04/04 15:40,On
2026/04/04 15:41,On
2026/04/04 15:42,On
2026/04/04 16:00,On
2026/04/04 16:01,On
2026/04/04 16:02,On
2026/04/04 16:20,On
2026/04/04 16:21,On
2026/04/04 16:22,On
2026/04/04 16:40,On
2026/04/04 16:41,On
2026/04/04 16:42,On
2026/04/04 17:00,On
2026/04/04 17:01,On
2026/04/04 17:02,On
2026/04/04 17:20,On
2026/04/04 17:21,On
2026/04/04 17:22,On
2026/04/04 17:40,On
2026/04/04 17:41,On
2026/04/04 17:42,On
2026/04/04 18:00,On
2026/04/04 18:01,On
2026/04/04 18:02,On
2026/04/04 18:20,On
2026/04/04 18:21,On
2026/04/04 18:22,On
2026/04/04 18:40,On
2026/04/04 18:41,On
2026/04/04 18:42,On
2026/04/04 19:00,On
2026/04/04 19:01,On
2026/04/04 19:02,On
2026/04/04 19:20,On
2026/04/04 19:21,On
2026/04/04 19:22,On
2026/04/04 19:40,On
2026/04/04 19:41,On
2026/04/04 19:42,On
2026/04/04 20:00,On
2026/04/04 20:01,On
2026/04/04 20:02,On
2026/04/04 20:20,On
2026/04/04 20:21,On
2026/04/04 20:22,On
2026/04/04 20:40,On
2026/04/04 20:41,On
2026/04/04 20:42,On
2026/04/04 21:00,On
2026/04/04 21:01,On
2026/04/04 21:02,On
2026/04/04 21:20,On
2026/04/04 21:21,On
2026/04/04 21:22,On
2026/04/04 21:40,On
2026/04/04 21:41,On
2026/04/04 21:42,On
2026/04/04 22:00,On
2026/04/04 22:01,On
2026/04/04 22:02,On
2026/04/04 22:20,On
2026/04/04 22:21,On
2026/04/04 22:22,On
2026/04/04 22:40,On
2026/04/04 22:41,On
2026/04/04 22:42,On
2026/04/04 23:00,On
2026/04/04 23:01,On
2026/04/04 23:02,On
2026/04/04 23:20,On
2026/04/04 23:21,On
2026/04/04 23:22,On
2026/04/04 23:40,On
2026/04/04 23:41,On
2026/04/04 23:42,On
2026/04/05 00:00,On
2026/04/05 00:01,On
2026/04/05 00:02,On
2026/04/05 00:20,On
2026/04/05 00:21,On
2026/04/05 00:22,On
2026/04/05 00:40,On
2026/04/05 00:41,On
2026/04/05 00:42,On
2026/04/05 01:00,On
2026/04/05 01:01,On
2026/04/05 01:02,On
2026/04/05 01:20,On
2026/04/05 01:21,On
2026/04/05 01:22,On
2026/04/05 01:40,On
2026/04/05 01:41,On
2026/04/05 01:42,On
2026/04/05 02:00,On
2026/04/05 02:01,On
2026/04/05 02:02,On
2026/04/05 02:20,On
2026/04/05 02:21,On
2026/04/05 02:22,On
2026/04/05 02:40,On
2026/04/05 02:41,On
2026/04/05 02:42,On
2026/04/05 03:00,On
2026/04/05 03:01,On
2026/04/05 03:02,On
2026/04/05 03:20,On
2026/04/05 03:21,On
2026/04/05 03:22,On
2026/04/05 03:40,On
2026/04/05 03:41,On
2026/04/05 03:42,On
2026/04/05 04:00,On
2026/04/05 04:01,On
2026/04/05 04:02,On
2026/04/05 04:20,On
2026/04/05 04:21,On
2026/04/05 04:22,On
2026/04/05 04:40,On
2026/04/05 04:41,On
2026/04/05 04:42,On
2026/04/05 05:00,On
2026/04/05 05:01,On
2026/04/05 05:02,On
2026/04/05 05:20,On
2026/04/05 05:21,On
2026/04/05 05:22,On
2026/04/05 05:40,On
2026/04/05 05:41,On
2026/04/05 05:42,On
2026/04/05 06:00,On
2026/04/05 06:01,On
2026/04/05 06:02,On
2026/04/05 06:20,On
2026/04/05 06:21,On
2026/04/05 06:22,On
2026/04/05 06:40,On
2026/04/05 06:41,On
2026/04/05 06:42,On
2026/04/05 07:00,On
2026/04/05 07:01,On
2026/04/05 07:02,On
2026/04/05 07:20,On
2026/04/05 07:21,On
2026/04/05 07:22,On
2026/04/05 07:40,On
2026/04/05 07:41,On
2026/04/05 07:42,On
2026/04/05 08:00,On
2026/04/05 08:01,On
2026/04/05 08:02,On
2026/04/05 08:20,On
2026/04/05 08:21,On
2026/04/05 08:22,On
2026/04/05 08:40,On
2026/04/05 08:41,On
2026/04/05 08:42,On
2026/04/05 09:00,On
2026/04/05 09:01,On
2026/04/05 09:02,On
2026/04/05 09:20,On
2026/04/05 09:21,On
2026/04/05 09:22,On
2026/04/05 09:40,On
2026/04/05 09:41,On
2026/04/05 09:42,On
2026/04/05 10:00,On
2026/04/05 10:01,On
2026/04/05 10:02,On
2026/04/05 10:20,On
2026/04/05 10:21,On
2026/04/05 10:22,On
2026/04/05 10:40,On
2026/04/05 10:41,On
2026/04/05 10:42,On
2026/04/05 11:00,On
2026/04/05 11:01,On
2026/04/05 11:02,On
2026/04/05 11:20,On
2026/04/05 11:21,On
2026/04/05 11:22,On
2026/04/05 11:40,On
2026/04/05 11:41,On
2026/04/05 11:42,On
2026/04/05 12:00,On
2026/04/05 12:01,On
2026/04/05 12:02,On
2026/04/05 12:20,On
2026/04/05 12:21,On
2026/04/05 12:22,On
2026/04/05 12:40,On
2026/04/05 12:41,On
2026/04/05 12:42,On
2026/04/05 13:00,On
2026/04/05 13:01,On
2026/04/05 13:02,On
2026/04/05 13:20,On
2026/04/05 13:21,On
2026/04/05 13:22,On
2026/04/05 13:40,On
2026/04/05 13:41,On
2026/04/05 13:42,On
2026/04/05 14:00,On
2026/04/05 14:01,On
2026/04/05 14:02,On
2026/04/05 14:20,On
2026/04/05 14:21,On
2026/04/05 14:22,On
2026/04/05 14:40,On
2026/04/05 14:41,On
2026/04/05 14:42,On
2026/04/05 15:00,On
2026/04/05 15:01,On
2026/04/05 15:02,On
2026/04/05 15:20,On
2026/04/05 15:21,On
2026/04/05 15:22,On
2026/04/05 15:40,On
2026/04/05 15:41,On
2026/04/05 15:42,On
2026/04/05 16:00,On
2026/04/05 16:01,On
2026/04/05 16:02,On
2026/04/05 16:20,On
2026/04/05 16:21,On
2026/04/05 16:22,On
2026/04/05 16:40,On
2026/04/05 16:41,On
2026/04/05 16:42,On
2026/04/05 17:00,On
2026/04/05 17:01,On
2026/04/05 17:02,On
2026/04/05 17:20,On
2026/04/05 17:21,On
2026/04/05 17:22,On
2026/04/05 17:40,On
2026/04/05 17:41,On
2026/04/05 17:42,On
2026/04/05 18:00,On
2026/04/05 18:01,On
2026/04/05 18:02,On
2026/04/05 18:20,On
2026/04/05 18:21,On
2026/04/05 18:22,On
2026/04/05 18:40,On
2026/04/05 18:41,On
2026/04/05 18:42,On
2026/04/05 19:00,On
2026/04/05 19:01,On
2026/04/05 19:02,On
2026/04/05 19:20,On
2026/04/05 19:21,On
2026/04/05 19:22,On
2026/04/05 19:40,On
2026/04/05 19:41,On
2026/04/05 19:42,On
2026/04/05 20:00,On
2026/04/05 20:01,On
2026/04/05 20:02,On
2026/04/05 20:20,On
2026/04/05 20:21,On
2026/04/05 20:22,On
2026/04/05 20:40,On
2026/04/05 20:41,On
2026/04/05 20:42,On
2026/04/05 21:00,On
2026/04/05 21:01,On
2026/04/05 21:02,On
2026/04/05 21:20,On
2026/04/05 21:21,On
2026/04/05 21:22,On
2026/04/05 21:40,On
2026/04/05 21:41,On
2026/04/05 21:42,On
2026/04/05 22:00,On
2026/04/05 22:01,On
2026/04/05 22:02,On
2026/04/05 22:20,On
2026/04/05 22:21,On
2026/04/05 22:22,On
2026/04/05 22:40,On
2026/04/05 22:41,On
2026/04/05 22:42,On
2026/04/05 23:00,On
2026/04/05 23:01,On
2026/04/05 23:02,On
2026/04/05 23:20,On
2026/04/05 23:21,On
2026/04/05 23:22,On
2026/04/05 23:40,On
2026/04/05 23:41,On
2026/04/05 23:42,On
2026/04/06 00:00,On
2026/04/06 00:01,On
2026/04/06 00:02,On
2026/04/06 00:20,On
2026/04/06 00:21,On
2026/04/06 00:22,On
2026/04/06 00:40,On
2026/04/06 00:41,On
2026/04/06 00:42,On
2026/04/06 01:00,On
2026/04/06 01:01,On
2026/04/06 01:02,On
2026/04/06 01:20,On
2026/04/06 01:21,On
2026/04/06 01:22,On
2026/04/06 01:40,On
2026/04/06 01:41,On
2026/04/06 01:42,On
2026/04/06 02:00,On
2026/04/06 02:01,On
2026/04/06 02:02,On
2026/04/06 02:20,On
2026/04/06 02:21,On
2026/04/06 02:22,On
2026/04/06 02:40,On
2026/04/06 02:41,On
2026/04/06 02:42,On
2026/04/06 03:00,On
2026/04/06 03:01,On
2026/04/06 03:02,On
2026/04/06 03:20,On
2026/04/06 03:21,On
2026/04/06 03:22,On
2026/04/06 03:40,On
2026/04/06 03:41,On
2026/04/06 03:42,On
2026/04/06 04:00,On
2026/04/06 04:01,On
2026/04/06 04:02,On
2026/04/06 04:20,On
2026/04/06 04:21,On
2026/04/06 04:22,On
2026/04/06 04:40,On
2026/04/06 04:41,On
2026/04/06 04:42,On
2026/04/06 05:00,On
2026/04/06 05:01,On
2026/04/06 05:02,On
2026/04/06 05:20,On
2026/04/06 05:21,On
2026/04/06 05:22,On
2026/04/06 05:40,On
2026/04/06 05:41,On
2026/04/06 05:42,On
2026/04/06 06:00,On
2026/04/06 06:01,On
2026/04/06 06:02,On
2026/04/06 06:20,On
2026/04/06 06:21,On
2026/04/06 06:22,On
2026/04/06 06:40,On
2026/04/06 06:41,On
2026/04/06 06:42,On
2026/04/06 07:00,On
2026/04/06 07:01,On
2026/04/06 07:02,On
2026/04/06 07:20,On
2026/04/06 07:21,On
2026/04/06 07:22,On
2026/04/06 07:40,On
2026/04/06 07:41,On
2026/04/06 07:42,On
2026/04/06 08:00,On
2026/04/06 08:01,On
2026/04/06 08:02,On
2026/04/06 08:20,On
2026/04/06 08:21,On
2026/04/06 08:22,On
2026/04/06 08:40,On
2026/04/06 08:41,On
2026/04/06 08:42,On
2026/04/06 09:00,On
2026/04/06 09:01,On
2026/04/06 09:02,On
2026/04/06 09:20,On
2026/04/06 09:21,On
2026/04/06 09:22,On
2026/04/06 09:40,On
2026/04/06 09:41,On
2026/04/06 09:42,On
2026/04/06 10:00,On
2026/04/06 10:01,On
2026/04/06 10:02,On
2026/04/06 10:20,On
2026/04/06 10:21,On
2026/04/06 10:22,On
2026/04/06 10:40,On
2026/04/06 10:41,On
2026/04/06 10:42,On
2026/04/06 11:00,On
2026/04/06 11:01,On
2026/04/06 11:02,On
2026/04/06 11:20,On
2026/04/06 11:21,On
2026/04/06 11:22,On
2026/04/06 11:40,On
2026/04/06 11:41,On
2026/04/06 11:42,On
2026/04/06 12:00,On
2026/04/06 12:01,On
2026/04/06 12:02,On
2026/04/06 12:20,On
2026/04/06 12:21,On
2026/04/06 12:22,On
2026/04/06 12:40,On
2026/04/06 12:41,On
2026/04/06 12:42,On
2026/04/06 13:00,On
2026/04/06 13:01,On
2026/04/06 13:02,On
2026/04/06 13:20,On
2026/04/06 13:21,On
2026/04/06 13:22,On
2026/04/06 13:40,On
2026/04/06 13:41,On
2026/04/06 13:42,On
2026/04/06 14:00,On
2026/04/06 14:01,On
2026/04/06 14:02,On
2026/04/06 14:20,On
2026/04/06 14:21,On
2026/04/06 14:22,On
2026/04/06 14:40,On
2026/04/06 14:41,On
2026/04/06 14:42,On
2026/04/06 15:00,On
2026/04/06 15:01,On
2026/04/06 15:02,On
2026/04/06 15:20,On
2026/04/06 15:21,On
2026/04/06 15:22,On
2026/04/06 15:40,On
2026/04/06 15:41,On
2026/04/06 15:42,On
2026/04/06 16:00,On
2026/04/06 16:01,On
2026/04/06 16:02,On
2026/04/06 16:20,On
2026/04/06 16:21,On
2026/04/06 16:22,On
2026/04/06 16:40,On
2026/04/06 16:41,On
2026/04/06 16:42,On
2026/04/06 17:00,On
2026/04/06 17:01,On
2026/04/06 17:02,On
2026/04/06 17:20,On
2026/04/06 17:21,On
2026/04/06 17:22,On
2026/04/06 17:40,On
2026/04/06 17:41,On
2026/04/06 17:42,On
2026/04/06 18:00,On
2026/04/06 18:01,On
2026/04/06 18:02,On
2026/04/06 18:20,On
2026/04/06 18:21,On
2026/04/06 18:22,On
2026/04/06 18:40,On
2026/04/06 18:41,On
2026/04/06 18:42,On
2026/04/06 19:00,On
2026/04/06 19:01,On
2026/04/06 19:02,On
2026/04/06 19:20,On
2026/04/06 19:21,On
2026/04/06 19:22,On
2026/04/06 19:40,On
2026/04/06 19:41,On
2026/04/06 19:42,On
2026/04/06 20:00,On
2026/04/06 20:01,On
2026/04/06 20:02,On
2026/04/06 20:20,On
2026/04/06 20:21,On
2026/04/06 20:22,On
2026/04/06 20:40,On
2026/04/06 20:41,On
2026/04/06 20:42,On
2026/04/06 21:00,On
2026/04/06 21:01,On
2026/04/06 21:02,On
2026/04/06 21:20,On
2026/04/06 21:21,On
2026/04/06 21:22,On
2026/04/06 21:40,On
2026/04/06 21:41,On
2026/04/06 21:42,On
2026/04/06 22:00,On
2026/04/06 22:01,On
2026/04/06 22:02,On
2026/04/06 22:20,On
2026/04/06 22:21,On
2026/04/06 22:22,On
2026/04/06 22:40,On
2026/04/06 22:41,On
2026/04/06 22:42,On
2026/04/06 23:00,On
2026/04/06 23:01,On
2026/04/06 23:02,On
2026/04/06 23:20,On
2026/04/06 23:21,On
2026/04/06 23:22,On
2026/04/06 23:40,On
2026/04/06 23:41,On
2026/04/06 23:42,On
2026/04/07 00:00,On
2026/04/07 00:01,On
2026/04/07 00:02,On
2026/04/07 00:20,On
2026/04/07 00:21,On
2026/04/07 00:22,On
2026/04/07 00:40,On
2026/04/07 00:41,On
2026/04/07 00:42,On
2026/04/07 01:00,On
2026/04/07 01:01,On
2026/04/07 01:02,On
2026/04/07 01:20,On
2026/04/07 01:21,On
2026/04/07 01:22,On
2026/04/07 01:40,On
2026/04/07 01:41,On
2026/04/07 01:42,On
2026/04/07 02:00,On
2026/04/07 02:01,On
2026/04/07 02:02,On
2026/04/07 02:20,On
2026/04/07 02:21,On
2026/04/07 02:22,On
2026/04/07 02:40,On
2026/04/07 02:41,On
2026/04/07 02:42,On
2026/04/07 03:00,On
2026/04/07 03:01,On
2026/04/07 03:02,On
2026/04/07 03:20,On
2026/04/07 03:21,On
2026/04/07 03:22,On
2026/04/07 03:40,On
2026/04/07 03:41,On
2026/04/07 03:42,On
2026/04/07 04:00,On
2026/04/07 04:01,On
2026/04/07 04:02,On
2026/04/07 04:20,On
2026/04/07 04:21,On
2026/04/07 04:22,On
2026/04/07 04:40,On
2026/04/07 04:41,On
2026/04/07 04:42,On
2026/04/07 05:00,On
2026/04/07 05:01,On
2026/04/07 05:02,On
2026/04/07 05:20,On
2026/04/07 05:21,On
2026/04/07 05:22,On
2026/04/07 05:40,On
2026/04/07 05:41,On
2026/04/07 05:42,On
2026/04/07 06:00,On
2026/04/07 06:01,On
2026/04/07 06:02,On
2026/04/07 06:20,On
2026/04/07 06:21,On
2026/04/07 06:22,On
2026/04/07 06:40,On
2026/04/07 06:41,On
2026/04/07 06:42,On
2026/04/07 07:00,On
2026/04/07 07:01,On
2026/04/07 07:02,On
2026/04/07 07:20,On
2026/04/07 07:21,On
2026/04/07 07:22,On
2026/04/07 07:40,On
2026/04/07 07:41,On
2026/04/07 07:42,On
2026/04/07 08:00,On
2026/04/07 08:01,On
2026/04/07 08:02,On
2026/04/07 08:20,On
2026/04/07 08:21,On
2026/04/07 08:22,On
2026/04/07 08:40,On
2026/04/07 08:41,On
2026/04/07 08:42,On
2026/04/07 09:00,On
2026/04/07 09:01,On
2026/04/07 09:02,On
2026/04/07 09:20,On
2026/04/07 09:21,On
2026/04/07 09:22,On
2026/04/07 09:40,On
2026/04/07 09:41,On
2026/04/07 09:42,On
2026/04/07 10:00,On
2026/04/07 11:00,On
2026/04/07 11:01,On
2026/04/07 11:02,On
2026/04/07 11:20,On
2026/04/07 11:21,On
2026/04/07 11:22,On
2026/04/07 11:40,On
2026/04/07 11:41,On
2026/04/07 11:42,On
2026/04/07 12:00,On
2026/04/07 12:01,On
2026/04/07 12:02,On
2026/04/07 12:20,On
2026/04/07 12:21,On
2026/04/07 12:22,On
2026/04/07 12:40,On
2026/04/07 12:41,On
2026/04/07 12:42,On
2026/04/07 13:00,On
2026/04/07 13:01,On
2026/04/07 13:02,On
2026/04/07 13:20,On
2026/04/07 13:21,On
2026/04/07 13:22,On
2026/04/07 13:40,On
2026/04/07 13:41,On
2026/04/07 13:42,On
2026/04/07 14:00,On
2026/04/07 14:01,On
2026/04/07 14:02,On
2026/04/07 14:20,On
2026/04/07 14:21,On
2026/04/07 14:22,On
2026/04/07 14:40,On
2026/04/07 14:41,On
2026/04/07 14:42,On
2026/04/07 15:00,On
2026/04/07 15:01,On
2026/04/07 15:02,On
2026/04/07 15:20,On
2026/04/07 15:21,On
2026/04/07 15:22,On
2026/04/07 15:40,On
2026/04/07 15:41,On
2026/04/07 15:42,On
2026/04/07 16:00,On
2026/04/07 16:01,On
2026/04/07 16:02,On
2026/04/07 16:20,On
2026/04/07 16:21,On
2026/04/07 16:22,On
2026/04/07 16:40,On
2026/04/07 16:41,On
2026/04/07 16:42,On
2026/04/07 17:00,On
2026/04/07 17:01,On
2026/04/07 17:02,On
2026/04/07 17:20,On
2026/04/07 17:21,On
2026/04/07 17:22,On
2026/04/07 17:40,On
2026/04/07 17:41,On
2026/04/07 17:42,On
2026/04/07 18:00,On
2026/04/07 18:01,On
2026/04/07 18:02,On
2026/04/07 18:20,On
2026/04/07 18:21,On
2026/04/07 18:22,On
2026/04/07 18:40,On
2026/04/07 18:41,On
2026/04/07 18:42,On
2026/04/07 19:00,On
2026/04/07 19:01,On
2026/04/07 19:02,On
2026/04/07 19:20,On
2026/04/07 19:21,On
2026/04/07 19:22,On
2026/04/07 19:40,On
2026/04/07 19:41,On
2026/04/07 19:42,On
2026/04/07 20:00,On
2026/04/07 20:01,On
2026/04/07 20:02,On
2026/04/07 20:20,On
2026/04/07 20:21,On
2026/04/07 20:22,On
2026/04/07 20:40,On
2026/04/07 20:41,On
2026/04/07 20:42,On
2026/04/07 21:00,On
2026/04/07 21:01,On
2026/04/07 21:02,On
2026/04/07 21:20,On
2026/04/07 21:21,On
2026/04/07 21:22,On
2026/04/07 21:40,On
2026/04/07 21:41,On
2026/04/07 21:42,On
2026/04/07 22:00,On
2026/04/07 22:01,On
2026/04/07 22:02,On
2026/04/07 22:20,On
2026/04/07 22:21,On
2026/04/07 22:22,On
2026/04/07 22:40,On
2026/04/07 22:41,On
2026/04/07 22:42,On
2026/04/07 23:00,On
2026/04/07 23:01,On
2026/04/07 23:02,On
2026/04/07 23:20,On
2026/04/07 23:21,On
2026/04/07 23:22,On
2026/04/07 23:40,On
2026/04/07 23:41,On
2026/04/07 23:42,On
2026/04/08 00:00,On
2026/04/08 00:01,On
2026/04/08 00:02,On
2026/04/08 00:20,On
2026/04/08 00:21,On
2026/04/08 00:22,On
2026/04/08 00:40,On
2026/04/08 00:41,On
2026/04/08 00:42,On
2026/04/08 01:00,On
2026/04/08 01:01,On
2026/04/08 01:02,On
2026/04/08 01:20,On
2026/04/08 01:21,On
2026/04/08 01:22,On
2026/04/08 01:40,On
2026/04/08 01:41,On
2026/04/08 01:42,On
2026/04/08 02:00,On
2026/04/08 02:01,On
2026/04/08 02:02,On
2026/04/08 02:20,On
2026/04/08 02:21,On
2026/04/08 02:22,On
2026/04/08 02:40,On
2026/04/08 02:41,On
2026/04/08 02:42,On
2026/04/08 03:00,On
2026/04/08 03:01,On
2026/04/08 03:02,On
2026/04/08 03:20,On
2026/04/08 03:21,On
2026/04/08 03:22,On
2026/04/08 03:40,On
2026/04/08 03:41,On
2026/04/08 03:42,On
2026/04/08 04:00,On
2026/04/08 04:01,On
2026/04/08 04:02,On
2026/04/08 04:20,On
2026/04/08 04:21,On
2026/04/08 04:22,On
2026/04/08 04:40,On
2026/04/08 04:41,On
2026/04/08 04:42,On
2026/04/08 05:00,On
2026/04/08 05:01,On
2026/04/08 05:02,On
2026/04/08 05:20,On
2026/04/08 05:21,On
2026/04/08 05:22,On
2026/04/08 05:40,On
2026/04/08 05:41,On
2026/04/08 05:42,On
2026/04/08 06:00,On
2026/04/08 06:01,On
2026/04/08 06:02,On
2026/04/08 06:20,On
2026/04/08 06:21,On
2026/04/08 06:22,On
2026/04/08 06:40,On
2026/04/08 06:41,On
2026/04/08 06:42,On
2026/04/08 07:00,On
2026/04/08 07:01,On
2026/04/08 07:02,On
2026/04/08 07:20,On
2026/04/08 07:21,On
2026/04/08 07:22,On
2026/04/08 07:40,On
2026/04/08 07:41,On
2026/04/08 07:42,On
2026/04/08 08:00,On
2026/04/08 08:01,On
2026/04/08 08:02,On
2026/04/08 08:20,On
2026/04/08 08:21,On
2026/04/08 08:22,On
2026/04/08 08:40,On
2026/04/08 08:41,On
2026/04/08 08:42,On
2026/04/08 09:00,On
2026/04/08 09:01,On
2026/04/08 09:02,On
2026/04/08 09:20,On
2026/04/08 09:21,On
2026/04/08 09:22,On
2026/04/08 09:40,On
2026/04/08 09:41,On
2026/04/08 09:42,On
2026/04/08 10:00,On
2026/04/08 10:01,On
2026/04/08 10:02,On
2026/04/08 10:20,On
2026/04/08 10:21,On
2026/04/08 10:22,On
2026/04/08 10:40,On
2026/04/08 10:41,On
2026/04/08 10:42,On
2026/04/08 11:00,On
2026/04/08 11:01,On
2026/04/08 11:02,On
2026/04/08 11:20,On
2026/04/08 11:21,On
2026/04/08 11:22,On
2026/04/08 11:40,On
2026/04/08 11:41,On
2026/04/08 11:42,On
2026/04/08 12:00,On
2026/04/08 12:01,On
2026/04/08 12:02,On
2026/04/08 12:20,On
2026/04/08 12:21,On
2026/04/08 12:22,On
2026/04/08 12:40,On
2026/04/08 12:41,On
2026/04/08 12:42,On
2026/04/08 13:00,On
2026/04/08 13:01,On
2026/04/08 13:02,On
2026/04/08 13:20,On
2026/04/08 13:21,On
2026/04/08 13:22,On
2026/04/08 13:40,On
2026/04/08 13:41,On
2026/04/08 13:42,On
2026/04/08 14:00,On
2026/04/08 14:01,On
2026/04/08 14:02,On
2026/04/08 14:20,On
2026/04/08 14:21,On
2026/04/08 14:22,On
2026/04/08 14:40,On
2026/04/08 14:41,On
2026/04/08 14:42,On
2026/04/08 15:00,On
2026/04/08 15:01,On
2026/04/08 15:02,On
2026/04/08 15:20,On
2026/04/08 15:21,On
2026/04/08 15:22,On
2026/04/08 15:40,On
2026/04/08 15:41,On
2026/04/08 15:42,On
2026/04/08 16:00,On
2026/04/08 16:01,On
2026/04/08 16:02,On
2026/04/08 16:20,On
2026/04/08 16:21,On
2026/04/08 16:22,On
2026/04/08 16:40,On
2026/04/08 16:41,On
2026/04/08 16:42,On
2026/04/08 17:00,On
2026/04/08 17:01,On
2026/04/08 17:02,On
2026/04/08 17:20,On
2026/04/08 17:21,On
2026/04/08 17:21,On
2026/04/08 17:22,On
2026/04/08 17:40,On
2026/04/08 17:41,On
2026/04/08 17:42,On
2026/04/08 18:00,On
2026/04/08 18:01,On
2026/04/08 18:02,On
2026/04/08 18:20,On
2026/04/08 18:21,On
2026/04/08 18:22,On
2026/04/08 18:40,On
2026/04/08 18:41,On
2026/04/08 18:42,On
2026/04/08 19:00,On
2026/04/08 19:01,On
2026/04/08 19:02,On
2026/04/08 19:20,On
2026/04/08 19:21,On
2026/04/08 19:22,On
2026/04/08 19:40,On
2026/04/08 19:41,On
2026/04/08 19:42,On
2026/04/08 20:00,On
2026/04/08 20:01,On
2026/04/08 20:02,On
2026/04/08 20:20,On
2026/04/08 20:21,On
2026/04/08 20:22,On
2026/04/08 20:40,On
2026/04/08 20:41,On
2026/04/08 20:42,On
2026/04/08 21:00,On
2026/04/08 21:01,On
2026/04/08 21:02,On
2026/04/08 21:20,On
2026/04/08 21:21,On
2026/04/08 21:22,On
2026/04/08 21:40,On
2026/04/08 21:41,On
2026/04/08 21:42,On
2026/04/08 22:00,On
2026/04/08 22:01,On
2026/04/08 22:02,On
2026/04/08 22:20,On
2026/04/08 22:21,On
2026/04/08 22:22,On
2026/04/08 22:40,On
2026/04/08 22:41,On
2026/04/08 22:42,On
2026/04/08 23:00,On
2026/04/08 23:01,On
2026/04/08 23:02,On
2026/04/08 23:20,On
2026/04/08 23:21,On
2026/04/08 23:22,On
2026/04/08 23:40,On
2026/04/08 23:41,On
2026/04/08 23:42,On
2026/04/09 00:00,On
2026/04/09 00:01,On
2026/04/09 00:02,On
2026/04/09 00:20,On
2026/04/09 00:21,On
2026/04/09 00:22,On
2026/04/09 00:40,On
2026/04/09 00:41,On
2026/04/09 00:42,On
2026/04/09 01:00,On
2026/04/09 01:01,On
2026/04/09 01:02,On
2026/04/09 01:20,On
2026/04/09 01:21,On
2026/04/09 01:22,On
2026/04/09 01:40,On
2026/04/09 01:41,On
2026/04/09 01:42,On
2026/04/09 02:00,On
2026/04/09 02:01,On
2026/04/09 02:02,On
2026/04/09 02:20,On
2026/04/09 02:21,On
2026/04/09 02:22,On
2026/04/09 02:40,On
2026/04/09 02:41,On
2026/04/09 02:42,On
2026/04/09 03:00,On
2026/04/09 03:01,On
2026/04/09 03:02,On
2026/04/09 03:20,On
2026/04/09 03:21,On
2026/04/09 03:22,On
2026/04/09 03:40,On
2026/04/09 03:41,On
2026/04/09 03:42,On
2026/04/09 04:00,On
2026/04/09 04:01,On
2026/04/09 04:02,On
2026/04/09 04:20,On
2026/04/09 04:21,On
2026/04/09 04:22,On
2026/04/09 04:40,On
2026/04/09 04:41,On
2026/04/09 04:42,On
2026/04/09 05:00,On
2026/04/09 05:01,On
2026/04/09 05:02,On
2026/04/09 05:20,On
2026/04/09 05:21,On
2026/04/09 05:22,On
2026/04/09 05:40,On
2026/04/09 05:41,On
2026/04/09 05:42,On
2026/04/09 06:00,On
2026/04/09 06:01,On
2026/04/09 06:02,On
2026/04/09 06:20,On
2026/04/09 06:21,On
2026/04/09 06:22,On
2026/04/09 06:40,On
2026/04/09 06:41,On
2026/04/09 06:42,On
2026/04/09 07:00,On
2026/04/09 07:01,On
2026/04/09 07:02,On
2026/04/09 07:20,On
2026/04/09 07:21,On
2026/04/09 07:22,On
2026/04/09 07:40,On
2026/04/09 07:41,On
2026/04/09 07:42,On
2026/04/09 08:00,On
2026/04/09 08:01,On
2026/04/09 08:02,On
2026/04/09 08:20,On
2026/04/09 08:21,On
2026/04/09 08:22,On
2026/04/09 08:40,On
2026/04/09 08:41,On
2026/04/09 08:42,On
2026/04/09 09:00,On
2026/04/09 09:01,On
2026/04/09 09:02,On
2026/04/09 09:20,On
2026/04/09 09:21,On
2026/04/09 09:22,On
2026/04/09 09:40,On
2026/04/09 09:41,On
2026/04/09 09:42,On
2026/04/09 10:00,On
2026/04/09 10:01,On
2026/04/09 10:02,On
2026/04/09 10:20,On
2026/04/09 10:21,On
2026/04/09 10:22,On
2026/04/09 10:40,On
2026/04/09 10:41,On
2026/04/09 10:42,On
2026/04/09 11:00,On
2026/04/09 11:01,On
2026/04/09 11:02,On
2026/04/09 11:20,On
2026/04/09 11:21,On
2026/04/09 11:22,On
2026/04/09 11:40,On
2026/04/09 11:41,On
2026/04/09 11:42,On
2026/04/09 12:00,On
2026/04/09 12:01,On
2026/04/09 12:02,On
2026/04/09 12:20,On
2026/04/09 12:21,On
2026/04/09 12:22,On
2026/04/09 12:40,On
2026/04/09 12:41,On
2026/04/09 12:42,On
2026/04/09 13:00,On
2026/04/09 13:01,On
2026/04/09 13:02,On
2026/04/09 13:20,On
2026/04/09 13:21,On
2026/04/09 13:22,On
2026/04/09 13:40,On
2026/04/09 13:41,On
2026/04/09 13:42,On
2026/04/09 14:00,On
2026/04/09 14:01,On
2026/04/09 14:02,On
2026/04/09 14:20,On
2026/04/09 14:21,On
2026/04/09 14:22,On
2026/04/09 14:40,On
2026/04/09 14:41,On
2026/04/09 14:42,On
2026/04/09 15:00,On
2026/04/09 15:01,On
2026/04/09 15:02,On
2026/04/09 15:20,On
2026/04/09 15:21,On
2026/04/09 15:22,On
2026/04/09 15:40,On
2026/04/09 15:41,On
2026/04/09 15:42,On
2026/04/09 16:00,On
2026/04/09 16:01,On
2026/04/09 16:02,On
2026/04/09 16:20,On
2026/04/09 16:21,On
2026/04/09 16:22,On
2026/04/09 16:40,On
2026/04/09 16:41,On
2026/04/09 16:42,On
2026/04/09 17:00,On
2026/04/09 17:01,On
2026/04/09 17:02,On
2026/04/09 17:20,On
2026/04/09 17:21,On
2026/04/09 17:22,On
2026/04/09 17:40,On
2026/04/09 17:41,On
2026/04/09 17:42,On
2026/04/09 18:00,On
2026/04/09 18:01,On
2026/04/09 18:02,On
2026/04/09 18:20,On
2026/04/09 18:21,On
2026/04/09 18:22,On
2026/04/09 18:40,On
2026/04/09 18:41,On
2026/04/09 18:42,On
2026/04/09 19:00,On
2026/04/09 19:01,On
2026/04/09 19:02,On
2026/04/09 19:20,On
2026/04/09 19:21,On
2026/04/09 19:22,On
2026/04/09 19:40,On
2026/04/09 19:41,On
2026/04/09 19:42,On
2026/04/09 20:00,On
2026/04/09 20:01,On
2026/04/09 20:02,On
2026/04/09 20:20,On
2026/04/09 20:21,On
2026/04/09 20:22,On
2026/04/09 20:40,On
2026/04/09 20:41,On
2026/04/09 20:42,On
2026/04/09 21:00,On
2026/04/09 21:01,On
2026/04/09 21:02,On
2026/04/09 21:20,On
2026/04/09 21:21,On
2026/04/09 21:22,On
2026/04/09 21:40,On
2026/04/09 21:41,On
2026/04/09 21:42,On
2026/04/09 22:00,On
2026/04/09 22:01,On
2026/04/09 22:02,On
2026/04/09 22:20,On
2026/04/09 22:21,On
2026/04/09 22:22,On
2026/04/09 22:40,On
2026/04/09 22:41,On
2026/04/09 22:42,On
2026/04/09 23:00,On
2026/04/09 23:01,On
2026/04/09 23:02,On
2026/04/09 23:20,On
2026/04/09 23:21,On
2026/04/09 23:22,On
2026/04/09 23:40,On
2026/04/09 23:41,On
2026/04/09 23:42,On
2026/04/10 00:00,On
2026/04/10 00:01,On
2026/04/10 00:02,On
2026/04/10 00:20,On
2026/04/10 00:21,On
2026/04/10 00:22,On
2026/04/10 00:40,On
2026/04/10 00:41,On
2026/04/10 00:42,On
2026/04/10 01:00,On
2026/04/10 01:01,On
2026/04/10 01:02,On
2026/04/10 01:20,On
2026/04/10 01:21,On
2026/04/10 01:22,On
2026/04/10 01:40,On
2026/04/10 01:41,On
2026/04/10 01:42,On
2026/04/10 02:00,On
2026/04/10 02:01,On
2026/04/10 02:02,On
2026/04/10 02:20,On
2026/04/10 02:21,On
2026/04/10 02:22,On
2026/04/10 02:40,On
2026/04/10 02:41,On
2026/04/10 02:42,On
2026/04/10 03:00,On
2026/04/10 03:01,On
2026/04/10 03:02,On
2026/04/10 03:20,On
2026/04/10 03:21,On
2026/04/10 03:22,On
2026/04/10 03:40,On
2026/04/10 03:41,On
2026/04/10 03:42,On
2026/04/10 04:00,On
2026/04/10 04:01,On
2026/04/10 04:02,On
2026/04/10 04:20,On
2026/04/10 04:21,On
2026/04/10 04:22,On
2026/04/10 04:40,On
2026/04/10 04:41,On
2026/04/10 04:42,On
2026/04/10 05:00,On
2026/04/10 05:01,On
2026/04/10 05:02,On
2026/04/10 05:20,On
2026/04/10 05:21,On
2026/04/10 05:22,On
2026/04/10 05:40,On
2026/04/10 05:41,On
2026/04/10 05:42,On
2026/04/10 06:00,On
2026/04/10 06:01,On
2026/04/10 06:02,On
2026/04/10 06:20,On
2026/04/10 06:21,On
2026/04/10 06:22,On
2026/04/10 06:40,On
2026/04/10 06:41,On
2026/04/10 06:42,On
2026/04/10 07:00,On
2026/04/10 07:01,On
2026/04/10 07:02,On
2026/04/10 07:20,On
2026/04/10 07:21,On
2026/04/10 07:22,On
2026/04/10 07:40,On
2026/04/10 07:41,On
2026/04/10 07:42,On
2026/04/10 08:00,On
2026/04/10 08:01,On
2026/04/10 08:02,On
2026/04/10 08:20,On
2026/04/10 08:21,On
2026/04/10 08:22,On
2026/04/10 08:40,On
2026/04/10 08:41,On
2026/04/10 08:42,On
2026/04/10 09:00,On
2026/04/10 09:01,On
2026/04/10 09:02,On
2026/04/10 09:20,On
2026/04/10 09:21,On
2026/04/10 09:22,On
2026/04/10 09:40,On
2026/04/10 09:41,On
2026/04/10 09:42,On
2026/04/10 10:00,On
2026/04/10 10:01,On
2026/04/10 10:02,On
2026/04/10 10:20,On
2026/04/10 10:21,On
2026/04/10 10:22,On
2026/04/10 10:40,On
2026/04/10 10:41,On
2026/04/10 10:42,On
2026/04/10 11:00,On
2026/04/10 11:01,On
2026/04/10 11:02,On
2026/04/10 11:20,On
2026/04/10 11:21,On
2026/04/10 11:22,On
2026/04/10 11:40,On
2026/04/10 11:41,On
2026/04/10 11:42,On
2026/04/10 12:00,On
2026/04/10 12:01,On
2026/04/10 12:02,On
2026/04/10 12:20,On
2026/04/10 12:21,On
2026/04/10 12:22,On
2026/04/10 12:40,On
2026/04/10 12:41,On
2026/04/10 12:42,On
2026/04/10 13:00,On
2026/04/10 13:01,On
2026/04/10 13:02,On
2026/04/10 13:20,On
2026/04/10 13:21,On
2026/04/10 13:22,On
2026/04/10 13:40,On
2026/04/10 13:41,On
2026/04/10 13:42,On
2026/04/10 14:00,On
2026/04/10 14:01,On
2026/04/10 14:02,On
2026/04/10 14:20,On
2026/04/10 14:21,On
2026/04/10 14:22,On
2026/04/10 14:40,On
2026/04/10 14:41,On
2026/04/10 14:42,On
2026/04/10 15:00,On
2026/04/10 15:01,On
2026/04/10 15:02,On
2026/04/10 15:20,On
2026/04/10 15:21,On
2026/04/10 15:22,On
2026/04/10 15:40,On
2026/04/10 15:41,On
2026/04/10 15:42,On
2026/04/10 16:00,On
2026/04/10 16:01,On
2026/04/10 16:02,On
2026/04/10 16:20,On
2026/04/10 16:21,On
2026/04/10 16:22,On
2026/04/10 16:40,On
2026/04/10 16:41,On
2026/04/10 16:42,On
2026/04/10 17:00,On
2026/04/10 17:01,On
2026/04/10 17:02,On
2026/04/10 17:20,On
2026/04/10 17:21,On
2026/04/10 17:22,On
2026/04/10 17:40,On
2026/04/10 17:41,On
2026/04/10 17:42,On
2026/04/10 18:00,On
2026/04/10 18:01,On
2026/04/10 18:02,On
2026/04/10 18:20,On
2026/04/10 18:21,On
2026/04/10 18:22,On
2026/04/10 18:40,On
2026/04/10 18:41,On
2026/04/10 18:42,On
2026/04/10 19:00,On
2026/04/10 19:01,On
2026/04/10 19:02,On
2026/04/10 19:20,On
2026/04/10 19:21,On
2026/04/10 19:22,On
2026/04/10 19:40,On
2026/04/10 19:41,On
2026/04/10 19:42,On
2026/04/10 20:00,On
2026/04/10 20:01,On
2026/04/10 20:02,On
2026/04/10 20:20,On
2026/04/10 20:21,On
2026/04/10 20:22,On
2026/04/10 20:40,On
2026/04/10 20:41,On
2026/04/10 20:42,On
2026/04/10 21:00,On
2026/04/10 21:01,On
2026/04/10 21:02,On
2026/04/10 21:20,On
2026/04/10 21:21,On
2026/04/10 21:22,On
2026/04/10 21:40,On
2026/04/10 21:41,On
2026/04/10 21:42,On
2026/04/10 22:00,On
2026/04/10 22:01,On
2026/04/10 22:02,On
2026/04/10 22:20,On
2026/04/10 22:21,On
2026/04/10 22:22,On
2026/04/10 22:40,On
2026/04/10 22:41,On
2026/04/10 22:42,On
2026/04/10 23:00,On
2026/04/10 23:01,On
2026/04/10 23:02,On
2026/04/10 23:20,On
2026/04/10 23:21,On
2026/04/10 23:22,On
2026/04/10 23:40,On
2026/04/10 23:41,On
2026/04/10 23:42,On
2026/04/11 00:00,On
2026/04/11 00:01,On
2026/04/11 00:02,On
2026/04/11 00:20,On
2026/04/11 00:21,On
2026/04/11 00:22,On
2026/04/11 00:40,On
2026/04/11 00:41,On
2026/04/11 00:42,On
2026/04/11 01:00,On
2026/04/11 01:01,On
2026/04/11 01:02,On
2026/04/11 01:20,On
2026/04/11 01:21,On
2026/04/11 01:22,On
2026/04/11 01:40,On
2026/04/11 01:41,On
2026/04/11 01:42,On
2026/04/11 02:00,On
2026/04/11 02:01,On
2026/04/11 02:02,On
2026/04/11 02:20,On
2026/04/11 02:21,On
2026/04/11 02:22,On
2026/04/11 02:40,On
2026/04/11 02:41,On
2026/04/11 02:42,On
2026/04/11 03:00,On
2026/04/11 03:01,On
2026/04/11 03:02,On
2026/04/11 03:20,On
2026/04/11 03:21,On
2026/04/11 03:22,On
2026/04/11 03:40,On
2026/04/11 03:41,On
2026/04/11 03:42,On
2026/04/11 04:00,On
2026/04/11 04:01,On
2026/04/11 04:02,On
2026/04/11 04:20,On
2026/04/11 04:21,On
2026/04/11 04:22,On
2026/04/11 04:40,On
2026/04/11 04:41,On
2026/04/11 04:42,On
2026/04/11 05:00,On
2026/04/11 05:01,On
2026/04/11 05:02,On
2026/04/11 05:20,On
2026/04/11 05:21,On
2026/04/11 05:22,On
2026/04/11 05:40,On
2026/04/11 05:41,On
2026/04/11 05:42,On
2026/04/11 06:00,On
2026/04/11 06:01,On
2026/04/11 06:02,On
2026/04/11 06:20,On
2026/04/11 06:21,On
2026/04/11 06:22,On
2026/04/11 06:40,On
2026/04/11 06:41,On
2026/04/11 06:42,On
2026/04/11 07:00,On
2026/04/11 07:01,On
2026/04/11 07:02,On
2026/04/11 07:20,On
2026/04/11 07:21,On
2026/04/11 07:22,On
2026/04/11 07:40,On
2026/04/11 07:41,On
2026/04/11 07:42,On
2026/04/11 08:00,On
2026/04/11 08:01,On
2026/04/11 08:02,On
2026/04/11 08:20,On
2026/04/11 08:21,On
2026/04/11 08:22,On
2026/04/11 08:40,On
2026/04/11 08:41,On
2026/04/11 08:42,On
2026/04/11 09:00,On
2026/04/11 09:01,On
2026/04/11 09:02,On
2026/04/11 09:20,On
2026/04/11 09:21,On
2026/04/11 09:22,On
2026/04/11 09:40,On
2026/04/11 09:41,On
2026/04/11 09:42,On
2026/04/11 10:00,On
2026/04/11 10:01,On
2026/04/11 10:02,On
2026/04/11 10:20,On
2026/04/11 10:21,On
2026/04/11 10:22,On
2026/04/11 10:40,On
2026/04/11 10:41,On
2026/04/11 10:42,On
2026/04/11 11:00,On
2026/04/11 11:01,On
2026/04/11 11:02,On
2026/04/11 11:20,On
2026/04/11 11:21,On
2026/04/11 11:22,On
2026/04/11 11:40,On
2026/04/11 11:41,On
2026/04/11 11:42,On
2026/04/11 12:00,On
2026/04/11 12:01,On
2026/04/11 12:02,On
2026/04/11 12:20,On
2026/04/11 12:21,On
2026/04/11 12:22,On
2026/04/11 12:40,On
2026/04/11 12:41,On
2026/04/11 12:42,On
2026/04/11 13:00,On
2026/04/11 13:01,On
2026/04/11 13:02,On
2026/04/11 13:20,On
2026/04/11 13:21,On
2026/04/11 13:22,On
2026/04/11 13:40,On
2026/04/11 13:41,On
2026/04/11 13:42,On
2026/04/11 14:00,On
2026/04/11 14:01,On
2026/04/11 14:02,On
2026/04/11 14:20,On
2026/04/11 14:21,On
2026/04/11 14:22,On
2026/04/11 14:40,On
2026/04/11 14:41,On
2026/04/11 14:42,On
2026/04/11 15:00,On
2026/04/11 15:01,On
2026/04/11 15:02,On
2026/04/11 15:20,On
2026/04/11 15:21,On
2026/04/11 15:22,On
2026/04/11 15:40,On
2026/04/11 15:41,On
2026/04/11 15:42,On
2026/04/11 16:00,On
2026/04/11 16:01,On
2026/04/11 16:02,On
2026/04/11 16:20,On
2026/04/11 16:21,On
2026/04/11 16:22,On
2026/04/11 16:40,On
2026/04/11 16:41,On
2026/04/11 16:42,On
2026/04/11 17:00,On
2026/04/11 17:01,On
2026/04/11 17:02,On
2026/04/11 17:20,On
2026/04/11 17:21,On
2026/04/11 17:22,On
2026/04/11 17:40,On
2026/04/11 17:41,On
2026/04/11 17:42,On
2026/04/11 18:00,On
2026/04/11 18:01,On
2026/04/11 18:02,On
2026/04/11 18:20,On
2026/04/11 18:21,On
2026/04/11 18:22,On
2026/04/11 18:40,On
2026/04/11 18:41,On
2026/04/11 18:42,On
2026/04/11 19:00,On
2026/04/11 19:01,On
2026/04/11 19:02,On
2026/04/11 19:20,On
2026/04/11 19:21,On
2026/04/11 19:22,On
2026/04/11 19:40,On
2026/04/11 19:41,On
2026/04/11 19:42,On
2026/04/11 20:00,On
2026/04/11 20:01,On
2026/04/11 20:02,On
2026/04/11 20:20,On
2026/04/11 20:21,On
2026/04/11 20:22,On
2026/04/11 20:40,On
2026/04/11 20:41,On
2026/04/11 20:42,On
2026/04/11 21:00,On
2026/04/11 21:01,On
2026/04/11 21:02,On
2026/04/11 21:20,On
2026/04/11 21:21,On
2026/04/11 21:22,On
2026/04/11 21:40,On
2026/04/11 21:41,On
2026/04/11 21:42,On
2026/04/11 22:00,On
2026/04/11 22:01,On
2026/04/11 22:02,On
2026/04/11 22:20,On
2026/04/11 22:21,On
2026/04/11 22:22,On
2026/04/11 22:40,On
2026/04/11 22:41,On
2026/04/11 22:42,On
2026/04/11 23:00,On
2026/04/11 23:01,On
2026/04/11 23:02,On
2026/04/11 23:20,On
2026/04/11 23:21,On
2026/04/11 23:22,On
2026/04/11 23:40,On
2026/04/11 23:41,On
2026/04/11 23:42,On
2026/04/12 00:00,On
2026/04/12 00:01,On
2026/04/12 00:02,On
2026/04/12 00:20,On
2026/04/12 00:21,On
2026/04/12 00:22,On
2026/04/12 00:40,On
2026/04/12 00:41,On
2026/04/12 00:42,On
2026/04/12 01:00,On
2026/04/12 01:01,On
2026/04/12 01:02,On
2026/04/12 01:20,On
2026/04/12 01:21,On
2026/04/12 01:22,On
2026/04/12 01:40,On
2026/04/12 01:41,On
2026/04/12 01:42,On
2026/04/12 02:00,On
2026/04/12 02:01,On
2026/04/12 02:02,On
2026/04/12 02:20,On
2026/04/12 02:21,On
2026/04/12 02:22,On
2026/04/12 02:40,On
2026/04/12 02:41,On
2026/04/12 02:42,On
2026/04/12 03:00,On
2026/04/12 03:01,On
2026/04/12 03:02,On
2026/04/12 03:20,On
2026/04/12 03:21,On
2026/04/12 03:22,On
2026/04/12 03:40,On
2026/04/12 03:41,On
2026/04/12 03:42,On
2026/04/12 04:00,On
2026/04/12 04:01,On
2026/04/12 04:02,On
2026/04/12 04:20,On
2026/04/12 04:21,On
2026/04/12 04:22,On
2026/04/12 04:40,On
2026/04/12 04:41,On
2026/04/12 04:42,On
2026/04/12 05:00,On
2026/04/12 05:01,On
2026/04/12 05:02,On
2026/04/12 05:20,On
2026/04/12 05:21,On
2026/04/12 05:22,On
2026/04/12 05:40,On
2026/04/12 05:41,On
2026/04/12 05:42,On
2026/04/12 06:00,On
2026/04/12 06:01,On
2026/04/12 06:02,On
2026/04/12 06:20,On
2026/04/12 06:21,On
2026/04/12 06:22,On
2026/04/12 06:40,On
2026/04/12 06:41,On
2026/04/12 06:42,On
2026/04/12 07:00,On
2026/04/12 07:01,On
2026/04/12 07:02,On
2026/04/12 07:20,On
2026/04/12 07:21,On
2026/04/12 07:22,On
2026/04/12 07:40,On
2026/04/12 07:41,On
2026/04/12 07:42,On
2026/04/12 08:00,On
2026/04/12 08:01,On
2026/04/12 08:02,On
2026/04/12 08:20,On
2026/04/12 08:21,On
2026/04/12 08:22,On
2026/04/12 08:40,On
2026/04/12 08:41,On
2026/04/12 08:42,On
2026/04/12 09:00,On
2026/04/12 09:01,On
2026/04/12 09:02,On
2026/04/12 09:20,On
2026/04/12 09:21,On
2026/04/12 09:22,On
2026/04/12 09:40,On
2026/04/12 09:41,On
2026/04/12 09:42,On
2026/04/12 10:00,On
2026/04/12 10:01,On
2026/04/12 10:02,On
2026/04/12 10:20,On
2026/04/12 10:21,On
2026/04/12 10:22,On
2026/04/12 10:40,On
2026/04/12 10:41,On
2026/04/12 10:42,On
2026/04/12 11:00,On
2026/04/12 11:01,On
2026/04/12 11:02,On
2026/04/12 11:20,On
2026/04/12 11:21,On
2026/04/12 11:22,On
2026/04/12 11:40,On
2026/04/12 11:41,On
2026/04/12 11:42,On
2026/04/12 12:00,On
2026/04/12 12:01,On
2026/04/12 12:02,On
2026/04/12 12:20,On
2026/04/12 12:21,On
2026/04/12 12:22,On
2026/04/12 12:40,On
2026/04/12 12:41,On
2026/04/12 12:42,On
2026/04/12 13:00,On
2026/04/12 13:01,On
2026/04/12 13:02,On
2026/04/12 13:20,On
2026/04/12 13:21,On
2026/04/12 13:22,On
2026/04/12 13:40,On
2026/04/12 13:41,On
2026/04/12 13:42,On
2026/04/12 14:00,On
2026/04/12 14:01,On
2026/04/12 14:02,On
2026/04/12 14:20,On
2026/04/12 14:21,On
2026/04/12 14:22,On
2026/04/12 14:40,On
2026/04/12 14:41,On
2026/04/12 14:42,On
2026/04/12 15:00,On
2026/04/12 15:01,On
2026/04/12 15:02,On
2026/04/12 15:20,On
2026/04/12 15:21,On
2026/04/12 15:22,On
2026/04/12 15:40,On
2026/04/12 15:41,On
2026/04/12 15:42,On
2026/04/12 16:00,On
2026/04/12 16:01,On
2026/04/12 16:02,On
2026/04/12 16:20,On
2026/04/12 16:21,On
2026/04/12 16:22,On
2026/04/12 16:40,On
2026/04/12 16:41,On
2026/04/12 16:42,On
2026/04/12 17:00,On
2026/04/12 17:01,On
2026/04/12 17:02,On
2026/04/12 17:20,On
2026/04/12 17:21,On
2026/04/12 17:22,On
2026/04/12 17:40,On
2026/04/12 17:41,On
2026/04/12 17:42,On
2026/04/12 18:00,On
2026/04/12 18:01,On
2026/04/12 18:02,On
2026/04/12 18:20,On
2026/04/12 18:21,On
2026/04/12 18:22,On
2026/04/12 18:40,On
2026/04/12 18:41,On
2026/04/12 18:42,On
2026/04/12 19:00,On
2026/04/12 19:01,On
2026/04/12 19:02,On
2026/04/12 19:20,On
2026/04/12 19:21,On
2026/04/12 19:22,On
2026/04/12 19:40,On
2026/04/12 19:41,On
2026/04/12 19:42,On
2026/04/12 20:00,On
2026/04/12 20:01,On
2026/04/12 20:02,On
2026/04/12 20:20,On
2026/04/12 20:21,On
2026/04/12 20:22,On
2026/04/12 20:40,On
2026/04/12 20:41,On
2026/04/12 20:42,On
2026/04/12 21:00,On
2026/04/12 21:01,On
2026/04/12 21:02,On
2026/04/12 21:20,On
2026/04/12 21:21,On
2026/04/12 21:22,On
2026/04/12 21:40,On
2026/04/12 21:41,On
2026/04/12 21:42,On
2026/04/12 22:00,On
2026/04/12 22:01,On
2026/04/12 22:02,On
2026/04/12 22:20,On
2026/04/12 22:21,On
2026/04/12 22:22,On
2026/04/12 22:40,On
2026/04/12 22:41,On
2026/04/12 22:42,On
2026/04/12 23:00,On
2026/04/12 23:01,On
2026/04/12 23:02,On
2026/04/12 23:20,On
2026/04/12 23:21,On
2026/04/12 23:22,On
2026/04/12 23:40,On
2026/04/12 23:41,On
2026/04/12 23:42,On
2026/04/13 00:00,On
2026/04/13 00:01,On
2026/04/13 00:02,On
2026/04/13 00:20,On
2026/04/13 00:21,On
2026/04/13 00:22,On
2026/04/13 00:40,On
2026/04/13 00:41,On
2026/04/13 00:42,On
2026/04/13 01:00,On
2026/04/13 01:01,On
2026/04/13 01:02,On
2026/04/13 01:20,On
2026/04/13 01:21,On
2026/04/13 01:22,On
2026/04/13 01:40,On
2026/04/13 01:41,On
2026/04/13 01:42,On
2026/04/13 02:00,On
2026/04/13 02:01,On
2026/04/13 02:02,On
2026/04/13 02:20,On
2026/04/13 02:21,On
2026/04/13 02:22,On
2026/04/13 02:40,On
2026/04/13 02:41,On
2026/04/13 02:42,On
2026/04/13 03:00,On
2026/04/13 03:01,On
2026/04/13 03:02,On
2026/04/13 03:20,On
2026/04/13 03:21,On
2026/04/13 03:22,On
2026/04/13 03:40,On
2026/04/13 03:41,On
2026/04/13 03:42,On
2026/04/13 04:00,On
2026/04/13 04:01,On
2026/04/13 04:02,On
2026/04/13 04:20,On
2026/04/13 04:21,On
2026/04/13 04:22,On
2026/04/13 04:40,On
2026/04/13 04:41,On
2026/04/13 04:42,On
2026/04/13 05:00,On
2026/04/13 05:01,On
2026/04/13 05:02,On
2026/04/13 05:20,On
2026/04/13 05:21,On
2026/04/13 05:22,On
2026/04/13 05:40,On
2026/04/13 05:41,On
2026/04/13 05:42,On
2026/04/13 06:00,On
2026/04/13 06:01,On
2026/04/13 06:02,On
2026/04/13 06:20,On
2026/04/13 06:21,On
2026/04/13 06:22,On
2026/04/13 06:40,On
2026/04/13 06:41,On
2026/04/13 06:42,On
2026/04/13 07:00,On
2026/04/13 07:01,On
2026/04/13 07:02,On
2026/04/13 07:20,On
2026/04/13 07:21,On
2026/04/13 07:22,On
2026/04/13 07:40,On
2026/04/13 07:41,On
2026/04/13 07:42,On
2026/04/13 08:00,On
2026/04/13 08:01,On
2026/04/13 08:02,On
2026/04/13 08:20,On
2026/04/13 08:21,On
2026/04/13 08:22,On
2026/04/13 08:40,On
2026/04/13 08:41,On
2026/04/13 08:42,On
2026/04/13 09:00,On
2026/04/13 09:01,On
2026/04/13 09:02,On
2026/04/13 09:20,On
2026/04/13 09:21,On
2026/04/13 09:22,On
2026/04/13 09:40,On
2026/04/13 09:41,On
2026/04/13 09:42,On
2026/04/13 10:00,On
2026/04/13 10:01,On
2026/04/13 10:02,On
2026/04/13 10:20,On
2026/04/13 10:21,On
2026/04/13 10:22,On
2026/04/13 10:40,On
2026/04/13 10:41,On
2026/04/13 10:42,On
2026/04/13 11:00,On
2026/04/13 11:01,On
2026/04/13 11:02,On
2026/04/13 11:20,On
2026/04/13 11:21,On
2026/04/13 11:22,On
2026/04/13 11:40,On
2026/04/13 11:41,On
2026/04/13 11:42,On
2026/04/13 12:00,On
2026/04/13 12:01,On
2026/04/13 12:02,On
2026/04/13 12:20,On
2026/04/13 12:21,On
2026/04/13 12:22,On
2026/04/13 12:40,On
2026/04/13 12:41,On
2026/04/13 12:42,On
2026/04/13 13:00,On
2026/04/13 13:01,On
2026/04/13 13:02,On
2026/04/13 13:20,On
2026/04/13 13:21,On
2026/04/13 13:22,On
2026/04/13 13:40,On
2026/04/13 13:41,On
2026/04/13 13:42,On
2026/04/13 14:00,On
2026/04/13 14:01,On
2026/04/13 14:02,On
2026/04/13 14:20,On
2026/04/13 14:21,On
2026/04/13 14:22,On
2026/04/13 14:40,On
2026/04/13 14:41,On
2026/04/13 14:42,On
2026/04/13 15:00,On
2026/04/13 15:01,On
2026/04/13 15:02,On
2026/04/13 15:20,On
2026/04/13 15:21,On
2026/04/13 15:22,On
2026/04/13 15:40,On
2026/04/13 15:41,On
2026/04/13 15:42,On
2026/04/13 16:00,On
2026/04/13 16:01,On
2026/04/13 16:02,On
2026/04/13 16:20,On
2026/04/13 16:21,On
2026/04/13 16:22,On
2026/04/13 16:40,On
2026/04/13 16:41,On
2026/04/13 16:42,On
2026/04/13 17:00,On
2026/04/13 17:01,On
2026/04/13 17:02,On
2026/04/13 17:20,On
2026/04/13 17:21,On
2026/04/13 17:22,On
2026/04/13 17:40,On
2026/04/13 17:41,On
2026/04/13 17:42,On
2026/04/13 18:00,On
2026/04/13 18:01,On
2026/04/13 18:02,On
2026/04/13 18:20,On
2026/04/13 18:21,On
2026/04/13 18:22,On
2026/04/13 18:40,On
2026/04/13 18:41,On
2026/04/13 18:42,On
2026/04/13 19:00,On
2026/04/13 19:01,On
2026/04/13 19:02,On
2026/04/13 19:20,On
2026/04/13 19:21,On
2026/04/13 19:22,On
2026/04/13 19:40,On
2026/04/13 19:41,On
2026/04/13 19:42,On
2026/04/13 20:00,On
2026/04/13 20:01,On
2026/04/13 20:02,On
2026/04/13 20:20,On
2026/04/13 20:21,On
2026/04/13 20:22,On
2026/04/13 20:40,On
2026/04/13 20:41,On
2026/04/13 20:42,On
2026/04/13 21:00,On
2026/04/13 21:01,On
2026/04/13 21:02,On
2026/04/13 21:20,On
2026/04/13 21:21,On
2026/04/13 21:22,On
2026/04/13 21:40,On
2026/04/13 21:41,On
2026/04/13 21:42,On
2026/04/13 22:00,On
2026/04/13 22:01,On
2026/04/13 22:02,On
2026/04/13 22:20,On
2026/04/13 22:21,On
2026/04/13 22:22,On
2026/04/13 22:40,On
2026/04/13 22:41,On
2026/04/13 22:42,On
2026/04/13 23:00,On
2026/04/13 23:01,On
2026/04/13 23:02,On
2026/04/13 23:20,On
2026/04/13 23:21,On
2026/04/13 23:22,On
2026/04/13 23:40,On
2026/04/13 23:41,On
2026/04/13 23:42,On
2026/04/14 00:00,On
2026/04/14 00:01,On
2026/04/14 00:02,On
2026/04/14 00:20,On
2026/04/14 00:21,On
2026/04/14 00:22,On
2026/04/14 00:40,On
2026/04/14 00:41,On
2026/04/14 00:42,On
2026/04/14 01:00,On
2026/04/14 01:01,On
2026/04/14 01:02,On
2026/04/14 01:20,On
2026/04/14 01:21,On
2026/04/14 01:22,On
2026/04/14 01:40,On
2026/04/14 01:41,On
2026/04/14 01:42,On
2026/04/14 02:00,On
2026/04/14 02:01,On
2026/04/14 02:02,On
2026/04/14 02:20,On
2026/04/14 02:21,On
2026/04/14 02:22,On
2026/04/14 02:40,On
2026/04/14 02:41,On
2026/04/14 02:42,On
2026/04/14 03:00,On
2026/04/14 03:01,On
2026/04/14 03:02,On
2026/04/14 03:20,On
2026/04/14 03:21,On
2026/04/14 03:22,On
2026/04/14 03:40,On
2026/04/14 03:41,On
2026/04/14 03:42,On
2026/04/14 04:00,On
2026/04/14 04:01,On
2026/04/14 04:02,On
2026/04/14 04:20,On
2026/04/14 04:21,On
2026/04/14 04:22,On
2026/04/14 04:40,On
2026/04/14 04:41,On
2026/04/14 04:42,On
2026/04/14 05:00,On
2026/04/14 05:01,On
2026/04/14 05:02,On
2026/04/14 05:20,On
2026/04/14 05:21,On
2026/04/14 05:22,On
2026/04/14 05:40,On
2026/04/14 05:41,On
2026/04/14 05:42,On
2026/04/14 06:00,On
2026/04/14 06:01,On
2026/04/14 06:02,On
2026/04/14 06:20,On
2026/04/14 06:21,On
2026/04/14 06:22,On
2026/04/14 06:40,On
2026/04/14 06:41,On
2026/04/14 06:42,On
2026/04/14 07:00,On
2026/04/14 07:01,On
2026/04/14 07:02,On
2026/04/14 07:20,On
2026/04/14 07:21,On
2026/04/14 07:22,On
2026/04/14 07:40,On
2026/04/14 07:41,On
2026/04/14 07:42,On
2026/04/14 08:00,On
2026/04/14 08:01,On
2026/04/14 08:02,On
2026/04/14 08:20,On
2026/04/14 08:21,On
2026/04/14 08:22,On
2026/04/14 08:40,On
2026/04/14 08:41,On
2026/04/14 08:42,On
2026/04/14 09:00,On
2026/04/14 09:01,On
2026/04/14 09:02,On
2026/04/14 09:20,On
2026/04/14 09:21,On
2026/04/14 09:22,On
2026/04/14 09:40,On
2026/04/14 09:41,On
2026/04/14 09:42,On
2026/04/14 10:00,On
2026/04/14 10:01,On
2026/04/14 10:02,On
2026/04/14 10:20,On
2026/04/14 10:21,On
2026/04/14 10:22,On
2026/04/14 10:40,On
2026/04/14 10:41,On
2026/04/14 10:42,On
2026/04/14 11:00,On
2026/04/14 11:01,On
2026/04/14 11:02,On
2026/04/14 11:20,On
2026/04/14 11:21,On
2026/04/14 11:22,On
2026/04/14 11:40,On
2026/04/14 11:41,On
2026/04/14 11:42,On
2026/04/14 12:00,On
2026/04/14 12:01,On
2026/04/14 12:02,On
2026/04/14 12:20,On
2026/04/14 12:21,On
2026/04/14 12:22,On
2026/04/14 12:40,On
2026/04/14 12:41,On
2026/04/14 12:42,On
2026/04/14 13:00,On
2026/04/14 13:01,On
2026/04/14 13:02,On
2026/04/14 13:20,On
2026/04/14 13:21,On
2026/04/14 13:22,On
2026/04/14 13:40,On
2026/04/14 13:41,On
2026/04/14 13:42,On
2026/04/14 14:00,On
2026/04/14 14:01,On
2026/04/14 14:02,On
2026/04/14 14:20,On
2026/04/14 14:21,On
2026/04/14 14:22,On
2026/04/14 14:40,On
2026/04/14 14:41,On
2026/04/14 14:42,On
2026/04/14 15:00,On
2026/04/14 15:01,On
2026/04/14 15:02,On
2026/04/14 15:20,On
2026/04/14 15:21,On
2026/04/14 15:22,On
2026/04/14 15:40,On
2026/04/14 15:41,On
2026/04/14 15:42,On
2026/04/14 16:00,On
2026/04/14 16:01,On
2026/04/14 16:02,On
2026/04/14 16:20,On
2026/04/14 16:21,On
2026/04/14 16:22,On
2026/04/14 16:40,On
2026/04/14 16:41,On
2026/04/14 16:42,On
2026/04/14 17:00,On
2026/04/14 17:01,On
2026/04/14 17:02,On
2026/04/14 17:20,On
2026/04/14 17:21,On
2026/04/14 17:22,On
2026/04/14 17:40,On
2026/04/14 17:41,On
2026/04/14 17:42,On
2026/04/14 18:00,On
2026/04/14 18:01,On
2026/04/14 18:02,On
2026/04/14 18:20,On
2026/04/14 18:21,On
2026/04/14 18:22,On
2026/04/14 18:40,On
2026/04/14 18:41,On
2026/04/14 18:42,On
2026/04/14 19:00,On
2026/04/14 19:01,On
2026/04/14 19:02,On
2026/04/14 19:20,On
2026/04/14 19:21,On
2026/04/14 19:22,On
2026/04/14 19:40,On
2026/04/14 19:41,On
2026/04/14 19:42,On
2026/04/14 20:00,On
2026/04/14 20:01,On
2026/04/14 20:02,On
2026/04/14 20:20,On
2026/04/14 20:21,On
2026/04/14 20:22,On
2026/04/14 20:40,On
2026/04/14 20:41,On
2026/04/14 20:42,On
2026/04/14 21:00,On
2026/04/14 21:01,On
2026/04/14 21:02,On
2026/04/14 21:20,On
2026/04/14 21:21,On
2026/04/14 21:22,On
2026/04/14 21:40,On
2026/04/14 21:41,On
2026/04/14 21:42,On
2026/04/14 22:00,On
2026/04/14 22:01,On
2026/04/14 22:02,On
2026/04/14 22:20,On
2026/04/14 22:21,On
2026/04/14 22:22,On
2026/04/14 22:40,On
2026/04/14 22:41,On
2026/04/14 22:42,On
2026/04/14 23:00,On
2026/04/14 23:01,On
2026/04/14 23:02,On
2026/04/14 23:20,On
2026/04/14 23:21,On
2026/04/14 23:22,On
2026/04/14 23:40,On
2026/04/14 23:41,On
2026/04/14 23:42,On
2026/04/15 00:00,On
2026/04/15 00:01,On
2026/04/15 00:02,On
2026/04/15 00:20,On
2026/04/15 00:21,On
2026/04/15 00:22,On
2026/04/15 00:40,On
2026/04/15 00:41,On
2026/04/15 00:42,On
2026/04/15 01:00,On
2026/04/15 01:01,On
2026/04/15 01:02,On
2026/04/15 01:20,On
2026/04/15 01:21,On
2026/04/15 01:22,On
2026/04/15 01:40,On
2026/04/15 01:41,On
2026/04/15 01:42,On
2026/04/15 02:00,On
2026/04/15 02:01,On
2026/04/15 02:02,On
2026/04/15 02:20,On
2026/04/15 02:21,On
2026/04/15 02:22,On
2026/04/15 02:40,On
2026/04/15 02:41,On
2026/04/15 02:42,On
2026/04/15 03:00,On
2026/04/15 03:01,On
2026/04/15 03:02,On
2026/04/15 03:20,On
2026/04/15 03:21,On
2026/04/15 03:22,On
2026/04/15 03:40,On
2026/04/15 03:41,On
2026/04/15 03:42,On
2026/04/15 04:00,On
2026/04/15 04:01,On
2026/04/15 04:02,On
2026/04/15 04:20,On
2026/04/15 04:21,On
2026/04/15 04:22,On
2026/04/15 04:40,On
2026/04/15 04:41,On
2026/04/15 04:42,On
2026/04/15 05:00,On
2026/04/15 05:01,On
2026/04/15 05:02,On
2026/04/15 05:20,On
2026/04/15 05:21,On
2026/04/15 05:22,On
2026/04/15 05:40,On
2026/04/15 05:41,On
2026/04/15 05:42,On
2026/04/15 06:00,On
2026/04/15 06:01,On
2026/04/15 06:02,On
2026/04/15 06:20,On
2026/04/15 06:21,On
2026/04/15 06:22,On
2026/04/15 06:40,On
2026/04/15 06:41,On
2026/04/15 06:42,On
2026/04/15 07:00,On
2026/04/15 07:01,On
2026/04/15 07:02,On
2026/04/15 07:20,On
2026/04/15 07:21,On
2026/04/15 07:22,On
2026/04/15 07:40,On
2026/04/15 07:41,On
2026/04/15 07:42,On
2026/04/15 08:00,On
2026/04/15 08:01,On
2026/04/15 08:02,On
2026/04/15 08:20,On
2026/04/15 08:21,On
2026/04/15 08:22,On
2026/04/15 08:40,On
2026/04/15 08:41,On
2026/04/15 08:42,On
2026/04/15 09:00,On
2026/04/15 09:01,On
2026/04/15 09:02,On
2026/04/15 09:20,On
2026/04/15 09:21,On
2026/04/15 09:22,On
2026/04/15 09:40,On
2026/04/15 09:41,On
2026/04/15 09:42,On
2026/04/15 10:00,On
2026/04/15 10:01,On
2026/04/15 10:02,On
2026/04/15 10:20,On
2026/04/15 10:21,On
2026/04/15 10:22,On
2026/04/15 10:40,On
2026/04/15 10:41,On
2026/04/15 10:42,On
2026/04/15 11:00,On
2026/04/15 11:01,On
2026/04/15 11:02,On
2026/04/15 11:20,On
2026/04/15 11:21,On
2026/04/15 11:22,On
2026/04/15 11:40,On
2026/04/15 11:41,On
2026/04/15 11:42,On
2026/04/15 12:00,On
2026/04/15 12:01,On
2026/04/15 12:02,On
2026/04/15 12:20,On
2026/04/15 12:21,On
2026/04/15 12:22,On
2026/04/15 12:40,On
2026/04/15 12:41,On
2026/04/15 12:42,On
2026/04/15 13:00,On
2026/04/15 13:01,On
2026/04/15 13:02,On
2026/04/15 13:20,On
2026/04/15 13:21,On
2026/04/15 13:22,On
2026/04/15 13:40,On
2026/04/15 13:41,On
2026/04/15 13:42,On
2026/04/15 14:00,On
2026/04/15 14:01,On
2026/04/15 14:02,On
2026/04/15 14:20,On
2026/04/15 14:21,On
2026/04/15 14:22,On
2026/04/15 14:40,On
2026/04/15 14:41,On
2026/04/15 14:42,On
2026/04/15 15:00,On
2026/04/15 15:01,On
2026/04/15 15:02,On
2026/04/15 15:20,On
2026/04/15 15:21,On
2026/04/15 15:22,On
2026/04/15 15:40,On
2026/04/15 15:41,On
2026/04/15 15:42,On
2026/04/15 16:00,On
2026/04/15 16:01,On
2026/04/15 16:02,On
2026/04/15 16:20,On
2026/04/15 16:21,On
2026/04/15 16:22,On
2026/04/15 16:40,On
2026/04/15 16:41,On
2026/04/15 16:42,On
2026/04/15 17:00,On
2026/04/15 17:01,On
2026/04/15 17:02,On
2026/04/15 17:20,On
2026/04/15 17:21,On
2026/04/15 17:22,On
2026/04/15 17:40,On
2026/04/15 17:41,On
2026/04/15 17:42,On
2026/04/15 18:20,On
2026/04/15 18:21,On
2026/04/15 18:22,On
2026/04/15 18:40,On
2026/04/15 18:41,On
2026/04/15 18:42,On
2026/04/15 19:00,On
2026/04/15 19:01,On
2026/04/15 19:02,On
2026/04/15 19:20,On
2026/04/15 19:21,On
2026/04/15 19:22,On
2026/04/15 19:40,On
2026/04/15 19:41,On
2026/04/15 19:42,On
2026/04/15 20:00,On
2026/04/15 20:01,On
2026/04/15 20:02,On
2026/04/15 20:20,On
2026/04/15 20:21,On
2026/04/15 20:22,On
2026/04/15 20:40,On
2026/04/15 20:41,On
2026/04/15 20:42,On
2026/04/15 21:00,On
2026/04/15 21:01,On
2026/04/15 21:02,On
2026/04/15 21:20,On
2026/04/15 21:21,On
2026/04/15 21:22,On
2026/04/15 21:40,On
2026/04/15 21:41,On
2026/04/15 21:42,On
2026/04/15 22:00,On
2026/04/15 22:01,On
2026/04/15 22:02,On
2026/04/15 22:20,On
2026/04/15 22:21,On
2026/04/15 22:22,On
2026/04/15 22:40,On
2026/04/15 22:41,On
2026/04/15 22:42,On
2026/04/15 23:00,On
2026/04/15 23:01,On
2026/04/15 23:02,On
2026/04/15 23:20,On
2026/04/15 23:21,On
2026/04/15 23:22,On
2026/04/15 23:40,On
2026/04/15 23:41,On
2026/04/15 23:42,On
2026/04/16 00:00,On
2026/04/16 00:01,On
2026/04/16 00:02,On
2026/04/16 00:20,On
2026/04/16 00:21,On
2026/04/16 00:22,On
2026/04/16 00:40,On
2026/04/16 00:41,On
2026/04/16 00:42,On
2026/04/16 01:00,On
2026/04/16 01:01,On
2026/04/16 01:02,On
2026/04/16 01:20,On
2026/04/16 01:21,On
2026/04/16 01:22,On
2026/04/16 01:40,On
2026/04/16 01:41,On
2026/04/16 01:42,On
2026/04/16 02:00,On
2026/04/16 02:01,On
2026/04/16 02:02,On
2026/04/16 02:20,On
2026/04/16 02:21,On
2026/04/16 02:22,On
2026/04/16 02:40,On
2026/04/16 02:41,On
2026/04/16 02:42,On
2026/04/16 03:00,On
2026/04/16 03:01,On
2026/04/16 03:02,On
2026/04/16 03:20,On
2026/04/16 03:21,On
2026/04/16 03:22,On
2026/04/16 03:40,On
2026/04/16 03:41,On
2026/04/16 03:42,On
2026/04/16 04:00,On
2026/04/16 04:01,On
2026/04/16 04:02,On
2026/04/16 04:20,On
2026/04/16 04:21,On
2026/04/16 04:22,On
2026/04/16 04:40,On
2026/04/16 04:41,On
2026/04/16 04:42,On
2026/04/16 05:00,On
2026/04/16 05:01,On
2026/04/16 05:02,On
2026/04/16 05:20,On
2026/04/16 05:21,On
2026/04/16 05:22,On
2026/04/16 05:40,On
2026/04/16 05:41,On
2026/04/16 05:42,On
2026/04/16 06:00,On
2026/04/16 06:01,On
2026/04/16 06:02,On
2026/04/16 06:20,On
2026/04/16 06:21,On
2026/04/16 06:22,On
2026/04/16 06:40,On
2026/04/16 06:41,On
2026/04/16 06:42,On
2026/04/16 07:00,On
2026/04/16 07:01,On
2026/04/16 07:02,On
2026/04/16 07:20,On
2026/04/16 07:21,On
2026/04/16 07:22,On
2026/04/16 07:40,On
2026/04/16 07:41,On
2026/04/16 07:42,On
2026/04/16 08:00,On
2026/04/16 08:01,On
2026/04/16 08:02,On
2026/04/16 08:20,On
2026/04/16 08:21,On
2026/04/16 08:22,On
2026/04/16 08:40,On
2026/04/16 08:41,On
2026/04/16 08:42,On
2026/04/16 09:00,On
2026/04/16 09:01,On
2026/04/16 09:02,On
2026/04/16 09:20,On
2026/04/16 09:21,On
2026/04/16 09:22,On
2026/04/16 09:40,On
2026/04/16 09:41,On
2026/04/16 09:42,On
2026/04/16 10:00,On
2026/04/16 10:01,On
2026/04/16 10:02,On
2026/04/16 10:20,On
2026/04/16 10:21,On
2026/04/16 10:22,On
2026/04/16 10:40,On
2026/04/16 10:41,On
2026/04/16 10:42,On
2026/04/16 11:00,On
2026/04/16 11:01,On
2026/04/16 11:02,On
2026/04/16 11:20,On
2026/04/16 11:21,On
2026/04/16 11:22,On
2026/04/16 11:40,On
2026/04/16 11:41,On
2026/04/16 11:42,On
2026/04/16 12:00,On
2026/04/16 12:01,On
2026/04/16 12:02,On
2026/04/16 12:20,On
2026/04/16 12:21,On
2026/04/16 12:22,On
2026/04/16 12:40,On
2026/04/16 12:41,On
2026/04/16 12:42,On
2026/04/16 13:00,On
2026/04/16 13:01,On
2026/04/16 13:02,On
2026/04/16 13:20,On
2026/04/16 13:21,On
2026/04/16 13:22,On
2026/04/16 13:40,On
2026/04/16 13:41,On
2026/04/16 13:42,On
2026/04/16 14:00,On
2026/04/16 14:01,On
2026/04/16 14:02,On
2026/04/16 14:20,On
2026/04/16 14:21,On
2026/04/16 14:22,On
2026/04/16 14:40,On
2026/04/16 14:41,On
2026/04/16 14:42,On
2026/04/16 15:00,On
2026/04/16 15:01,On
2026/04/16 15:02,On
2026/04/16 15:20,On
2026/04/16 15:21,On
2026/04/16 15:22,On
2026/04/16 15:40,On
2026/04/16 15:41,On
2026/04/16 15:42,On
2026/04/16 16:00,On
2026/04/16 16:01,On
2026/04/16 16:02,On
2026/04/16 16:20,On
2026/04/16 16:21,On
2026/04/16 16:22,On
2026/04/16 16:40,On
2026/04/16 16:41,On
2026/04/16 16:42,On
2026/04/16 17:00,On
2026/04/16 17:01,On
2026/04/16 17:02,On
2026/04/16 17:20,On
2026/04/16 17:21,On
2026/04/16 17:22,On
2026/04/16 17:40,On
2026/04/16 17:41,On
2026/04/16 17:42,On
2026/04/16 18:00,On
2026/04/16 18:01,On
2026/04/16 18:02,On
2026/04/16 18:20,On
2026/04/16 18:21,On
2026/04/16 18:22,On
2026/04/16 18:40,On
2026/04/16 18:41,On
2026/04/16 18:42,On
2026/04/16 19:00,On
2026/04/16 19:01,On
2026/04/16 19:02,On
2026/04/16 19:20,On
2026/04/16 19:21,On
2026/04/16 19:22,On
2026/04/16 19:40,On
2026/04/16 19:41,On
2026/04/16 19:42,On
2026/04/16 20:00,On
2026/04/16 20:01,On
2026/04/16 20:02,On
2026/04/16 20:20,On
2026/04/16 20:21,On
2026/04/16 20:22,On
2026/04/16 20:40,On
2026/04/16 20:41,On
2026/04/16 20:42,On
2026/04/16 21:00,On
2026/04/16 21:01,On
2026/04/16 21:02,On
2026/04/16 21:20,On
2026/04/16 21:21,On
2026/04/16 21:22,On
2026/04/16 21:40,On
2026/04/16 21:41,On
2026/04/16 21:42,On
2026/04/16 22:00,On
2026/04/16 22:01,On
2026/04/16 22:02,On
2026/04/16 22:20,On
2026/04/16 22:21,On
2026/04/16 22:22,On
2026/04/16 22:40,On
2026/04/16 22:41,On
2026/04/16 22:42,On
2026/04/16 23:00,On
2026/04/16 23:01,On
2026/04/16 23:02,On
2026/04/16 23:20,On
2026/04/16 23:21,On
2026/04/16 23:22,On
2026/04/16 23:40,On
2026/04/16 23:41,On
2026/04/16 23:42,On
2026/04/17 00:00,On
2026/04/17 00:01,On
2026/04/17 00:02,On
2026/04/17 00:20,On
2026/04/17 00:21,On
2026/04/17 00:22,On
2026/04/17 00:40,On
2026/04/17 00:41,On
2026/04/17 00:42,On
2026/04/17 01:00,On
2026/04/17 01:01,On
2026/04/17 01:02,On
2026/04/17 01:20,On
2026/04/17 01:21,On
2026/04/17 01:22,On
2026/04/17 01:40,On
2026/04/17 01:41,On
2026/04/17 01:42,On
2026/04/17 02:00,On
2026/04/17 02:01,On
2026/04/17 02:02,On
2026/04/17 02:20,On
2026/04/17 02:21,On
2026/04/17 02:22,On
2026/04/17 02:40,On
2026/04/17 02:41,On
2026/04/17 02:42,On
2026/04/17 03:00,On
2026/04/17 03:01,On
2026/04/17 03:02,On
2026/04/17 03:20,On
2026/04/17 03:21,On
2026/04/17 03:22,On
2026/04/17 03:40,On
2026/04/17 03:41,On
2026/04/17 03:42,On
2026/04/17 04:00,On
2026/04/17 04:01,On
2026/04/17 04:02,On
2026/04/17 04:20,On
2026/04/17 04:21,On
2026/04/17 04:22,On
2026/04/17 04:40,On
2026/04/17 04:41,On
2026/04/17 04:42,On
2026/04/17 05:00,On
2026/04/17 05:01,On
2026/04/17 05:02,On
2026/04/17 05:20,On
2026/04/17 05:21,On
2026/04/17 05:22,On
2026/04/17 05:40,On
2026/04/17 05:41,On
2026/04/17 05:42,On
2026/04/17 06:00,On
2026/04/17 06:01,On
2026/04/17 06:02,On
2026/04/17 06:20,On
2026/04/17 06:21,On
2026/04/17 06:22,On
2026/04/17 06:40,On
2026/04/17 06:41,On
2026/04/17 06:42,On
2026/04/17 07:00,On
2026/04/17 07:01,On
2026/04/17 07:02,On
2026/04/17 07:20,On
2026/04/17 07:21,On
2026/04/17 07:22,On
2026/04/17 07:40,On
2026/04/17 07:41,On
2026/04/17 07:42,On
2026/04/17 08:00,On
2026/04/17 08:01,On
2026/04/17 08:02,On
2026/04/17 08:20,On
2026/04/17 08:21,On
2026/04/17 08:22,On
2026/04/17 08:40,On
2026/04/17 08:41,On
2026/04/17 08:42,On
2026/04/17 09:00,On
2026/04/17 09:01,On
2026/04/17 09:02,On
2026/04/17 09:20,On
2026/04/17 09:21,On
2026/04/17 09:22,On
2026/04/17 09:40,On
2026/04/17 09:41,On
2026/04/17 09:42,On
2026/04/17 10:00,On
2026/04/17 10:01,On
2026/04/17 10:02,On
2026/04/17 10:20,On
2026/04/17 10:21,On
2026/04/17 10:22,On
2026/04/17 10:40,On
2026/04/17 10:41,On
2026/04/17 10:42,On
2026/04/17 11:00,On
2026/04/17 11:01,On
2026/04/17 11:02,On
2026/04/17 11:20,On
2026/04/17 11:21,On
2026/04/17 11:22,On
2026/04/17 11:40,On
2026/04/17 11:41,On
2026/04/17 11:42,On
2026/04/17 12:00,On
2026/04/17 12:01,On
2026/04/17 12:02,On
2026/04/17 12:20,On
2026/04/17 12:21,On
2026/04/17 12:22,On
2026/04/17 12:40,On
2026/04/17 12:41,On
2026/04/17 12:42,On
2026/04/17 13:00,On
2026/04/17 13:01,On
2026/04/17 13:02,On
2026/04/17 13:20,On
2026/04/17 13:21,On
2026/04/17 13:22,On
2026/04/17 13:40,On
2026/04/17 13:41,On
2026/04/17 13:42,On
2026/04/17 14:00,On
2026/04/17 14:01,On
2026/04/17 14:02,On
2026/04/17 14:20,On
2026/04/17 14:21,On
2026/04/17 14:22,On
2026/04/17 14:40,On
2026/04/17 14:41,On
2026/04/17 14:42,On
2026/04/17 15:00,On
2026/04/17 15:01,On
2026/04/17 15:02,On
2026/04/17 15:20,On
2026/04/17 15:21,On
2026/04/17 15:22,On
2026/04/17 15:40,On
2026/04/17 15:41,On
2026/04/17 15:42,On
2026/04/17 16:00,On
2026/04/17 16:01,On
2026/04/17 16:02,On
2026/04/17 16:20,On
2026/04/17 16:21,On
2026/04/17 16:22,On
2026/04/17 16:40,On
2026/04/17 16:41,On
2026/04/17 16:42,On
2026/04/17 17:00,On
2026/04/17 17:01,On
2026/04/17 17:02,On
2026/04/17 17:20,On
2026/04/17 17:21,On
2026/04/17 17:22,On
2026/04/17 17:40,On
2026/04/17 17:41,On
2026/04/17 17:42,On
2026/04/17 18:00,On
2026/04/17 18:01,On
2026/04/17 18:02,On
2026/04/17 18:20,On
2026/04/17 18:21,On
2026/04/17 18:22,On
2026/04/17 18:40,On
2026/04/17 18:41,On
2026/04/17 18:42,On
2026/04/17 19:00,On
2026/04/17 19:01,On
2026/04/17 19:02,On
2026/04/17 19:20,On
2026/04/17 19:21,On
2026/04/17 19:22,On
2026/04/17 19:40,On
2026/04/17 19:41,On
2026/04/17 19:42,On
2026/04/17 20:00,On
2026/04/17 20:01,On
2026/04/17 20:02,On
2026/04/17 20:20,On
2026/04/17 20:21,On
2026/04/17 20:22,On
2026/04/17 20:40,On
2026/04/17 20:41,On
2026/04/17 20:42,On
2026/04/17 21:00,On
2026/04/17 21:01,On
2026/04/17 21:02,On
2026/04/17 21:20,On
2026/04/17 21:21,On
2026/04/17 21:22,On
2026/04/17 21:40,On
2026/04/17 21:41,On
2026/04/17 21:42,On
2026/04/17 22:00,On
2026/04/17 22:01,On
2026/04/17 22:02,On
2026/04/17 22:20,On
2026/04/17 22:21,On
2026/04/17 22:22,On
2026/04/17 22:40,On
2026/04/17 22:41,On
2026/04/17 22:42,On
2026/04/17 23:00,On
2026/04/17 23:01,On
2026/04/17 23:02,On
2026/04/17 23:20,On
2026/04/17 23:21,On
2026/04/17 23:22,On
2026/04/17 23:40,On
2026/04/17 23:41,On
2026/04/17 23:42,On
2026/04/18 00:00,On
2026/04/18 00:01,On
2026/04/18 00:02,On
2026/04/18 00:20,On
2026/04/18 00:21,On
2026/04/18 00:22,On
2026/04/18 00:40,On
2026/04/18 00:41,On
2026/04/18 00:42,On
2026/04/18 01:00,On
2026/04/18 01:01,On
2026/04/18 01:02,On
2026/04/18 01:20,On
2026/04/18 01:21,On
2026/04/18 01:22,On
2026/04/18 01:40,On
2026/04/18 01:41,On
2026/04/18 01:42,On
2026/04/18 02:00,On
2026/04/18 02:01,On
2026/04/18 02:02,On
2026/04/18 02:20,On
2026/04/18 02:21,On
2026/04/18 02:22,On
2026/04/18 02:40,On
2026/04/18 02:41,On
2026/04/18 02:42,On
2026/04/18 03:00,On
2026/04/18 03:01,On
2026/04/18 03:02,On
2026/04/18 03:20,On
2026/04/18 03:21,On
2026/04/18 03:22,On
2026/04/18 03:40,On
2026/04/18 03:41,On
2026/04/18 03:42,On
2026/04/18 04:00,On
2026/04/18 04:01,On
2026/04/18 04:02,On
2026/04/18 04:20,On
2026/04/18 04:21,On
2026/04/18 04:22,On
2026/04/18 04:40,On
2026/04/18 04:41,On
2026/04/18 04:42,On
2026/04/18 05:00,On
2026/04/18 05:01,On
2026/04/18 05:02,On
2026/04/18 05:20,On
2026/04/18 05:21,On
2026/04/18 05:22,On
2026/04/18 05:40,On
2026/04/18 05:41,On
2026/04/18 05:42,On
2026/04/18 06:00,On
2026/04/18 06:01,On
2026/04/18 06:02,On
2026/04/18 06:20,On
2026/04/18 06:21,On
2026/04/18 06:22,On
2026/04/18 06:40,On
2026/04/18 06:41,On
2026/04/18 06:42,On
2026/04/18 07:00,On
2026/04/18 07:01,On
2026/04/18 07:02,On
2026/04/18 07:20,On
2026/04/18 07:21,On
2026/04/18 07:22,On
2026/04/18 07:40,On
2026/04/18 07:41,On
2026/04/18 07:42,On
2026/04/18 08:00,On
2026/04/18 08:01,On
2026/04/18 08:02,On
2026/04/18 08:20,On
2026/04/18 08:21,On
2026/04/18 08:22,On
2026/04/18 08:40,On
2026/04/18 08:41,On
2026/04/18 08:42,On
2026/04/18 09:00,On
2026/04/18 09:01,On
2026/04/18 09:02,On
2026/04/18 09:20,On
2026/04/18 09:21,On
2026/04/18 09:22,On
2026/04/18 09:40,On
2026/04/18 09:41,On
2026/04/18 09:42,On
2026/04/18 10:00,On
2026/04/18 10:01,On
2026/04/18 10:02,On
2026/04/18 10:20,On
2026/04/18 10:21,On
2026/04/18 10:22,On
2026/04/18 10:40,On
2026/04/18 10:41,On
2026/04/18 10:42,On
2026/04/18 11:00,On
2026/04/18 11:01,On
2026/04/18 11:02,On
2026/04/18 11:20,On
2026/04/18 11:21,On
2026/04/18 11:22,On
2026/04/18 11:40,On
2026/04/18 11:41,On
2026/04/18 11:42,On
2026/04/18 12:00,On
2026/04/18 12:01,On
2026/04/18 12:02,On
2026/04/18 12:20,On
2026/04/18 12:21,On
2026/04/18 12:22,On
2026/04/18 12:40,On
2026/04/18 12:41,On
2026/04/18 12:42,On
2026/04/18 13:00,On
2026/04/18 13:01,On
2026/04/18 13:02,On
2026/04/18 13:20,On
2026/04/18 13:21,On
2026/04/18 13:22,On
2026/04/18 13:40,On
2026/04/18 13:41,On
2026/04/18 13:42,On
2026/04/18 14:00,On
2026/04/18 14:01,On
2026/04/18 14:02,On
2026/04/18 14:20,On
2026/04/18 14:21,On
2026/04/18 14:22,On
2026/04/18 14:40,On
2026/04/18 14:41,On
2026/04/18 14:42,On
2026/04/18 15:00,On
2026/04/18 15:01,On
2026/04/18 15:02,On
2026/04/18 15:20,On
2026/04/18 15:21,On
2026/04/18 15:22,On
2026/04/18 15:40,On
2026/04/18 15:41,On
2026/04/18 15:42,On
2026/04/18 16:00,On
2026/04/18 16:01,On
2026/04/18 16:02,On
2026/04/18 16:20,On
2026/04/18 16:21,On
2026/04/18 16:22,On
2026/04/18 16:40,On
2026/04/18 16:41,On
2026/04/18 16:42,On
2026/04/18 17:00,On
2026/04/18 17:01,On
2026/04/18 17:02,On
2026/04/18 17:20,On
2026/04/18 17:21,On
2026/04/18 17:22,On
2026/04/18 17:40,On
2026/04/18 17:41,On
2026/04/18 17:42,On
2026/04/18 18:00,On
2026/04/18 18:01,On
2026/04/18 18:02,On
2026/04/18 18:20,On
2026/04/18 18:21,On
2026/04/18 18:22,On
2026/04/18 18:40,On
2026/04/18 18:41,On
2026/04/18 18:42,On
2026/04/18 19:00,On
2026/04/18 19:01,On
2026/04/18 19:02,On
2026/04/18 19:20,On
2026/04/18 19:21,On
2026/04/18 19:22,On
2026/04/18 19:40,On
2026/04/18 19:41,On
2026/04/18 19:42,On
2026/04/18 20:00,On
2026/04/18 20:01,On
2026/04/18 20:02,On
2026/04/18 20:20,On
2026/04/18 20:21,On
2026/04/18 20:22,On
2026/04/18 20:40,On
2026/04/18 20:41,On
2026/04/18 20:42,On
2026/04/18 21:00,On
2026/04/18 21:01,On
2026/04/18 21:02,On
2026/04/18 21:20,On
2026/04/18 21:21,On
2026/04/18 21:22,On
2026/04/18 21:40,On
2026/04/18 21:41,On
2026/04/18 21:42,On
2026/04/18 22:00,On
2026/04/18 22:01,On
2026/04/18 22:02,On
2026/04/18 22:20,On
2026/04/18 22:21,On
2026/04/18 22:22,On
2026/04/18 22:40,On
2026/04/18 22:41,On
2026/04/18 22:42,On
2026/04/18 23:00,On
2026/04/18 23:01,On
2026/04/18 23:02,On
2026/04/18 23:20,On
2026/04/18 23:21,On
2026/04/18 23:22,On
2026/04/18 23:40,On
2026/04/18 23:41,On
2026/04/18 23:42,On
2026/04/19 00:00,On
2026/04/19 00:01,On
2026/04/19 00:02,On
2026/04/19 00:20,On
2026/04/19 00:21,On
2026/04/19 00:22,On
2026/04/19 00:40,On
2026/04/19 00:41,On
2026/04/19 00:42,On
2026/04/19 01:00,On
2026/04/19 01:01,On
2026/04/19 01:02,On
2026/04/19 01:20,On
2026/04/19 01:21,On
2026/04/19 01:22,On
2026/04/19 01:40,On
2026/04/19 01:41,On
2026/04/19 01:42,On
2026/04/19 02:00,On
2026/04/19 02:01,On
2026/04/19 02:02,On
2026/04/19 02:20,On
2026/04/19 02:21,On
2026/04/19 02:22,On
2026/04/19 02:40,On
2026/04/19 02:41,On
2026/04/19 02:42,On
2026/04/19 03:00,On
2026/04/19 03:01,On
2026/04/19 03:02,On
2026/04/19 03:20,On
2026/04/19 03:21,On
2026/04/19 03:22,On
2026/04/19 03:40,On
2026/04/19 03:41,On
2026/04/19 03:42,On
2026/04/19 04:00,On
2026/04/19 04:01,On
2026/04/19 04:02,On
2026/04/19 04:20,On
2026/04/19 04:21,On
2026/04/19 04:22,On
2026/04/19 04:40,On
2026/04/19 04:41,On
2026/04/19 04:42,On
2026/04/19 05:00,On
2026/04/19 05:01,On
2026/04/19 05:02,On
2026/04/19 05:20,On
2026/04/19 05:21,On
2026/04/19 05:22,On
2026/04/19 05:40,On
2026/04/19 05:41,On
2026/04/19 05:42,On
2026/04/19 06:00,On
2026/04/19 06:01,On
2026/04/19 06:02,On
2026/04/19 06:20,On
2026/04/19 06:21,On
2026/04/19 06:22,On
2026/04/19 06:40,On
2026/04/19 06:41,On
2026/04/19 06:42,On
2026/04/19 07:00,On
2026/04/19 07:01,On
2026/04/19 07:02,On
2026/04/19 07:20,On
2026/04/19 07:21,On
2026/04/19 07:22,On
2026/04/19 07:40,On
2026/04/19 07:41,On
2026/04/19 07:42,On
2026/04/19 08:00,On
2026/04/19 08:01,On
2026/04/19 08:02,On
2026/04/19 08:20,On
2026/04/19 08:21,On
2026/04/19 08:22,On
2026/04/19 08:40,On
2026/04/19 08:41,On
2026/04/19 08:42,On
2026/04/19 09:00,On
2026/04/19 09:01,On
2026/04/19 09:02,On
2026/04/19 09:20,On
2026/04/19 09:21,On
2026/04/19 09:22,On
2026/04/19 09:40,On
2026/04/19 09:41,On
2026/04/19 09:42,On
2026/04/19 10:00,On
2026/04/19 10:01,On
2026/04/19 10:02,On
2026/04/19 10:20,On
2026/04/19 10:21,On
2026/04/19 10:22,On
2026/04/19 10:40,On
2026/04/19 10:41,On
2026/04/19 10:42,On
2026/04/19 11:00,On
2026/04/19 11:01,On
2026/04/19 11:02,On
2026/04/19 11:20,On
2026/04/19 11:21,On
2026/04/19 11:22,On
2026/04/19 11:40,On
2026/04/19 11:41,On
2026/04/19 11:42,On
2026/04/19 12:00,On
2026/04/19 12:01,On
2026/04/19 12:02,On
2026/04/19 12:20,On
2026/04/19 12:21,On
2026/04/19 12:22,On
2026/04/19 12:40,On
2026/04/19 12:41,On
2026/04/19 12:42,On
2026/04/19 13:00,On
2026/04/19 13:01,On
2026/04/19 13:02,On
2026/04/19 13:20,On
2026/04/19 13:21,On
2026/04/19 13:22,On
2026/04/19 13:40,On
2026/04/19 13:41,On
2026/04/19 13:42,On
2026/04/19 14:00,On
2026/04/19 14:01,On
2026/04/19 14:02,On
2026/04/19 14:20,On
2026/04/19 14:21,On
2026/04/19 14:22,On
2026/04/19 14:40,On
2026/04/19 14:41,On
2026/04/19 14:42,On
2026/04/19 15:00,On
2026/04/19 15:01,On
2026/04/19 15:02,On
2026/04/19 15:20,On
2026/04/19 15:21,On
2026/04/19 15:22,On
2026/04/19 15:40,On
2026/04/19 15:41,On
2026/04/19 15:42,On
2026/04/19 16:00,On
2026/04/19 16:01,On
2026/04/19 16:02,On
2026/04/19 16:20,On
2026/04/19 16:21,On
2026/04/19 16:22,On
2026/04/19 16:40,On
2026/04/19 16:41,On
2026/04/19 16:42,On
2026/04/19 17:00,On
2026/04/19 17:01,On
2026/04/19 17:02,On
2026/04/19 17:20,On
2026/04/19 17:21,On
2026/04/19 17:22,On
2026/04/19 17:40,On
2026/04/19 17:41,On
2026/04/19 17:42,On
2026/04/19 18:00,On
2026/04/19 18:01,On
2026/04/19 18:02,On
2026/04/19 18:20,On
2026/04/19 18:21,On
2026/04/19 18:22,On
2026/04/19 18:40,On
2026/04/19 18:41,On
2026/04/19 18:42,On
2026/04/19 19:00,On
2026/04/19 19:01,On
2026/04/19 19:02,On
2026/04/19 19:20,On
2026/04/19 19:21,On
2026/04/19 19:22,On
2026/04/19 19:40,On
2026/04/19 19:41,On
2026/04/19 19:42,On
2026/04/19 20:00,On
2026/04/19 20:01,On
2026/04/19 20:02,On
2026/04/19 20:20,On
2026/04/19 20:21,On
2026/04/19 20:22,On
2026/04/19 20:40,On
2026/04/19 20:41,On
2026/04/19 20:42,On
2026/04/19 21:00,On
2026/04/19 21:01,On
2026/04/19 21:02,On
2026/04/19 21:20,On
2026/04/19 21:21,On
2026/04/19 21:22,On
2026/04/19 21:40,On
2026/04/19 21:41,On
2026/04/19 21:42,On
2026/04/19 22:00,On
2026/04/19 22:01,On
2026/04/19 22:02,On
2026/04/19 22:20,On
2026/04/19 22:21,On
2026/04/19 22:22,On
2026/04/19 22:40,On
2026/04/19 22:41,On
2026/04/19 22:42,On
2026/04/19 23:00,On
2026/04/19 23:01,On
2026/04/19 23:02,On
2026/04/19 23:20,On
2026/04/19 23:21,On
2026/04/19 23:22,On
2026/04/19 23:40,On
2026/04/19 23:41,On
2026/04/19 23:42,On
2026/04/20 00:00,On
2026/04/20 00:01,On
2026/04/20 00:02,On
2026/04/20 00:20,On
2026/04/20 00:21,On
2026/04/20 00:22,On
2026/04/20 00:40,On
2026/04/20 00:41,On
2026/04/20 00:42,On
2026/04/20 01:00,On
2026/04/20 01:01,On
2026/04/20 01:02,On
2026/04/20 01:20,On
2026/04/20 01:21,On
2026/04/20 01:22,On
2026/04/20 01:40,On
2026/04/20 01:41,On
2026/04/20 01:42,On
2026/04/20 02:00,On
2026/04/20 02:01,On
2026/04/20 02:02,On
2026/04/20 02:20,On
2026/04/20 02:21,On
2026/04/20 02:22,On
2026/04/20 02:40,On
2026/04/20 02:41,On
2026/04/20 02:42,On
2026/04/20 03:00,On
2026/04/20 03:01,On
2026/04/20 03:02,On
2026/04/20 03:20,On
2026/04/20 03:21,On
2026/04/20 03:22,On
2026/04/20 03:40,On
2026/04/20 03:41,On
2026/04/20 03:42,On
2026/04/20 04:00,On
2026/04/20 04:01,On
2026/04/20 04:02,On
2026/04/20 04:20,On
2026/04/20 04:21,On
2026/04/20 04:22,On
2026/04/20 04:40,On
2026/04/20 04:41,On
2026/04/20 04:42,On
2026/04/20 05:00,On
2026/04/20 05:01,On
2026/04/20 05:02,On
2026/04/20 05:20,On
2026/04/20 05:21,On
2026/04/20 05:22,On
2026/04/20 05:40,On
2026/04/20 05:41,On
2026/04/20 05:42,On
2026/04/20 06:00,On
2026/04/20 06:01,On
2026/04/20 06:02,On
2026/04/20 06:20,On
2026/04/20 06:21,On
2026/04/20 06:22,On
2026/04/20 06:40,On
2026/04/20 06:41,On
2026/04/20 06:42,On
2026/04/20 07:00,On
2026/04/20 07:01,On
2026/04/20 07:02,On
2026/04/20 07:20,On
2026/04/20 07:21,On
2026/04/20 07:22,On
2026/04/20 07:40,On
2026/04/20 07:41,On
2026/04/20 07:42,On
2026/04/20 08:00,On
2026/04/20 08:01,On
2026/04/20 08:02,On
2026/04/20 08:20,On
2026/04/20 08:21,On
2026/04/20 08:22,On
2026/04/20 08:40,On
2026/04/20 08:41,On
2026/04/20 08:42,On
2026/04/20 09:00,On
2026/04/20 09:01,On
2026/04/20 09:02,On
2026/04/20 09:20,On
2026/04/20 09:21,On
2026/04/20 09:22,On
2026/04/20 09:40,On
2026/04/20 09:41,On
2026/04/20 09:42,On
2026/04/20 10:00,On
2026/04/20 10:01,On
2026/04/20 10:02,On
2026/04/20 10:20,On
2026/04/20 10:21,On
2026/04/20 10:22,On
2026/04/20 10:40,On
2026/04/20 10:41,On
2026/04/20 10:42,On
2026/04/20 11:00,On
2026/04/20 11:01,On
2026/04/20 11:02,On
2026/04/20 11:20,On
2026/04/20 11:21,On
2026/04/20 11:22,On
2026/04/20 11:40,On
2026/04/20 11:41,On
2026/04/20 11:42,On
2026/04/20 12:00,On
2026/04/20 12:01,On
2026/04/20 12:02,On
2026/04/20 12:20,On
2026/04/20 12:21,On
2026/04/20 12:22,On
2026/04/20 12:40,On
2026/04/20 12:41,On
2026/04/20 12:42,On
2026/04/20 13:00,On
2026/04/20 13:01,On
2026/04/20 13:02,On
2026/04/20 13:20,On
2026/04/20 13:21,On
2026/04/20 13:22,On
2026/04/20 13:40,On
2026/04/20 13:41,On
2026/04/20 13:42,On
2026/04/20 14:00,On
2026/04/20 14:01,On
2026/04/20 14:02,On
2026/04/20 14:20,On
2026/04/20 14:21,On
2026/04/20 14:22,On
2026/04/20 14:40,On
2026/04/20 14:41,On
2026/04/20 14:42,On
2026/04/20 15:00,On
2026/04/20 15:01,On
2026/04/20 15:02,On
2026/04/20 15:20,On
2026/04/20 15:21,On
2026/04/20 15:22,On
2026/04/20 15:40,On
2026/04/20 15:41,On
2026/04/20 15:42,On
2026/04/20 16:00,On
2026/04/20 16:01,On
2026/04/20 16:02,On
2026/04/20 16:20,On
2026/04/20 16:21,On
2026/04/20 16:22,On
2026/04/20 16:40,On
2026/04/20 16:41,On
2026/04/20 16:42,On
2026/04/20 17:00,On
2026/04/20 17:01,On
2026/04/20 17:02,On
2026/04/20 17:20,On
2026/04/20 17:21,On
2026/04/20 17:22,On
2026/04/20 17:40,On
2026/04/20 17:41,On
2026/04/20 17:42,On
2026/04/20 18:00,On
2026/04/20 18:01,On
2026/04/20 18:02,On
2026/04/20 18:20,On
2026/04/20 18:21,On
2026/04/20 18:22,On
2026/04/20 18:40,On
2026/04/20 18:41,On
2026/04/20 18:42,On
2026/04/20 19:00,On
2026/04/20 19:01,On
2026/04/20 19:02,On
2026/04/20 19:20,On
2026/04/20 19:21,On
2026/04/20 19:22,On
2026/04/20 19:40,On
2026/04/20 19:41,On
2026/04/20 19:42,On
2026/04/20 20:00,On
2026/04/20 20:01,On
2026/04/20 20:02,On
2026/04/20 20:20,On
2026/04/20 20:21,On
2026/04/20 20:22,On
2026/04/20 20:40,On
2026/04/20 20:41,On
2026/04/20 20:42,On
2026/04/20 21:00,On
2026/04/20 21:01,On
2026/04/20 21:02,On
2026/04/20 21:20,On
2026/04/20 21:21,On
2026/04/20 21:22,On
2026/04/20 21:40,On
2026/04/20 21:41,On
2026/04/20 21:42,On
2026/04/20 22:00,On
2026/04/20 22:01,On
2026/04/20 22:02,On
2026/04/20 22:20,On
2026/04/20 22:21,On
2026/04/20 22:22,On
2026/04/20 22:40,On
2026/04/20 22:41,On
2026/04/20 22:42,On
2026/04/20 23:00,On
2026/04/20 23:01,On
2026/04/20 23:02,On
2026/04/20 23:20,On
2026/04/20 23:21,On
2026/04/20 23:22,On
2026/04/20 23:40,On
2026/04/20 23:41,On
2026/04/20 23:42,On
2026/04/21 00:00,On
2026/04/21 00:01,On
2026/04/21 00:02,On
2026/04/21 00:20,On
2026/04/21 00:21,On
2026/04/21 00:22,On
2026/04/21 00:40,On
2026/04/21 00:41,On
2026/04/21 00:42,On
2026/04/21 01:00,On
2026/04/21 01:01,On
2026/04/21 01:02,On
2026/04/21 01:20,On
2026/04/21 01:21,On
2026/04/21 01:22,On
2026/04/21 01:40,On
2026/04/21 01:41,On
2026/04/21 01:42,On
2026/04/21 02:00,On
2026/04/21 02:01,On
2026/04/21 02:02,On
2026/04/21 02:20,On
2026/04/21 02:21,On
2026/04/21 02:22,On
2026/04/21 02:40,On
2026/04/21 02:41,On
2026/04/21 02:42,On
2026/04/21 03:00,On
2026/04/21 03:01,On
2026/04/21 03:02,On
2026/04/21 03:20,On
2026/04/21 03:21,On
2026/04/21 03:22,On
2026/04/21 03:40,On
2026/04/21 03:41,On
2026/04/21 03:42,On
2026/04/21 04:00,On
2026/04/21 04:01,On
2026/04/21 04:02,On
2026/04/21 04:20,On
2026/04/21 04:21,On
2026/04/21 04:22,On
2026/04/21 04:40,On
2026/04/21 04:41,On
2026/04/21 04:42,On
2026/04/21 05:00,On
2026/04/21 05:01,On
2026/04/21 05:02,On
2026/04/21 05:20,On
2026/04/21 05:21,On
2026/04/21 05:22,On
2026/04/21 05:40,On
2026/04/21 05:41,On
2026/04/21 05:42,On
2026/04/21 06:00,On
2026/04/21 06:01,On
2026/04/21 06:02,On
2026/04/21 06:20,On
2026/04/21 06:21,On
2026/04/21 06:22,On
2026/04/21 06:40,On
2026/04/21 06:41,On
2026/04/21 06:42,On
2026/04/21 07:00,On
2026/04/21 07:01,On
2026/04/21 07:02,On
2026/04/21 07:20,On
2026/04/21 07:21,On
2026/04/21 07:22,On
2026/04/21 07:40,On
2026/04/21 07:41,On
2026/04/21 07:42,On
2026/04/21 08:00,On
2026/04/21 08:01,On
2026/04/21 08:02,On
2026/04/21 08:20,On
2026/04/21 08:21,On
2026/04/21 08:22,On
2026/04/21 08:40,On
2026/04/21 08:41,On
2026/04/21 08:42,On
2026/04/21 11:40,On
2026/04/21 11:41,On
2026/04/21 11:42,On
2026/04/21 12:00,On
2026/04/21 12:01,On
2026/04/21 12:02,On
2026/04/21 12:20,On
2026/04/21 12:21,On
2026/04/21 12:22,On
2026/04/21 12:40,On
2026/04/21 12:41,On
2026/04/21 12:42,On
2026/04/21 13:00,On
2026/04/21 13:01,On
2026/04/21 13:02,On
2026/04/21 13:20,On
2026/04/21 13:21,On
2026/04/21 13:22,On
2026/04/21 13:40,On
2026/04/21 13:41,On
2026/04/21 13:42,On
2026/04/21 14:00,On
2026/04/21 14:01,On
2026/04/21 14:02,On
2026/04/21 14:20,On
2026/04/21 14:21,On
2026/04/21 14:22,On
2026/04/21 14:40,On
2026/04/21 14:41,On
2026/04/21 14:42,On
2026/04/21 15:00,On
2026/04/21 15:01,On
2026/04/21 15:02,On
2026/04/21 15:20,On
2026/04/21 15:21,On
2026/04/21 15:22,On
2026/04/21 15:40,On
2026/04/21 15:41,On
2026/04/21 15:42,On
2026/04/21 16:00,On
2026/04/21 16:01,On
2026/04/21 16:02,On
2026/04/21 16:20,On
2026/04/21 16:21,On
2026/04/21 16:22,On
2026/04/21 16:40,On
2026/04/21 16:41,On
2026/04/21 16:42,On
2026/04/21 17:00,On
2026/04/21 17:01,On
2026/04/21 17:02,On
2026/04/21 17:20,On
2026/04/21 17:21,On
2026/04/21 17:22,On
2026/04/21 17:40,On
2026/04/21 17:41,On
2026/04/21 17:42,On
2026/04/21 18:00,On
2026/04/21 18:01,On
2026/04/21 18:02,On
2026/04/21 18:20,On
2026/04/21 18:21,On
2026/04/21 18:22,On
2026/04/21 18:40,On
2026/04/21 18:41,On
2026/04/21 18:42,On
2026/04/21 19:00,On
2026/04/21 19:01,On
2026/04/21 19:02,On
2026/04/21 19:20,On
2026/04/21 19:21,On
2026/04/21 19:22,On
2026/04/21 19:40,On
2026/04/21 19:41,On
2026/04/21 19:42,On
2026/04/21 20:00,On
2026/04/21 20:01,On
2026/04/21 20:02,On
2026/04/21 20:20,On
2026/04/21 20:21,On
2026/04/21 20:22,On
2026/04/21 20:40,On
2026/04/21 20:41,On
2026/04/21 20:42,On
2026/04/21 21:00,On
2026/04/21 21:01,On
2026/04/21 21:02,On
2026/04/21 21:20,On
2026/04/21 21:21,On
2026/04/21 21:22,On
2026/04/21 21:40,On
2026/04/21 21:41,On
2026/04/21 21:42,On
2026/04/21 22:00,On
2026/04/21 22:01,On
2026/04/21 22:02,On
2026/04/21 22:20,On
2026/04/21 22:21,On
2026/04/21 22:22,On
2026/04/21 22:40,On
2026/04/21 22:41,On
2026/04/21 22:42,On
2026/04/21 23:00,On
2026/04/21 23:01,On
2026/04/21 23:02,On
2026/04/21 23:20,On
2026/04/21 23:21,On
2026/04/21 23:22,On
2026/04/21 23:40,On
2026/04/21 23:41,On
2026/04/21 23:42,On
2026/04/22 00:00,On
2026/04/22 00:01,On
2026/04/22 00:02,On
2026/04/22 00:20,On
2026/04/22 00:21,On
2026/04/22 00:22,On
2026/04/22 00:40,On
2026/04/22 00:41,On
2026/04/22 00:42,On
2026/04/22 01:00,On
2026/04/22 01:01,On
2026/04/22 01:02,On
2026/04/22 01:20,On
2026/04/22 01:21,On
2026/04/22 01:22,On
2026/04/22 01:40,On
2026/04/22 01:41,On
2026/04/22 01:42,On
2026/04/22 02:00,On
2026/04/22 02:01,On
2026/04/22 02:02,On
2026/04/22 02:20,On
2026/04/22 02:21,On
2026/04/22 02:22,On
2026/04/22 02:40,On
2026/04/22 02:41,On
2026/04/22 02:42,On
2026/04/22 03:00,On
2026/04/22 03:01,On
2026/04/22 03:02,On
2026/04/22 03:20,On
2026/04/22 03:21,On
2026/04/22 03:22,On
2026/04/22 03:40,On
2026/04/22 03:41,On
2026/04/22 03:42,On
2026/04/22 04:00,On
2026/04/22 04:01,On
2026/04/22 04:02,On
2026/04/22 04:20,On
2026/04/22 04:21,On
2026/04/22 04:22,On
2026/04/22 04:40,On
2026/04/22 04:41,On
2026/04/22 04:42,On
2026/04/22 05:00,On
2026/04/22 05:01,On
2026/04/22 05:02,On
2026/04/22 05:20,On
2026/04/22 05:21,On
2026/04/22 05:22,On
2026/04/22 05:40,On
2026/04/22 05:41,On
2026/04/22 05:42,On
2026/04/22 06:00,On
2026/04/22 06:01,On
2026/04/22 06:02,On
2026/04/22 06:20,On
2026/04/22 06:21,On
2026/04/22 06:22,On
2026/04/22 06:40,On
2026/04/22 06:41,On
2026/04/22 06:42,On
2026/04/22 07:00,On
2026/04/22 07:01,On
2026/04/22 07:02,On
2026/04/22 07:20,On
2026/04/22 07:21,On
2026/04/22 07:22,On
2026/04/22 07:40,On
2026/04/22 07:41,On
2026/04/22 07:42,On
2026/04/22 08:00,On
2026/04/22 08:01,On
2026/04/22 08:02,On
2026/04/22 08:20,On
2026/04/22 08:21,On
2026/04/22 08:22,On
2026/04/22 08:40,On
2026/04/22 08:41,On
2026/04/22 08:42,On
2026/04/22 09:00,On
2026/04/22 09:01,On
2026/04/22 09:02,On
2026/04/22 09:20,On
2026/04/22 09:21,On
2026/04/22 09:22,On
2026/04/22 09:40,On
2026/04/22 09:41,On
2026/04/22 09:42,On
2026/04/22 12:00,On
2026/04/22 12:01,On
2026/04/22 12:02,On
2026/04/22 12:20,On
2026/04/22 12:21,On
2026/04/22 12:22,On
2026/04/22 12:40,On
2026/04/22 12:41,On
2026/04/22 12:42,On
2026/04/22 13:00,On
2026/04/22 13:01,On
2026/04/22 13:02,On
2026/04/22 13:20,On
2026/04/22 13:21,On
2026/04/22 13:22,On
2026/04/22 13:40,On
2026/04/22 13:41,On
2026/04/22 13:42,On
2026/04/22 14:00,On
2026/04/22 14:01,On
2026/04/22 14:02,On
2026/04/22 14:20,On
2026/04/22 14:21,On
2026/04/22 14:22,On
2026/04/22 14:40,On
2026/04/22 14:41,On
2026/04/22 14:42,On
2026/04/22 15:00,On
2026/04/22 15:01,On
2026/04/22 15:02,On
2026/04/22 15:20,On
2026/04/22 15:21,On
2026/04/22 15:22,On
2026/04/22 15:40,On
2026/04/22 15:41,On
2026/04/22 15:42,On
2026/04/22 16:00,On
2026/04/22 16:01,On
2026/04/22 16:02,On
2026/04/22 16:20,On
2026/04/22 16:21,On
2026/04/22 16:22,On
2026/04/22 16:40,On
2026/04/22 16:41,On
2026/04/22 16:42,On
2026/04/22 17:00,On
2026/04/22 17:01,On
2026/04/22 17:02,On
2026/04/22 17:20,On
2026/04/22 17:21,On
2026/04/22 17:22,On
2026/04/22 17:40,On
2026/04/22 17:41,On
2026/04/22 17:42,On
2026/04/22 18:00,On
2026/04/22 18:01,On
2026/04/22 18:02,On
2026/04/22 18:20,On
2026/04/22 18:21,On
2026/04/22 18:22,On
2026/04/22 18:40,On
2026/04/22 18:41,On
2026/04/22 18:42,On
2026/04/22 19:00,On
2026/04/22 19:01,On
2026/04/22 19:02,On
2026/04/22 19:20,On
2026/04/22 19:21,On
2026/04/22 19:22,On
2026/04/22 19:40,On
2026/04/22 19:41,On
2026/04/22 19:42,On
2026/04/22 20:00,On
2026/04/22 20:01,On
2026/04/22 20:02,On
2026/04/22 20:20,On
2026/04/22 20:21,On
2026/04/22 20:22,On
2026/04/22 20:40,On
2026/04/22 20:41,On
2026/04/22 20:42,On
2026/04/22 21:00,On
2026/04/22 21:01,On
2026/04/22 21:02,On
2026/04/22 21:20,On
2026/04/22 21:21,On
2026/04/22 21:22,On
2026/04/22 21:40,On
2026/04/22 21:41,On
2026/04/22 21:42,On
2026/04/22 22:00,On
2026/04/22 22:01,On
2026/04/22 22:02,On
2026/04/22 22:20,On
2026/04/22 22:21,On
2026/04/22 22:22,On
2026/04/22 22:40,On
2026/04/22 22:41,On
2026/04/22 22:42,On
2026/04/22 23:00,On
2026/04/22 23:01,On
2026/04/22 23:02,On
2026/04/22 23:20,On
2026/04/22 23:21,On
2026/04/22 23:22,On
2026/04/22 23:40,On
2026/04/22 23:41,On
2026/04/22 23:42,On
2026/04/23 00:00,On
2026/04/23 00:01,On
2026/04/23 00:02,On
2026/04/23 00:20,On
2026/04/23 00:21,On
2026/04/23 00:22,On
2026/04/23 00:40,On
2026/04/23 00:41,On
2026/04/23 00:42,On
2026/04/23 01:00,On
2026/04/23 01:01,On
2026/04/23 01:02,On
2026/04/23 01:20,On
2026/04/23 01:21,On
2026/04/23 01:22,On
2026/04/23 01:40,On
2026/04/23 01:41,On
2026/04/23 01:42,On
2026/04/23 02:00,On
2026/04/23 02:01,On
2026/04/23 02:02,On
2026/04/23 02:20,On
2026/04/23 02:21,On
2026/04/23 02:22,On
2026/04/23 02:40,On
2026/04/23 02:41,On
2026/04/23 02:42,On
2026/04/23 03:00,On
2026/04/23 03:01,On
2026/04/23 03:02,On
2026/04/23 03:20,On
2026/04/23 03:21,On
2026/04/23 03:22,On
2026/04/23 03:40,On
2026/04/23 03:41,On
2026/04/23 03:42,On
2026/04/23 04:00,On
2026/04/23 04:01,On
2026/04/23 04:02,On
2026/04/23 04:20,On
2026/04/23 04:21,On
2026/04/23 04:22,On
2026/04/23 04:40,On
2026/04/23 04:41,On
2026/04/23 04:42,On
2026/04/23 05:00,On
2026/04/23 05:01,On
2026/04/23 05:02,On
2026/04/23 05:20,On
2026/04/23 05:21,On
2026/04/23 05:22,On
2026/04/23 05:40,On
2026/04/23 05:41,On
2026/04/23 05:42,On
2026/04/23 06:00,On
2026/04/23 06:01,On
2026/04/23 06:02,On
2026/04/23 06:20,On
2026/04/23 06:21,On
2026/04/23 06:22,On
2026/04/23 06:40,On
2026/04/23 06:41,On
2026/04/23 06:42,On
2026/04/23 07:00,On
2026/04/23 07:01,On
2026/04/23 07:02,On
2026/04/23 07:20,On
2026/04/23 07:21,On
2026/04/23 07:22,On
2026/04/23 07:40,On
2026/04/23 07:41,On
2026/04/23 07:42,On
2026/04/23 08:00,On
2026/04/23 08:01,On
2026/04/23 08:02,On
2026/04/23 08:20,On
2026/04/23 08:21,On
2026/04/23 08:22,On
2026/04/23 08:40,On
2026/04/23 08:41,On
2026/04/23 08:42,On
2026/04/23 09:00,On
2026/04/23 09:01,On
2026/04/23 09:02,On
2026/04/23 09:20,On
2026/04/23 09:21,On
2026/04/23 09:22,On
2026/04/23 09:40,On
2026/04/23 09:41,On
2026/04/23 09:42,On
2026/04/23 10:00,On
2026/04/23 10:01,On
2026/04/23 10:02,On
2026/04/23 10:20,On
2026/04/23 10:21,On
2026/04/23 10:22,On
2026/04/23 10:40,On
2026/04/23 10:41,On
2026/04/23 10:42,On
2026/04/23 11:00,On
2026/04/23 11:01,On
2026/04/23 11:02,On
2026/04/23 11:20,On
2026/04/23 11:21,On
2026/04/23 11:22,On
2026/04/23 11:40,On
2026/04/23 11:41,On
2026/04/23 11:42,On
2026/04/23 12:00,On
2026/04/23 12:01,On
2026/04/23 12:02,On
2026/04/23 12:20,On
2026/04/23 12:21,On
2026/04/23 12:22,On
2026/04/23 12:40,On
2026/04/23 12:41,On
2026/04/23 12:42,On
2026/04/23 13:00,On
2026/04/23 13:01,On
2026/04/23 13:02,On
2026/04/23 13:20,On
2026/04/23 13:21,On
2026/04/23 13:22,On
2026/04/23 13:40,On
2026/04/23 13:41,On
2026/04/23 13:42,On
2026/04/23 14:00,On
2026/04/23 14:01,On
2026/04/23 14:02,On
2026/04/23 14:20,On
2026/04/23 14:21,On
2026/04/23 14:22,On
2026/04/23 14:40,On
2026/04/23 14:41,On
2026/04/23 14:42,On
2026/04/23 15:00,On
2026/04/23 15:01,On
2026/04/23 15:02,On
2026/04/23 15:20,On
2026/04/23 15:21,On
2026/04/23 15:22,On
2026/04/23 15:40,On
2026/04/23 15:41,On
2026/04/23 15:42,On
2026/04/23 16:00,On
2026/04/23 16:01,On
2026/04/23 16:02,On
2026/04/23 16:20,On
2026/04/23 16:21,On
2026/04/23 16:22,On
2026/04/23 16:40,On
2026/04/23 16:41,On
2026/04/23 16:42,On
2026/04/23 17:00,On
2026/04/23 17:01,On
2026/04/23 17:02,On
2026/04/23 17:20,On
2026/04/23 17:21,On
2026/04/23 17:22,On
2026/04/23 17:40,On
2026/04/23 17:41,On
2026/04/23 17:42,On
2026/04/23 18:00,On
2026/04/23 18:01,On
2026/04/23 18:02,On
2026/04/23 18:20,On
2026/04/23 18:21,On
2026/04/23 18:22,On
2026/04/23 18:40,On
2026/04/23 18:41,On
2026/04/23 18:42,On
2026/04/23 19:00,On
2026/04/23 19:01,On
2026/04/23 19:02,On
2026/04/23 19:20,On
2026/04/23 19:21,On
2026/04/23 19:22,On
2026/04/23 19:40,On
2026/04/23 19:41,On
2026/04/23 19:42,On
2026/04/23 20:00,On
2026/04/23 20:01,On
2026/04/23 20:02,On
2026/04/23 20:20,On
2026/04/23 20:21,On
2026/04/23 20:22,On
2026/04/23 20:40,On
2026/04/23 20:41,On
2026/04/23 20:42,On
2026/04/23 21:00,On
2026/04/23 21:01,On
2026/04/23 21:02,On
2026/04/23 21:20,On
2026/04/23 21:21,On
2026/04/23 21:22,On
2026/04/23 21:40,On
2026/04/23 21:41,On
2026/04/23 21:42,On
2026/04/23 22:00,On
2026/04/23 22:01,On
2026/04/23 22:02,On
2026/04/23 22:20,On
2026/04/23 22:21,On
2026/04/23 22:22,On
2026/04/23 22:40,On
2026/04/23 22:41,On
2026/04/23 22:42,On
2026/04/23 23:00,On
2026/04/23 23:01,On
2026/04/23 23:02,On
2026/04/23 23:20,On
2026/04/23 23:21,On
2026/04/23 23:22,On
2026/04/23 23:40,On
2026/04/23 23:41,On
2026/04/23 23:42,On
2026/04/24 00:00,On
2026/04/24 00:01,On
2026/04/24 00:02,On
2026/04/24 00:20,On
2026/04/24 00:21,On
2026/04/24 00:22,On
2026/04/24 00:40,On
2026/04/24 00:41,On
2026/04/24 00:42,On
2026/04/24 01:00,On
2026/04/24 01:01,On
2026/04/24 01:02,On
2026/04/24 01:20,On
2026/04/24 01:21,On
2026/04/24 01:22,On
2026/04/24 01:40,On
2026/04/24 01:41,On
2026/04/24 01:42,On
2026/04/24 02:00,On
2026/04/24 02:01,On
2026/04/24 02:02,On
2026/04/24 02:20,On
2026/04/24 02:21,On
2026/04/24 02:22,On
2026/04/24 02:40,On
2026/04/24 02:41,On
2026/04/24 02:42,On
2026/04/24 03:00,On
2026/04/24 03:01,On
2026/04/24 03:02,On
2026/04/24 03:20,On
2026/04/24 03:21,On
2026/04/24 03:22,On
2026/04/24 03:40,On
2026/04/24 03:41,On
2026/04/24 03:42,On
2026/04/24 04:00,On
2026/04/24 04:01,On
2026/04/24 04:02,On
2026/04/24 04:20,On
2026/04/24 04:21,On
2026/04/24 04:22,On
2026/04/24 04:40,On
2026/04/24 04:41,On
2026/04/24 04:42,On
2026/04/24 05:00,On
2026/04/24 05:01,On
2026/04/24 05:02,On
2026/04/24 05:20,On
2026/04/24 05:21,On
2026/04/24 05:22,On
2026/04/24 05:40,On
2026/04/24 05:41,On
2026/04/24 05:42,On
2026/04/24 06:00,On
2026/04/24 06:01,On
2026/04/24 06:02,On
2026/04/24 06:20,On
2026/04/24 06:21,On
2026/04/24 06:22,On
2026/04/24 06:40,On
2026/04/24 06:41,On
2026/04/24 06:42,On
2026/04/24 07:00,On
2026/04/24 07:01,On
2026/04/24 07:02,On
2026/04/24 07:20,On
2026/04/24 07:21,On
2026/04/24 07:22,On
2026/04/24 07:40,On
2026/04/24 07:41,On
2026/04/24 07:42,On
2026/04/24 08:00,On
2026/04/24 08:01,On
2026/04/24 08:02,On
2026/04/24 08:20,On
2026/04/24 08:21,On
2026/04/24 08:22,On
2026/04/24 08:40,On
2026/04/24 08:41,On
2026/04/24 08:42,On
2026/04/24 09:00,On
2026/04/24 09:01,On
2026/04/24 09:02,On
2026/04/24 09:20,On
2026/04/24 09:21,On
2026/04/24 09:22,On
2026/04/24 09:40,On
2026/04/24 09:41,On
2026/04/24 09:42,On
2026/04/24 10:00,On
2026/04/24 10:01,On
2026/04/24 10:02,On
2026/04/24 10:20,On
2026/04/24 10:21,On
2026/04/24 10:22,On
2026/04/24 10:40,On
2026/04/24 10:41,On
2026/04/24 10:42,On
2026/04/24 11:00,On
2026/04/24 11:01,On
2026/04/24 11:02,On
2026/04/24 11:20,On
2026/04/24 11:21,On
2026/04/24 11:22,On
2026/04/24 11:40,On
2026/04/24 11:41,On
2026/04/24 11:42,On
2026/04/24 12:00,On
2026/04/24 12:01,On
2026/04/24 12:02,On
2026/04/24 12:20,On
2026/04/24 12:21,On
2026/04/24 12:22,On
2026/04/24 12:40,On
2026/04/24 12:41,On
2026/04/24 12:42,On
2026/04/24 13:00,On
2026/04/24 13:01,On
2026/04/24 13:02,On
2026/04/24 13:20,On
2026/04/24 13:21,On
2026/04/24 13:22,On
2026/04/24 13:40,On
2026/04/24 13:41,On
2026/04/24 13:42,On
2026/04/24 14:00,On
2026/04/24 14:01,On
2026/04/24 14:02,On
2026/04/24 14:20,On
2026/04/24 14:21,On
2026/04/24 14:22,On
2026/04/24 14:40,On
2026/04/24 14:41,On
2026/04/24 14:42,On
2026/04/24 15:00,On
2026/04/24 15:01,On
2026/04/24 15:02,On
2026/04/24 15:20,On
2026/04/24 15:21,On
2026/04/24 15:22,On
2026/04/24 15:40,On
2026/04/24 15:41,On
2026/04/24 15:42,On
2026/04/24 16:00,On
2026/04/24 16:01,On
2026/04/24 16:02,On
2026/04/24 16:20,On
2026/04/24 16:21,On
2026/04/24 16:22,On
2026/04/24 16:40,On
2026/04/24 16:41,On
2026/04/24 16:42,On
2026/04/24 17:00,On
2026/04/24 17:01,On
2026/04/24 17:02,On
2026/04/24 17:20,On
2026/04/24 17:21,On
2026/04/24 17:22,On
2026/04/24 17:40,On
2026/04/24 17:41,On
2026/04/24 17:42,On
2026/04/24 18:00,On
2026/04/24 18:01,On
2026/04/24 18:02,On
2026/04/24 18:20,On
2026/04/24 18:21,On
2026/04/24 18:22,On
2026/04/24 18:40,On
2026/04/24 18:41,On
2026/04/24 18:42,On
2026/04/24 19:00,On
2026/04/24 19:01,On
2026/04/24 19:02,On
2026/04/24 19:20,On
2026/04/24 19:21,On
2026/04/24 19:22,On
2026/04/24 19:40,On
2026/04/24 19:41,On
2026/04/24 19:42,On
2026/04/24 20:00,On
2026/04/24 20:01,On
2026/04/24 20:02,On
2026/04/24 20:20,On
2026/04/24 20:21,On
2026/04/24 20:22,On
2026/04/24 20:40,On
2026/04/24 20:41,On
2026/04/24 20:42,On
2026/04/24 21:00,On
2026/04/24 21:01,On
2026/04/24 21:02,On
2026/04/24 21:20,On
2026/04/24 21:21,On
2026/04/24 21:22,On
2026/04/24 21:40,On
2026/04/24 21:41,On
2026/04/24 21:42,On
2026/04/24 22:00,On
2026/04/24 22:01,On
2026/04/24 22:02,On
2026/04/24 22:20,On
2026/04/24 22:21,On
2026/04/24 22:22,On
2026/04/24 22:40,On
2026/04/24 22:41,On
2026/04/24 22:42,On
2026/04/24 23:00,On
2026/04/24 23:01,On
2026/04/24 23:02,On
2026/04/24 23:20,On
2026/04/24 23:21,On
2026/04/24 23:22,On
2026/04/24 23:40,On
2026/04/24 23:41,On
2026/04/24 23:42,On
2026/04/25 00:00,On
2026/04/25 00:01,On
2026/04/25 00:02,On
2026/04/25 00:20,On
2026/04/25 00:21,On
2026/04/25 00:22,On
2026/04/25 00:40,On
2026/04/25 00:41,On
2026/04/25 00:42,On
2026/04/25 01:00,On
2026/04/25 01:01,On
2026/04/25 01:02,On
2026/04/25 01:20,On
2026/04/25 01:21,On
2026/04/25 01:22,On
2026/04/25 01:40,On
2026/04/25 01:41,On
2026/04/25 01:42,On
2026/04/25 02:00,On
2026/04/25 02:01,On
2026/04/25 02:02,On
2026/04/25 02:20,On
2026/04/25 02:21,On
2026/04/25 02:22,On
2026/04/25 02:40,On
2026/04/25 02:41,On
2026/04/25 02:42,On
2026/04/25 03:00,On
2026/04/25 03:01,On
2026/04/25 03:02,On
2026/04/25 03:20,On
2026/04/25 03:21,On
2026/04/25 03:22,On
2026/04/25 03:40,On
2026/04/25 03:41,On
2026/04/25 03:42,On
2026/04/25 04:00,On
2026/04/25 04:01,On
2026/04/25 04:02,On
2026/04/25 04:20,On
2026/04/25 04:21,On
2026/04/25 04:22,On
2026/04/25 04:40,On
2026/04/25 04:41,On
2026/04/25 04:42,On
2026/04/25 05:00,On
2026/04/25 05:01,On
2026/04/25 05:02,On
2026/04/25 05:20,On
2026/04/25 05:21,On
2026/04/25 05:22,On
2026/04/25 05:40,On
2026/04/25 05:41,On
2026/04/25 05:42,On
2026/04/25 06:00,On
2026/04/25 06:01,On
2026/04/25 06:02,On
2026/04/25 06:20,On
2026/04/25 06:21,On
2026/04/25 06:22,On
2026/04/25 06:40,On
2026/04/25 06:41,On
2026/04/25 06:42,On
2026/04/25 07:00,On
2026/04/25 07:01,On
2026/04/25 07:02,On
2026/04/25 07:20,On
2026/04/25 07:21,On
2026/04/25 07:22,On
2026/04/25 07:40,On
2026/04/25 07:41,On
2026/04/25 07:42,On
2026/04/25 08:00,On
2026/04/25 08:01,On
2026/04/25 08:02,On
2026/04/25 08:20,On
2026/04/25 08:21,On
2026/04/25 08:22,On
2026/04/25 08:40,On
2026/04/25 08:41,On
2026/04/25 08:42,On
2026/04/25 09:00,On
2026/04/25 09:01,On
2026/04/25 09:02,On
2026/04/25 09:20,On
2026/04/25 09:21,On
2026/04/25 09:22,On
2026/04/25 09:40,On
2026/04/25 09:41,On
2026/04/25 09:42,On
2026/04/25 10:00,On
2026/04/25 10:01,On
2026/04/25 10:02,On
2026/04/25 10:20,On
2026/04/25 10:21,On
2026/04/25 10:22,On
2026/04/25 10:40,On
2026/04/25 10:41,On
2026/04/25 10:42,On
2026/04/25 11:00,On
2026/04/25 11:01,On
2026/04/25 11:02,On
2026/04/25 11:20,On
2026/04/25 11:21,On
2026/04/25 11:22,On
2026/04/25 11:40,On
2026/04/25 11:41,On
2026/04/25 11:42,On
2026/04/25 12:00,On
2026/04/25 12:01,On
2026/04/25 12:02,On
2026/04/25 12:20,On
2026/04/25 12:21,On
2026/04/25 12:22,On
2026/04/25 12:40,On
2026/04/25 12:41,On
2026/04/25 12:42,On
2026/04/25 13:00,On
2026/04/25 13:01,On
2026/04/25 13:02,On
2026/04/25 13:20,On
2026/04/25 13:21,On
2026/04/25 13:22,On
2026/04/25 13:40,On
2026/04/25 13:41,On
2026/04/25 13:42,On
2026/04/25 14:00,On
2026/04/25 14:01,On
2026/04/25 14:02,On
2026/04/25 14:20,On
2026/04/25 14:21,On
2026/04/25 14:22,On
2026/04/25 14:40,On
2026/04/25 14:41,On
2026/04/25 14:42,On
2026/04/25 15:00,On
2026/04/25 15:01,On
2026/04/25 15:02,On
2026/04/25 15:20,On
2026/04/25 15:21,On
2026/04/25 15:22,On
2026/04/25 15:40,On
2026/04/25 15:41,On
2026/04/25 15:42,On
2026/04/25 16:00,On
2026/04/25 16:01,On
2026/04/25 16:02,On
2026/04/25 16:20,On
2026/04/25 16:21,On
2026/04/25 16:22,On
2026/04/25 16:40,On
2026/04/25 16:41,On
2026/04/25 16:42,On
2026/04/25 17:00,On
2026/04/25 17:01,On
2026/04/25 17:02,On
2026/04/25 17:20,On
2026/04/25 17:21,On
2026/04/25 17:22,On
2026/04/25 17:40,On
2026/04/25 17:41,On
2026/04/25 17:42,On
2026/04/25 18:00,On
2026/04/25 18:01,On
2026/04/25 18:02,On
2026/04/25 18:20,On
2026/04/25 18:21,On
2026/04/25 18:22,On
2026/04/25 18:40,On
2026/04/25 18:41,On
2026/04/25 18:42,On
2026/04/25 19:00,On
2026/04/25 19:01,On
2026/04/25 19:02,On
2026/04/25 19:20,On
2026/04/25 19:21,On
2026/04/25 19:22,On
2026/04/25 19:40,On
2026/04/25 19:41,On
2026/04/25 19:42,On
2026/04/25 20:00,On
2026/04/25 20:01,On
2026/04/25 20:02,On
2026/04/25 20:20,On
2026/04/25 20:21,On
2026/04/25 20:22,On
2026/04/25 20:40,On
2026/04/25 20:41,On
2026/04/25 20:42,On
2026/04/25 21:00,On
2026/04/25 21:01,On
2026/04/25 21:02,On
2026/04/25 21:20,On
2026/04/25 21:21,On
2026/04/25 21:22,On
2026/04/25 21:40,On
2026/04/25 21:41,On
2026/04/25 21:42,On
2026/04/25 22:00,On
2026/04/25 22:01,On
2026/04/25 22:02,On
2026/04/25 22:20,On
2026/04/25 22:21,On
2026/04/25 22:22,On
2026/04/25 22:40,On
2026/04/25 22:41,On
2026/04/25 22:42,On
2026/04/25 23:00,On
2026/04/25 23:01,On
2026/04/25 23:02,On
2026/04/25 23:20,On
2026/04/25 23:21,On
2026/04/25 23:22,On
2026/04/25 23:40,On
2026/04/25 23:41,On
2026/04/25 23:42,On
2026/04/26 00:00,On
2026/04/26 00:01,On
2026/04/26 00:02,On
2026/04/26 00:20,On
2026/04/26 00:21,On
2026/04/26 00:22,On
2026/04/26 00:40,On
2026/04/26 00:41,On
2026/04/26 00:42,On
2026/04/26 01:00,On
2026/04/26 01:01,On
2026/04/26 01:02,On
2026/04/26 01:20,On
2026/04/26 01:21,On
2026/04/26 01:22,On
2026/04/26 01:40,On
2026/04/26 01:41,On
2026/04/26 01:42,On
2026/04/26 02:00,On
2026/04/26 02:01,On
2026/04/26 02:02,On
2026/04/26 02:20,On
2026/04/26 02:21,On
2026/04/26 02:22,On
2026/04/26 02:40,On
2026/04/26 02:41,On
2026/04/26 02:42,On
2026/04/26 03:00,On
2026/04/26 03:01,On
2026/04/26 03:02,On
2026/04/26 03:20,On
2026/04/26 03:21,On
2026/04/26 03:22,On
2026/04/26 03:40,On
2026/04/26 03:41,On
2026/04/26 03:42,On
2026/04/26 04:00,On
2026/04/26 04:01,On
2026/04/26 04:02,On
2026/04/26 04:20,On
2026/04/26 04:21,On
2026/04/26 04:22,On
2026/04/26 04:40,On
2026/04/26 04:41,On
2026/04/26 04:42,On
2026/04/26 05:00,On
2026/04/26 05:01,On
2026/04/26 05:02,On
2026/04/26 05:20,On
2026/04/26 05:21,On
2026/04/26 05:22,On
2026/04/26 05:40,On
2026/04/26 05:41,On
2026/04/26 05:42,On
2026/04/26 06:00,On
2026/04/26 06:01,On
2026/04/26 06:02,On
2026/04/26 06:20,On
2026/04/26 06:21,On
2026/04/26 06:22,On
2026/04/26 06:40,On
2026/04/26 06:41,On
2026/04/26 06:42,On
2026/04/26 07:00,On
2026/04/26 07:01,On
2026/04/26 07:02,On
2026/04/26 07:20,On
2026/04/26 07:21,On
2026/04/26 07:22,On
2026/04/26 07:40,On
2026/04/26 07:41,On
2026/04/26 07:42,On
2026/04/26 08:00,On
2026/04/26 08:01,On
2026/04/26 08:02,On
2026/04/26 08:20,On
2026/04/26 08:21,On
2026/04/26 08:22,On
2026/04/26 08:40,On
2026/04/26 08:41,On
2026/04/26 08:42,On
2026/04/26 09:00,On
2026/04/26 09:01,On
2026/04/26 09:02,On
2026/04/26 09:20,On
2026/04/26 09:21,On
2026/04/26 09:22,On
2026/04/26 09:40,On
2026/04/26 09:41,On
2026/04/26 09:42,On
2026/04/26 10:00,On
2026/04/26 10:01,On
2026/04/26 10:02,On
2026/04/26 10:20,On
2026/04/26 10:21,On
2026/04/26 10:22,On
2026/04/26 10:40,On
2026/04/26 10:41,On
2026/04/26 10:42,On
2026/04/26 11:00,On
2026/04/26 11:01,On
2026/04/26 11:02,On
2026/04/26 11:20,On
2026/04/26 11:21,On
2026/04/26 11:22,On
2026/04/26 11:40,On
2026/04/26 11:41,On
2026/04/26 11:42,On
2026/04/26 12:00,On
2026/04/26 12:01,On
2026/04/26 12:02,On
2026/04/26 12:20,On
2026/04/26 12:21,On
2026/04/26 12:22,On
2026/04/26 12:40,On
2026/04/26 12:41,On
2026/04/26 12:42,On
2026/04/26 13:00,On
2026/04/26 13:01,On
2026/04/26 13:02,On
2026/04/26 13:20,On
2026/04/26 13:21,On
2026/04/26 13:22,On
2026/04/26 13:40,On
2026/04/26 13:41,On
2026/04/26 13:42,On
2026/04/26 14:00,On
2026/04/26 14:01,On
2026/04/26 14:02,On
2026/04/26 14:20,On
2026/04/26 14:21,On
2026/04/26 14:22,On
2026/04/26 14:40,On
2026/04/26 14:41,On
2026/04/26 14:42,On
2026/04/26 15:00,On
2026/04/26 15:01,On
2026/04/26 15:02,On
2026/04/26 15:20,On
2026/04/26 15:21,On
2026/04/26 15:22,On
2026/04/26 15:40,On
2026/04/26 15:41,On
2026/04/26 15:42,On
2026/04/26 16:00,On
2026/04/26 16:01,On
2026/04/26 16:02,On
2026/04/26 16:20,On
2026/04/26 16:21,On
2026/04/26 16:22,On
2026/04/26 16:40,On
2026/04/26 16:41,On
2026/04/26 16:42,On
2026/04/26 17:00,On
2026/04/26 17:01,On
2026/04/26 17:02,On
2026/04/26 17:20,On
2026/04/26 17:21,On
2026/04/26 17:22,On
2026/04/26 17:40,On
2026/04/26 17:41,On
2026/04/26 17:42,On
2026/04/26 18:00,On
2026/04/26 18:01,On
2026/04/26 18:02,On
2026/04/26 18:20,On
2026/04/26 18:21,On
2026/04/26 18:22,On
2026/04/26 18:40,On
2026/04/26 18:41,On
2026/04/26 18:42,On
2026/04/26 19:00,On
2026/04/26 19:01,On
2026/04/26 19:02,On
2026/04/26 19:20,On
2026/04/26 19:21,On
2026/04/26 19:22,On
2026/04/26 19:40,On
2026/04/26 19:41,On
2026/04/26 19:42,On
2026/04/26 20:00,On
2026/04/26 20:01,On
2026/04/26 20:02,On
2026/04/26 20:20,On
2026/04/26 20:21,On
2026/04/26 20:22,On
2026/04/26 20:40,On
2026/04/26 20:41,On
2026/04/26 20:42,On
2026/04/26 21:00,On
2026/04/26 21:01,On
2026/04/26 21:02,On
2026/04/26 21:20,On
2026/04/26 21:21,On
2026/04/26 21:22,On
2026/04/26 21:40,On
2026/04/26 21:41,On
2026/04/26 21:42,On
2026/04/26 22:00,On
2026/04/26 22:01,On
2026/04/26 22:02,On
2026/04/26 22:20,On
2026/04/26 22:21,On
2026/04/26 22:22,On
2026/04/26 22:40,On
2026/04/26 22:41,On
2026/04/26 22:42,On
2026/04/26 23:00,On
2026/04/26 23:01,On
2026/04/26 23:02,On
2026/04/26 23:20,On
2026/04/26 23:21,On
2026/04/26 23:22,On
2026/04/26 23:40,On
2026/04/26 23:41,On
2026/04/26 23:42,On
2026/04/27 00:00,On
2026/04/27 00:01,On
2026/04/27 00:02,On
2026/04/27 00:20,On
2026/04/27 00:21,On
2026/04/27 00:22,On
2026/04/27 00:40,On
2026/04/27 00:41,On
2026/04/27 00:42,On
2026/04/27 01:00,On
2026/04/27 01:01,On
2026/04/27 01:02,On
2026/04/27 01:20,On
2026/04/27 01:21,On
2026/04/27 01:22,On
2026/04/27 01:40,On
2026/04/27 01:41,On
2026/04/27 01:42,On
2026/04/27 02:00,On
2026/04/27 02:01,On
2026/04/27 02:02,On
2026/04/27 02:20,On
2026/04/27 02:21,On
2026/04/27 02:22,On
2026/04/27 02:40,On
2026/04/27 02:41,On
2026/04/27 02:42,On
2026/04/27 03:00,On
2026/04/27 03:01,On
2026/04/27 03:02,On
2026/04/27 03:20,On
2026/04/27 03:21,On
2026/04/27 03:22,On
2026/04/27 03:40,On
2026/04/27 03:41,On
2026/04/27 03:42,On
2026/04/27 04:00,On
2026/04/27 04:01,On
2026/04/27 04:02,On
2026/04/27 04:20,On
2026/04/27 04:21,On
2026/04/27 04:22,On
2026/04/27 04:40,On
2026/04/27 04:41,On
2026/04/27 04:42,On
2026/04/27 05:00,On
2026/04/27 05:01,On
2026/04/27 05:02,On
2026/04/27 05:20,On
2026/04/27 05:21,On
2026/04/27 05:22,On
2026/04/27 05:40,On
2026/04/27 05:41,On
2026/04/27 05:42,On
2026/04/27 06:00,On
2026/04/27 06:01,On
2026/04/27 06:02,On
2026/04/27 06:20,On
2026/04/27 06:21,On
2026/04/27 06:22,On
2026/04/27 06:40,On
2026/04/27 06:41,On
2026/04/27 06:42,On
2026/04/27 07:00,On
2026/04/27 07:01,On
2026/04/27 07:02,On
2026/04/27 07:20,On
2026/04/27 07:21,On
2026/04/27 07:22,On
2026/04/27 07:40,On
2026/04/27 07:41,On
2026/04/27 07:42,On
2026/04/27 08:00,On
2026/04/27 08:01,On
2026/04/27 08:02,On
2026/04/27 08:20,On
2026/04/27 08:21,On
2026/04/27 08:22,On
2026/04/27 08:40,On
2026/04/27 08:41,On
2026/04/27 08:42,On
2026/04/27 09:00,On
2026/04/27 09:01,On
2026/04/27 09:02,On
2026/04/27 09:20,On
2026/04/27 09:21,On
2026/04/27 09:22,On
2026/04/27 09:40,On
2026/04/27 09:41,On
2026/04/27 09:42,On
2026/04/27 10:00,On
2026/04/27 10:01,On
2026/04/27 10:02,On
2026/04/27 10:20,On
2026/04/27 10:21,On
2026/04/27 10:22,On
2026/04/27 10:40,On
2026/04/27 10:41,On
2026/04/27 10:42,On
2026/04/27 11:00,On
2026/04/27 11:01,On
2026/04/27 11:02,On
2026/04/27 11:20,On
2026/04/27 11:21,On
2026/04/27 11:22,On
2026/04/27 11:40,On
2026/04/27 11:41,On
2026/04/27 11:42,On
2026/04/27 12:00,On
2026/04/27 12:01,On
2026/04/27 12:02,On
2026/04/27 12:20,On
2026/04/27 12:21,On
2026/04/27 12:22,On
2026/04/27 12:40,On
2026/04/27 12:41,On
2026/04/27 12:42,On
2026/04/27 13:00,On
2026/04/27 13:01,On
2026/04/27 13:02,On
2026/04/27 13:20,On
2026/04/27 13:21,On
2026/04/27 13:22,On
2026/04/27 13:40,On
2026/04/27 13:41,On
2026/04/27 13:42,On
2026/04/27 14:00,On
2026/04/27 14:01,On
2026/04/27 14:02,On
2026/04/27 14:20,On
2026/04/27 14:21,On
2026/04/27 14:22,On
2026/04/27 14:40,On
2026/04/27 14:41,On
2026/04/27 14:42,On
2026/04/27 15:00,On
2026/04/27 15:01,On
2026/04/27 15:02,On
2026/04/27 15:20,On
2026/04/27 15:21,On
2026/04/27 15:22,On
2026/04/27 15:40,On
2026/04/27 15:41,On
2026/04/27 15:42,On
2026/04/27 16:00,On
2026/04/27 16:01,On
2026/04/27 16:02,On
2026/04/27 16:20,On
2026/04/27 16:21,On
2026/04/27 16:22,On
2026/04/27 16:40,On
2026/04/27 16:41,On
2026/04/27 16:42,On
2026/04/27 17:00,On
2026/04/27 17:01,On
2026/04/27 17:02,On
2026/04/27 17:20,On
2026/04/27 17:21,On
2026/04/27 17:22,On
2026/04/27 17:40,On
2026/04/27 17:41,On
2026/04/27 17:42,On
2026/04/27 18:00,On
2026/04/27 18:01,On
2026/04/27 18:02,On
2026/04/27 18:20,On
2026/04/27 18:21,On
2026/04/27 18:22,On
2026/04/27 18:40,On
2026/04/27 18:41,On
2026/04/27 18:42,On
2026/04/27 19:00,On
2026/04/27 19:01,On
2026/04/27 19:02,On
2026/04/27 19:20,On
2026/04/27 19:21,On
2026/04/27 19:22,On
2026/04/27 19:40,On
2026/04/27 19:41,On
2026/04/27 19:42,On
2026/04/27 20:00,On
2026/04/27 20:01,On
2026/04/27 20:02,On
2026/04/27 20:20,On
2026/04/27 20:21,On
2026/04/27 20:22,On
2026/04/27 20:40,On
2026/04/27 20:41,On
2026/04/27 20:42,On
2026/04/27 21:00,On
2026/04/27 21:01,On
2026/04/27 21:02,On
2026/04/27 21:20,On
2026/04/27 21:21,On
2026/04/27 21:22,On
2026/04/27 21:40,On
2026/04/27 21:41,On
2026/04/27 21:42,On
2026/04/27 22:00,On
2026/04/27 22:01,On
2026/04/27 22:02,On
2026/04/27 22:20,On
2026/04/27 22:21,On
2026/04/27 22:22,On
2026/04/27 22:40,On
2026/04/27 22:41,On
2026/04/27 22:42,On
2026/04/27 23:00,On
2026/04/27 23:01,On
2026/04/27 23:02,On
2026/04/27 23:20,On
2026/04/27 23:21,On
2026/04/27 23:22,On
2026/04/27 23:40,On
2026/04/27 23:41,On
2026/04/27 23:42,On
2026/04/28 00:00,On
2026/04/28 00:01,On
2026/04/28 00:02,On
2026/04/28 00:20,On
2026/04/28 00:21,On
2026/04/28 00:22,On
2026/04/28 00:40,On
2026/04/28 00:41,On
2026/04/28 00:42,On
2026/04/28 01:00,On
2026/04/28 01:01,On
2026/04/28 01:02,On
2026/04/28 01:20,On
2026/04/28 01:21,On
2026/04/28 01:22,On
2026/04/28 01:40,On
2026/04/28 01:41,On
2026/04/28 01:42,On
2026/04/28 02:00,On
2026/04/28 02:01,On
2026/04/28 02:02,On
2026/04/28 02:20,On
2026/04/28 02:21,On
2026/04/28 02:22,On
2026/04/28 02:40,On
2026/04/28 02:41,On
2026/04/28 02:42,On
2026/04/28 03:00,On
2026/04/28 03:01,On
2026/04/28 03:02,On
2026/04/28 03:20,On
2026/04/28 03:21,On
2026/04/28 03:22,On
2026/04/28 03:40,On
2026/04/28 03:41,On
2026/04/28 03:42,On
2026/04/28 04:00,On
2026/04/28 04:01,On
2026/04/28 04:02,On
2026/04/28 04:20,On
2026/04/28 04:21,On
2026/04/28 04:22,On
2026/04/28 04:40,On
2026/04/28 04:41,On
2026/04/28 04:42,On
2026/04/28 05:00,On
2026/04/28 05:01,On
2026/04/28 05:02,On
2026/04/28 05:20,On
2026/04/28 05:21,On
2026/04/28 05:22,On
2026/04/28 05:40,On
2026/04/28 05:41,On
2026/04/28 05:42,On
2026/04/28 06:00,On
2026/04/28 06:01,On
2026/04/28 06:02,On
2026/04/28 06:20,On
2026/04/28 06:21,On
2026/04/28 06:22,On
2026/04/28 06:40,On
2026/04/28 06:41,On
2026/04/28 06:42,On
2026/04/28 07:00,On
2026/04/28 07:01,On
2026/04/28 07:02,On
2026/04/28 07:20,On
2026/04/28 07:21,On
2026/04/28 07:22,On
2026/04/28 07:40,On
2026/04/28 07:41,On
2026/04/28 07:42,On
2026/04/28 08:00,On
2026/04/28 08:01,On
2026/04/28 08:02,On
2026/04/28 08:20,On
2026/04/28 08:21,On
2026/04/28 08:22,On
2026/04/28 08:40,On
2026/04/28 08:41,On
2026/04/28 08:42,On
2026/04/28 09:00,On
2026/04/28 09:01,On
2026/04/28 09:02,On
2026/04/28 09:20,On
2026/04/28 09:21,On
2026/04/28 09:22,On
2026/04/28 09:40,On
2026/04/28 09:41,On
2026/04/28 09:42,On
2026/04/28 10:00,On
2026/04/28 10:01,On
2026/04/28 10:02,On
2026/04/28 10:20,On
2026/04/28 10:21,On
2026/04/28 10:22,On
2026/04/28 10:40,On
2026/04/28 10:41,On
2026/04/28 10:42,On
2026/04/28 10:41,On
2026/04/28 10:42,On
2026/04/28 11:00,On
2026/04/28 11:01,On
2026/04/28 11:02,On
2026/04/28 11:20,On
2026/04/28 11:21,On
2026/04/28 11:22,On
2026/04/28 11:40,On
2026/04/28 11:41,On
2026/04/28 11:42,On
2026/04/28 12:00,On
2026/04/28 12:01,On
2026/04/28 12:02,On
2026/04/28 12:20,On
2026/04/28 12:21,On
2026/04/28 12:22,On
2026/04/28 12:40,On
2026/04/28 12:41,On
2026/04/28 12:42,On
2026/04/28 13:00,On
2026/04/28 13:01,On
2026/04/28 13:02,On
2026/04/28 13:20,On
2026/04/28 13:21,On
2026/04/28 13:22,On
2026/04/28 13:40,On
2026/04/28 13:41,On
2026/04/28 13:42,On
2026/04/28 14:00,On
2026/04/28 14:01,On
2026/04/28 14:02,On
2026/04/28 14:20,On
2026/04/28 14:21,On
2026/04/28 14:22,On
2026/04/28 14:40,On
2026/04/28 14:41,On
2026/04/28 14:42,On
2026/04/28 15:00,On
2026/04/28 15:01,On
2026/04/28 15:02,On
2026/04/28 15:20,On
2026/04/28 15:21,On
2026/04/28 15:22,On
2026/04/28 15:40,On
2026/04/28 15:41,On
2026/04/28 15:42,On
2026/04/28 16:00,On
2026/04/28 16:01,On
2026/04/28 16:02,On
2026/04/28 18:00,On
2026/04/28 18:01,On
2026/04/28 18:02,On
2026/04/28 18:20,On
2026/04/28 18:21,On
2026/04/28 18:22,On
2026/04/28 18:40,On
2026/04/28 18:41,On
2026/04/28 18:42,On
2026/04/28 19:00,On
2026/04/28 19:01,On
2026/04/28 19:02,On
2026/04/28 19:20,On
2026/04/28 19:21,On
2026/04/28 19:22,On
2026/04/28 19:40,On
2026/04/28 19:41,On
2026/04/28 19:42,On
2026/04/28 20:00,On
2026/04/28 20:01,On
2026/04/28 20:02,On
2026/04/28 20:20,On
2026/04/28 20:21,On
2026/04/28 20:22,On
2026/04/28 20:40,On
2026/04/28 20:41,On
2026/04/28 20:42,On
2026/04/28 21:00,On
2026/04/28 21:01,On
2026/04/28 21:02,On
2026/04/28 21:20,On
2026/04/28 21:21,On
2026/04/28 21:22,On
2026/04/28 21:40,On
2026/04/28 21:41,On
2026/04/28 21:42,On
2026/04/28 22:00,On
2026/04/28 22:01,On
2026/04/28 22:02,On
2026/04/28 22:20,On
2026/04/28 22:21,On
2026/04/28 22:22,On
2026/04/28 22:40,On
2026/04/28 22:41,On
2026/04/28 22:42,On
2026/04/28 23:00,On
2026/04/28 23:01,On
2026/04/28 23:02,On
2026/04/28 23:20,On
2026/04/28 23:21,On
2026/04/28 23:22,On
2026/04/28 23:40,On
2026/04/28 23:41,On
2026/04/28 23:42,On
2026/04/29 00:00,On
2026/04/29 00:01,On
2026/04/29 00:02,On
2026/04/29 00:20,On
2026/04/29 00:21,On
2026/04/29 00:22,On
2026/04/29 00:40,On
2026/04/29 00:41,On
2026/04/29 00:42,On
2026/04/29 01:00,On
2026/04/29 01:01,On
2026/04/29 01:02,On
2026/04/29 01:20,On
2026/04/29 01:21,On
2026/04/29 01:22,On
2026/04/29 01:40,On
2026/04/29 01:41,On
2026/04/29 01:42,On
2026/04/29 02:00,On
2026/04/29 02:01,On
2026/04/29 02:02,On
2026/04/29 02:20,On
2026/04/29 02:21,On
2026/04/29 02:22,On
2026/04/29 02:40,On
2026/04/29 02:41,On
2026/04/29 02:42,On
2026/04/29 03:00,On
2026/04/29 03:01,On
2026/04/29 03:02,On
2026/04/29 03:20,On
2026/04/29 03:21,On
2026/04/29 03:22,On
2026/04/29 03:40,On
2026/04/29 03:41,On
2026/04/29 03:42,On
2026/04/29 04:00,On
2026/04/29 04:01,On
2026/04/29 04:02,On
2026/04/29 04:20,On
2026/04/29 04:21,On
2026/04/29 04:22,On
2026/04/29 04:40,On
2026/04/29 04:41,On
2026/04/29 04:42,On
2026/04/29 05:00,On
2026/04/29 05:01,On
2026/04/29 05:02,On
2026/04/29 05:20,On
2026/04/29 05:21,On
2026/04/29 05:22,On
2026/04/29 05:40,On
2026/04/29 05:41,On
2026/04/29 05:42,On
2026/04/29 06:00,On
2026/04/29 06:01,On
2026/04/29 06:02,On
2026/04/29 06:20,On
2026/04/29 06:21,On
2026/04/29 06:22,On
2026/04/29 06:40,On
2026/04/29 06:41,On
2026/04/29 06:42,On
2026/04/29 07:00,On
2026/04/29 07:01,On
2026/04/29 07:02,On
2026/04/29 07:20,On
2026/04/29 07:21,On
2026/04/29 07:22,On
2026/04/29 07:40,On
2026/04/29 07:41,On
2026/04/29 07:42,On
2026/04/29 08:00,On
2026/04/29 08:01,On
2026/04/29 08:02,On
2026/04/29 08:20,On
2026/04/29 08:21,On
2026/04/29 08:22,On
2026/04/29 08:40,On
2026/04/29 08:41,On
2026/04/29 08:42,On
2026/04/29 09:00,On
2026/04/29 09:01,On
2026/04/29 09:02,On
2026/04/29 09:20,On
2026/04/29 09:21,On
2026/04/29 09:22,On
2026/04/29 09:40,On
2026/04/29 09:41,On
2026/04/29 09:42,On
2026/04/29 10:00,On
2026/04/29 10:01,On
2026/04/29 10:02,On
2026/04/29 10:20,On
2026/04/29 10:21,On
2026/04/29 10:22,On
2026/04/29 10:40,On
2026/04/29 10:41,On
2026/04/29 10:42,On
2026/04/29 11:00,On
2026/04/29 11:01,On
2026/04/29 11:02,On
2026/04/29 11:20,On
2026/04/29 11:21,On
2026/04/29 11:22,On
2026/04/29 11:40,On
2026/04/29 11:41,On
2026/04/29 11:42,On
2026/04/29 12:00,On
2026/04/29 12:01,On
2026/04/29 12:02,On
2026/04/29 12:20,On
2026/04/29 12:21,On
2026/04/29 12:22,On
2026/04/29 12:40,On
2026/04/29 12:41,On
2026/04/29 12:42,On
2026/04/29 13:00,On
2026/04/29 13:01,On
2026/04/29 13:02,On
2026/04/29 13:20,On
2026/04/29 13:21,On
2026/04/29 13:22,On
2026/04/29 13:40,On
2026/04/29 13:41,On
2026/04/29 13:42,On
2026/04/29 15:00,On
2026/04/29 15:01,On
2026/04/29 15:02,On
2026/04/29 15:20,On
2026/04/29 15:21,On
2026/04/29 15:22,On
2026/04/29 15:40,On
2026/04/29 15:41,On
2026/04/29 15:42,On
2026/04/29 16:00,On
2026/04/29 16:01,On
2026/04/29 16:02,On
2026/04/29 16:20,On
2026/04/29 16:21,On
2026/04/29 16:22,On
2026/04/29 16:40,On
2026/04/29 16:41,On
2026/04/29 16:42,On
2026/04/29 17:00,On
2026/04/29 17:01,On
2026/04/29 17:02,On
2026/04/29 17:20,On
2026/04/29 17:21,On
2026/04/29 17:22,On
2026/04/29 17:40,On
2026/04/29 17:41,On
2026/04/29 17:42,On
2026/04/29 18:00,On
2026/04/29 18:01,On
2026/04/29 18:02,On
2026/04/29 18:20,On
2026/04/29 18:21,On
2026/04/29 18:22,On
2026/04/29 18:40,On
2026/04/29 18:41,On
2026/04/29 18:42,On
2026/04/29 19:00,On
2026/04/29 19:01,On
2026/04/29 19:02,On
2026/04/29 19:20,On
2026/04/29 19:21,On
2026/04/29 19:22,On
2026/04/29 19:40,On
2026/04/29 19:41,On
2026/04/29 19:42,On
2026/04/29 20:00,On
2026/04/29 20:01,On
2026/04/29 20:02,On
2026/04/29 20:20,On
2026/04/29 20:21,On
2026/04/29 20:22,On
2026/04/29 20:40,On
2026/04/29 20:41,On
2026/04/29 20:42,On
2026/04/29 21:00,On
2026/04/29 21:01,On
2026/04/29 21:02,On
2026/04/29 21:20,On
2026/04/29 21:21,On
2026/04/29 21:22,On
2026/04/29 21:40,On
2026/04/29 21:41,On
2026/04/29 21:42,On
2026/04/29 22:00,On
2026/04/29 22:01,On
2026/04/29 22:02,On
2026/04/29 22:20,On
2026/04/29 22:21,On
2026/04/29 22:22,On
2026/04/29 22:40,On
2026/04/29 22:41,On
2026/04/29 22:42,On
2026/04/29 23:00,On
2026/04/29 23:01,On
2026/04/29 23:02,On
2026/04/29 23:20,On
2026/04/29 23:21,On
2026/04/29 23:22,On
2026/04/29 23:40,On
2026/04/29 23:41,On
2026/04/29 23:42,On
2026/04/30 00:00,On
2026/04/30 00:01,On
2026/04/30 00:02,On
2026/04/30 00:20,On
2026/04/30 00:21,On
2026/04/30 00:22,On
2026/04/30 00:40,On
2026/04/30 00:41,On
2026/04/30 00:42,On
2026/04/30 01:00,On
2026/04/30 01:01,On
2026/04/30 01:02,On
2026/04/30 01:20,On
2026/04/30 01:21,On
2026/04/30 01:22,On
2026/04/30 01:40,On
2026/04/30 01:41,On
2026/04/30 01:42,On
2026/04/30 02:00,On
2026/04/30 02:01,On
2026/04/30 02:02,On
2026/04/30 02:20,On
2026/04/30 02:21,On
2026/04/30 02:22,On
2026/04/30 02:40,On
2026/04/30 02:41,On
2026/04/30 02:42,On
2026/04/30 03:00,On
2026/04/30 03:01,On
2026/04/30 03:02,On
2026/04/30 03:20,On
2026/04/30 03:21,On
2026/04/30 03:22,On
2026/04/30 03:40,On
2026/04/30 03:41,On
2026/04/30 03:42,On
2026/04/30 04:00,On
2026/04/30 04:01,On
2026/04/30 04:02,On
2026/04/30 04:20,On
2026/04/30 04:21,On
2026/04/30 04:22,On
2026/04/30 04:40,On
2026/04/30 04:41,On
2026/04/30 04:42,On
2026/04/30 05:00,On
2026/04/30 05:01,On
2026/04/30 05:02,On
2026/04/30 05:20,On
2026/04/30 05:21,On
2026/04/30 05:22,On
2026/04/30 05:40,On
2026/04/30 05:41,On
2026/04/30 05:42,On
2026/04/30 06:00,On
2026/04/30 06:01,On
2026/04/30 06:02,On
2026/04/30 06:20,On
2026/04/30 06:21,On
2026/04/30 06:22,On
2026/04/30 06:40,On
2026/04/30 06:41,On
2026/04/30 06:42,On
2026/04/30 07:00,On
2026/04/30 07:01,On
2026/04/30 07:02,On
2026/04/30 07:20,On
2026/04/30 07:21,On
2026/04/30 07:22,On
2026/04/30 07:40,On
2026/04/30 07:41,On
2026/04/30 07:42,On
2026/04/30 08:00,On
2026/04/30 08:01,On
2026/04/30 08:02,On
2026/04/30 08:20,On
2026/04/30 08:21,On
2026/04/30 08:22,On
2026/04/30 08:40,On
2026/04/30 08:41,On
2026/04/30 08:42,On
2026/04/30 09:00,On
2026/04/30 09:01,On
2026/04/30 09:02,On
2026/04/30 09:20,On
2026/04/30 09:21,On
2026/04/30 09:22,On
2026/04/30 09:40,On
2026/04/30 09:41,On
2026/04/30 09:42,On
2026/04/30 10:00,On
2026/04/30 10:01,On
2026/04/30 10:02,On
2026/04/30 10:20,On
2026/04/30 10:21,On
2026/04/30 10:22,On
2026/04/30 10:40,On
2026/04/30 10:41,On
2026/04/30 10:42,On
2026/04/30 11:00,On
2026/04/30 11:01,On
2026/04/30 11:02,On
2026/04/30 11:20,On
2026/04/30 11:21,On
2026/04/30 11:22,On
2026/04/30 11:40,On
2026/04/30 11:41,On
2026/04/30 11:42,On
2026/04/30 12:00,On
2026/04/30 12:01,On
2026/04/30 12:02,On
2026/04/30 12:20,On
2026/04/30 12:21,On
2026/04/30 12:22,On
2026/04/30 12:40,On
2026/04/30 12:41,On
2026/04/30 12:42,On
2026/04/30 13:00,On
2026/04/30 13:01,On
2026/04/30 13:02,On
2026/04/30 13:20,On
2026/04/30 13:21,On
2026/04/30 13:22,On
2026/04/30 13:40,On
2026/04/30 13:41,On
2026/04/30 13:42,On
2026/04/30 14:00,On
2026/04/30 14:01,On
2026/04/30 14:02,On
2026/04/30 14:20,On
2026/04/30 14:21,On
2026/04/30 14:22,On
2026/04/30 14:40,On
2026/04/30 14:41,On
2026/04/30 14:42,On
2026/04/30 15:00,On
2026/04/30 15:01,On
2026/04/30 15:02,On
2026/04/30 15:20,On
2026/04/30 15:21,On
2026/04/30 15:22,On
2026/04/30 15:40,On
2026/04/30 15:41,On
2026/04/30 15:42,On
2026/04/30 16:00,On
2026/04/30 16:01,On
2026/04/30 16:02,On
2026/04/30 16:20,On
2026/04/30 16:21,On
2026/04/30 16:22,On
2026/04/30 16:40,On
2026/04/30 16:41,On
2026/04/30 16:42,On
2026/04/30 17:00,On
2026/04/30 17:01,On
2026/04/30 17:02,On
2026/04/30 17:20,On
2026/04/30 17:21,On
2026/04/30 17:22,On
2026/04/30 17:40,On
2026/04/30 17:41,On
2026/04/30 17:42,On
2026/04/30 18:00,On
2026/04/30 18:01,On
2026/04/30 18:02,On
2026/04/30 18:20,On
2026/04/30 18:21,On
2026/04/30 18:22,On
2026/04/30 18:40,On
2026/04/30 18:41,On
2026/04/30 18:42,On
2026/04/30 19:00,On
2026/04/30 19:01,On
2026/04/30 19:02,On
2026/04/30 19:20,On
2026/04/30 19:21,On
2026/04/30 19:22,On
2026/04/30 19:40,On
2026/04/30 19:41,On
2026/04/30 19:42,On
2026/04/30 20:00,On
2026/04/30 20:01,On
2026/04/30 20:02,On
2026/04/30 20:20,On
2026/04/30 20:21,On
2026/04/30 20:22,On
2026/04/30 20:40,On
2026/04/30 20:41,On
2026/04/30 20:42,On
2026/04/30 21:00,On
2026/04/30 21:01,On
2026/04/30 21:02,On
2026/04/30 21:20,On
2026/04/30 21:21,On
2026/04/30 21:22,On
2026/04/30 21:40,On
2026/04/30 21:41,On
2026/04/30 21:42,On
2026/04/30 22:00,On
2026/04/30 22:01,On
2026/04/30 22:02,On
2026/04/30 22:20,On
2026/04/30 22:21,On
2026/04/30 22:22,On
2026/04/30 22:40,On
2026/04/30 22:41,On
2026/04/30 22:42,On
2026/04/30 23:00,On
2026/04/30 23:01,On
2026/04/30 23:02,On
2026/04/30 23:20,On
2026/04/30 23:21,On
2026/04/30 23:22,On
2026/04/30 23:40,On
2026/04/30 23:41,On
2026/04/30 23:42,On
2026/05/01 00:00,On
2026/05/01 00:01,On
2026/05/01 00:02,On
2026/05/01 00:20,On
2026/05/01 00:21,On
2026/05/01 00:22,On
2026/05/01 00:40,On
2026/05/01 00:41,On
2026/05/01 00:42,On
2026/05/01 01:00,On
2026/05/01 01:01,On
2026/05/01 01:02,On
2026/05/01 01:20,On
2026/05/01 01:21,On
2026/05/01 01:22,On
2026/05/01 01:40,On
2026/05/01 01:41,On
2026/05/01 01:42,On
2026/05/01 02:00,On
2026/05/01 02:01,On
2026/05/01 02:02,On
2026/05/01 02:20,On
2026/05/01 02:21,On
2026/05/01 02:22,On
2026/05/01 02:40,On
2026/05/01 02:41,On
2026/05/01 02:42,On
2026/05/01 03:00,On
2026/05/01 03:01,On
2026/05/01 03:02,On
2026/05/01 03:20,On
2026/05/01 03:21,On
2026/05/01 03:22,On
2026/05/01 03:40,On
2026/05/01 03:41,On
2026/05/01 03:42,On
2026/05/01 04:00,On
2026/05/01 04:01,On
2026/05/01 04:02,On
2026/05/01 04:20,On
2026/05/01 04:21,On
2026/05/01 04:22,On
2026/05/01 04:40,On
2026/05/01 04:41,On
2026/05/01 04:42,On
2026/05/01 05:00,On
2026/05/01 05:01,On
2026/05/01 05:02,On
2026/05/01 05:20,On
2026/05/01 05:21,On
2026/05/01 05:22,On
2026/05/01 05:40,On
2026/05/01 05:41,On
2026/05/01 05:42,On
2026/05/01 06:00,On
2026/05/01 06:01,On
2026/05/01 06:02,On
2026/05/01 06:20,On
2026/05/01 06:21,On
2026/05/01 06:22,On
2026/05/01 06:40,On
2026/05/01 06:41,On
2026/05/01 06:42,On
2026/05/01 07:00,On
2026/05/01 07:01,On
2026/05/01 07:02,On
2026/05/01 07:20,On
2026/05/01 07:21,On
2026/05/01 07:22,On
2026/05/01 07:40,On
2026/05/01 07:41,On
2026/05/01 07:42,On
2026/05/01 08:00,On
2026/05/01 08:01,On
2026/05/01 08:02,On
2026/05/01 08:20,On
2026/05/01 08:21,On
2026/05/01 08:22,On
2026/05/01 08:40,On
2026/05/01 08:41,On
2026/05/01 08:42,On
2026/05/01 09:00,On
2026/05/01 09:01,On
2026/05/01 09:02,On
2026/05/01 09:20,On
2026/05/01 09:21,On
2026/05/01 09:22,On
2026/05/01 09:40,On
2026/05/01 09:41,On
2026/05/01 09:42,On
2026/05/01 10:00,On
2026/05/01 10:01,On
2026/05/01 10:02,On
2026/05/01 10:20,On
2026/05/01 10:21,On
2026/05/01 10:22,On
2026/05/01 10:40,On
2026/05/01 10:41,On
2026/05/01 10:42,On
2026/05/01 11:00,On
2026/05/01 11:01,On
2026/05/01 11:02,On
2026/05/01 11:20,On
2026/05/01 11:21,On
2026/05/01 11:22,On
2026/05/01 11:40,On
2026/05/01 11:41,On
2026/05/01 11:42,On
2026/05/01 12:00,On
2026/05/01 12:01,On
2026/05/01 12:02,On
2026/05/01 12:20,On
2026/05/01 12:21,On
2026/05/01 12:22,On
2026/05/01 12:40,On
2026/05/01 12:41,On
2026/05/01 12:42,On
2026/05/01 13:00,On
2026/05/01 13:01,On
2026/05/01 13:02,On
2026/05/01 13:20,On
2026/05/01 13:21,On
2026/05/01 13:22,On
2026/05/01 13:40,On
2026/05/01 13:41,On
2026/05/01 13:42,On
2026/05/01 14:00,On
2026/05/01 14:01,On
2026/05/01 14:02,On
2026/05/01 14:20,On
2026/05/01 14:21,On
2026/05/01 14:22,On
2026/05/01 14:40,On
2026/05/01 14:41,On
2026/05/01 14:42,On
2026/05/01 15:00,On
2026/05/01 15:01,On
2026/05/01 15:02,On
2026/05/01 15:20,On
2026/05/01 15:21,On
2026/05/01 15:22,On
2026/05/01 15:40,On
2026/05/01 15:41,On
2026/05/01 15:42,On
2026/05/01 16:00,On
2026/05/01 16:01,On
2026/05/01 16:02,On
2026/05/01 16:20,On
2026/05/01 16:21,On
2026/05/01 16:22,On
2026/05/01 16:40,On
2026/05/01 16:41,On
2026/05/01 16:42,On
2026/05/01 17:00,On
2026/05/01 17:01,On
2026/05/01 17:02,On
2026/05/01 17:20,On
2026/05/01 17:21,On
2026/05/01 17:22,On
2026/05/01 17:40,On
2026/05/01 17:41,On
2026/05/01 17:42,On
2026/05/01 18:00,On
2026/05/01 18:01,On
2026/05/01 18:02,On
2026/05/01 18:20,On
2026/05/01 18:21,On
2026/05/01 18:22,On
2026/05/01 18:40,On
2026/05/01 18:41,On
2026/05/01 18:42,On
2026/05/01 19:00,On
2026/05/01 19:01,On
2026/05/01 19:02,On
2026/05/01 19:20,On
2026/05/01 19:21,On
2026/05/01 19:22,On
2026/05/01 19:40,On
2026/05/01 19:41,On
2026/05/01 19:42,On
2026/05/01 20:00,On
2026/05/01 20:01,On
2026/05/01 20:02,On
2026/05/01 20:20,On
2026/05/01 20:21,On
2026/05/01 20:22,On
2026/05/01 20:40,On
2026/05/01 20:41,On
2026/05/01 20:42,On
2026/05/01 21:00,On
2026/05/01 21:01,On
2026/05/01 21:02,On
2026/05/01 21:20,On
2026/05/01 21:21,On
2026/05/01 21:22,On
2026/05/01 21:40,On
2026/05/01 21:41,On
2026/05/01 21:42,On
2026/05/01 22:00,On
2026/05/01 22:01,On
2026/05/01 22:02,On
2026/05/01 22:20,On
2026/05/01 22:21,On
2026/05/01 22:22,On
2026/05/01 22:40,On
2026/05/01 22:41,On
2026/05/01 22:42,On
2026/05/01 23:00,On
2026/05/01 23:01,On
2026/05/01 23:02,On
2026/05/01 23:20,On
2026/05/01 23:21,On
2026/05/01 23:22,On
2026/05/01 23:40,On
2026/05/01 23:41,On
2026/05/01 23:42,On
2026/05/02 00:00,On
2026/05/02 00:01,On
2026/05/02 00:02,On
2026/05/02 00:20,On
2026/05/02 00:21,On
2026/05/02 00:22,On
2026/05/02 00:40,On
2026/05/02 00:41,On
2026/05/02 00:42,On
2026/05/02 01:00,On
2026/05/02 01:01,On
2026/05/02 01:02,On
2026/05/02 01:20,On
2026/05/02 01:21,On
2026/05/02 01:22,On
2026/05/02 01:40,On
2026/05/02 01:41,On
2026/05/02 01:42,On
2026/05/02 02:00,On
2026/05/02 02:01,On
2026/05/02 02:02,On
2026/05/02 02:20,On
2026/05/02 02:21,On
2026/05/02 02:22,On
2026/05/02 02:40,On
2026/05/02 02:41,On
2026/05/02 02:42,On
2026/05/02 03:00,On
2026/05/02 03:01,On
2026/05/02 03:02,On
2026/05/02 03:20,On
2026/05/02 03:21,On
2026/05/02 03:22,On
2026/05/02 03:40,On
2026/05/02 03:41,On
2026/05/02 03:42,On
2026/05/02 04:00,On
2026/05/02 04:01,On
2026/05/02 04:02,On
2026/05/02 04:20,On
2026/05/02 04:21,On
2026/05/02 04:22,On
2026/05/02 04:40,On
2026/05/02 04:41,On
2026/05/02 04:42,On
2026/05/02 05:00,On
2026/05/02 05:01,On
2026/05/02 05:02,On
2026/05/02 05:20,On
2026/05/02 05:21,On
2026/05/02 05:22,On
2026/05/02 05:40,On
2026/05/02 05:41,On
2026/05/02 05:42,On
2026/05/02 06:00,On
2026/05/02 06:01,On
2026/05/02 06:02,On
2026/05/02 06:20,On
2026/05/02 06:21,On
2026/05/02 06:22,On
2026/05/02 06:40,On
2026/05/02 06:41,On
2026/05/02 06:42,On
2026/05/02 07:00,On
2026/05/02 07:01,On
2026/05/02 07:02,On
2026/05/02 07:20,On
2026/05/02 07:21,On
2026/05/02 07:22,On
2026/05/02 07:40,On
2026/05/02 07:41,On
2026/05/02 07:42,On
2026/05/02 08:00,On
2026/05/02 08:01,On
2026/05/02 08:02,On
2026/05/02 08:20,On
2026/05/02 08:21,On
2026/05/02 08:22,On
2026/05/02 08:40,On
2026/05/02 08:41,On
2026/05/02 08:42,On
2026/05/02 09:00,On
2026/05/02 09:01,On
2026/05/02 09:02,On
2026/05/02 09:20,On
2026/05/02 09:21,On
2026/05/02 09:22,On
2026/05/02 09:40,On
2026/05/02 09:41,On
2026/05/02 09:42,On
2026/05/02 10:00,On
2026/05/02 10:01,On
2026/05/02 10:02,On
2026/05/02 10:20,On
2026/05/02 10:21,On
2026/05/02 10:22,On
2026/05/02 10:40,On
2026/05/02 10:41,On
2026/05/02 10:42,On
2026/05/02 11:00,On
2026/05/02 11:01,On
2026/05/02 11:02,On
2026/05/02 11:20,On
2026/05/02 11:21,On
2026/05/02 11:22,On
2026/05/02 11:40,On
2026/05/02 11:41,On
2026/05/02 11:42,On
2026/05/02 12:00,On
2026/05/02 12:01,On
2026/05/02 12:02,On
2026/05/02 12:20,On
2026/05/02 12:21,On
2026/05/02 12:22,On
2026/05/02 12:40,On
2026/05/02 12:41,On
2026/05/02 12:42,On
2026/05/02 13:00,On
2026/05/02 13:01,On
2026/05/02 13:02,On
2026/05/02 13:20,On
2026/05/02 13:21,On
2026/05/02 13:22,On
2026/05/02 13:40,On
2026/05/02 13:41,On
2026/05/02 13:42,On
2026/05/02 14:00,On
2026/05/02 14:01,On
2026/05/02 14:02,On
2026/05/02 14:20,On
2026/05/02 14:21,On
2026/05/02 14:22,On
2026/05/02 14:40,On
2026/05/02 14:41,On
2026/05/02 14:42,On
2026/05/02 15:00,On
2026/05/02 15:01,On
2026/05/02 15:02,On
2026/05/02 15:20,On
2026/05/02 15:21,On
2026/05/02 15:22,On
2026/05/02 15:40,On
2026/05/02 15:41,On
2026/05/02 15:42,On
2026/05/02 16:00,On
2026/05/02 16:01,On
2026/05/02 16:02,On
2026/05/02 16:20,On
2026/05/02 16:21,On
2026/05/02 16:22,On
2026/05/02 16:40,On
2026/05/02 16:41,On
2026/05/02 16:42,On
2026/05/02 17:00,On
2026/05/02 17:01,On
2026/05/02 17:02,On
2026/05/02 17:20,On
2026/05/02 17:21,On
2026/05/02 17:22,On
2026/05/02 17:40,On
2026/05/02 17:41,On
2026/05/02 17:42,On
2026/05/02 18:00,On
2026/05/02 18:01,On
2026/05/02 18:02,On
2026/05/02 18:20,On
2026/05/02 18:21,On
2026/05/02 18:22,On
2026/05/02 18:40,On
2026/05/02 18:41,On
2026/05/02 18:42,On
2026/05/02 19:00,On
2026/05/02 19:01,On
2026/05/02 19:02,On
2026/05/02 19:20,On
2026/05/02 19:21,On
2026/05/02 19:22,On
2026/05/02 19:40,On
2026/05/02 19:41,On
2026/05/02 19:42,On
2026/05/02 20:00,On
2026/05/02 20:01,On
2026/05/02 20:02,On
2026/05/02 20:20,On
2026/05/02 20:21,On
2026/05/02 20:22,On
2026/05/02 20:40,On
2026/05/02 20:41,On
2026/05/02 20:42,On
2026/05/02 21:00,On
2026/05/02 21:01,On
2026/05/02 21:02,On
2026/05/02 21:20,On
2026/05/02 21:21,On
2026/05/02 21:22,On
2026/05/02 21:40,On
2026/05/02 21:41,On
2026/05/02 21:42,On
2026/05/02 22:00,On
2026/05/02 22:01,On
2026/05/02 22:02,On
2026/05/02 22:20,On
2026/05/02 22:21,On
2026/05/02 22:22,On
2026/05/02 22:40,On
2026/05/02 22:41,On
2026/05/02 22:42,On
2026/05/02 23:00,On
2026/05/02 23:01,On
2026/05/02 23:02,On
2026/05/02 23:20,On
2026/05/02 23:21,On
2026/05/02 23:22,On
2026/05/02 23:40,On
2026/05/02 23:41,On
2026/05/02 23:42,On
2026/05/03 00:00,On
2026/05/03 00:01,On
2026/05/03 00:02,On
2026/05/03 00:20,On
2026/05/03 00:21,On
2026/05/03 00:22,On
2026/05/03 00:40,On
2026/05/03 00:41,On
2026/05/03 00:42,On
2026/05/03 01:00,On
2026/05/03 01:01,On
2026/05/03 01:02,On
2026/05/03 01:20,On
2026/05/03 01:21,On
2026/05/03 01:22,On
2026/05/03 01:40,On
2026/05/03 01:41,On
2026/05/03 01:42,On
2026/05/03 02:00,On
2026/05/03 02:01,On
2026/05/03 02:02,On
2026/05/03 02:20,On
2026/05/03 02:21,On
2026/05/03 02:22,On
2026/05/03 02:40,On
2026/05/03 02:41,On
2026/05/03 02:42,On
2026/05/03 03:00,On
2026/05/03 03:01,On
2026/05/03 03:02,On
2026/05/03 03:20,On
2026/05/03 03:21,On
2026/05/03 03:22,On
2026/05/03 03:40,On
2026/05/03 03:41,On
2026/05/03 03:42,On
2026/05/03 04:00,On
2026/05/03 04:01,On
2026/05/03 04:02,On
2026/05/03 04:20,On
2026/05/03 04:21,On
2026/05/03 04:22,On
2026/05/03 04:40,On
2026/05/03 04:41,On
2026/05/03 04:42,On
2026/05/03 05:00,On
2026/05/03 05:01,On
2026/05/03 05:02,On
2026/05/03 05:20,On
2026/05/03 05:21,On
2026/05/03 05:22,On
2026/05/03 05:40,On
2026/05/03 05:41,On
2026/05/03 05:42,On
2026/05/03 06:00,On
2026/05/03 06:01,On
2026/05/03 06:02,On
2026/05/03 06:20,On
2026/05/03 06:21,On
2026/05/03 06:22,On
2026/05/03 06:40,On
2026/05/03 06:41,On
2026/05/03 06:42,On
2026/05/03 07:00,On
2026/05/03 07:01,On
2026/05/03 07:02,On
2026/05/03 07:20,On
2026/05/03 07:21,On
2026/05/03 07:22,On
2026/05/03 07:40,On
2026/05/03 07:41,On
2026/05/03 07:42,On
2026/05/03 08:00,On
2026/05/03 08:01,On
2026/05/03 08:02,On
2026/05/03 08:20,On
2026/05/03 08:21,On
2026/05/03 08:22,On
2026/05/03 08:40,On
2026/05/03 08:41,On
2026/05/03 08:42,On
2026/05/03 09:00,On
2026/05/03 09:01,On
2026/05/03 09:02,On
2026/05/03 09:20,On
2026/05/03 09:21,On
2026/05/03 09:22,On
2026/05/03 09:40,On
2026/05/03 09:41,On
2026/05/03 09:42,On
2026/05/03 10:00,On
2026/05/03 10:01,On
2026/05/03 10:02,On
2026/05/03 10:20,On
2026/05/03 10:21,On
2026/05/03 10:22,On
2026/05/03 10:40,On
2026/05/03 10:41,On
2026/05/03 10:42,On
2026/05/03 11:00,On
2026/05/03 11:01,On
2026/05/03 11:02,On
2026/05/03 11:20,On
2026/05/03 11:21,On
2026/05/03 11:22,On
2026/05/03 11:40,On
2026/05/03 11:41,On
2026/05/03 11:42,On
2026/05/03 12:00,On
2026/05/03 12:01,On
2026/05/03 12:02,On
2026/05/03 12:20,On
2026/05/03 12:21,On
2026/05/03 12:22,On
2026/05/03 12:40,On
2026/05/03 12:41,On
2026/05/03 12:42,On
2026/05/03 13:00,On
2026/05/03 13:01,On
2026/05/03 13:02,On
2026/05/03 13:20,On
2026/05/03 13:21,On
2026/05/03 13:22,On
2026/05/03 13:40,On
2026/05/03 13:41,On
2026/05/03 13:42,On
2026/05/03 14:00,On
2026/05/03 14:01,On
2026/05/03 14:02,On
2026/05/03 14:20,On
2026/05/03 14:21,On
2026/05/03 14:22,On
2026/05/03 14:40,On
2026/05/03 14:41,On
2026/05/03 14:42,On
2026/05/03 15:00,On
2026/05/03 15:01,On
2026/05/03 15:02,On
2026/05/03 15:20,On
2026/05/03 15:21,On
2026/05/03 15:22,On
2026/05/03 15:40,On
2026/05/03 15:41,On
2026/05/03 15:42,On
2026/05/03 16:00,On
2026/05/03 16:01,On
2026/05/03 16:02,On
2026/05/03 16:20,On
2026/05/03 16:21,On
2026/05/03 16:22,On
2026/05/03 16:40,On
2026/05/03 16:41,On
2026/05/03 16:42,On
2026/05/03 17:00,On
2026/05/03 17:01,On
2026/05/03 17:02,On
2026/05/03 17:20,On
2026/05/03 17:21,On
2026/05/03 17:22,On
2026/05/03 17:40,On
2026/05/03 17:41,On
2026/05/03 17:42,On
2026/05/03 18:00,On
2026/05/03 18:01,On
2026/05/03 18:02,On
2026/05/03 18:20,On
2026/05/03 18:21,On
2026/05/03 18:22,On
2026/05/03 18:40,On
2026/05/03 18:41,On
2026/05/03 18:42,On
2026/05/03 19:00,On
2026/05/03 19:01,On
2026/05/03 19:02,On
2026/05/03 19:20,On
2026/05/03 19:21,On
2026/05/03 19:22,On
2026/05/03 19:40,On
2026/05/03 19:41,On
2026/05/03 19:42,On
2026/05/03 20:00,On
2026/05/03 20:01,On
2026/05/03 20:02,On
2026/05/03 20:20,On
2026/05/03 20:21,On
2026/05/03 20:22,On
2026/05/03 20:40,On
2026/05/03 20:41,On
2026/05/03 20:42,On
2026/05/03 21:00,On
2026/05/03 21:01,On
2026/05/03 21:02,On
2026/05/03 21:20,On
2026/05/03 21:21,On
2026/05/03 21:22,On
2026/05/03 21:40,On
2026/05/03 21:41,On
2026/05/03 21:42,On
2026/05/03 22:00,On
2026/05/03 22:01,On
2026/05/03 22:02,On
2026/05/03 22:20,On
2026/05/03 22:21,On
2026/05/03 22:22,On
2026/05/03 22:40,On
2026/05/03 22:41,On
2026/05/03 22:42,On
2026/05/03 23:00,On
2026/05/03 23:01,On
2026/05/03 23:02,On
2026/05/03 23:20,On
2026/05/03 23:21,On
2026/05/03 23:22,On
2026/05/03 23:40,On
2026/05/03 23:41,On
2026/05/03 23:42,On
2026/05/04 00:00,On
2026/05/04 00:01,On
2026/05/04 00:02,On
2026/05/04 00:20,On
2026/05/04 00:21,On
2026/05/04 00:22,On
2026/05/04 00:40,On
2026/05/04 00:41,On
2026/05/04 00:42,On
2026/05/04 01:00,On
2026/05/04 01:01,On
2026/05/04 01:02,On
2026/05/04 01:20,On
2026/05/04 01:21,On
2026/05/04 01:22,On
2026/05/04 01:40,On
2026/05/04 01:41,On
2026/05/04 01:42,On
2026/05/04 02:00,On
2026/05/04 02:01,On
2026/05/04 02:02,On
2026/05/04 02:20,On
2026/05/04 02:21,On
2026/05/04 02:22,On
2026/05/04 02:40,On
2026/05/04 02:41,On
2026/05/04 02:42,On
2026/05/04 03:00,On
2026/05/04 03:01,On
2026/05/04 03:02,On
2026/05/04 03:20,On
2026/05/04 03:21,On
2026/05/04 03:22,On
2026/05/04 03:40,On
2026/05/04 03:41,On
2026/05/04 03:42,On
2026/05/04 04:00,On
2026/05/04 04:01,On
2026/05/04 04:02,On
2026/05/04 04:20,On
2026/05/04 04:21,On
2026/05/04 04:22,On
2026/05/04 04:40,On
2026/05/04 04:41,On
2026/05/04 04:42,On
2026/05/04 05:00,On
2026/05/04 05:01,On
2026/05/04 05:02,On
2026/05/04 05:20,On
2026/05/04 05:21,On
2026/05/04 05:22,On
2026/05/04 05:40,On
2026/05/04 05:41,On
2026/05/04 05:42,On
2026/05/04 06:00,On
2026/05/04 06:01,On
2026/05/04 06:02,On
2026/05/04 06:20,On
2026/05/04 06:21,On
2026/05/04 06:22,On
2026/05/04 06:40,On
2026/05/04 06:41,On
2026/05/04 06:42,On
2026/05/04 07:00,On
2026/05/04 07:01,On
2026/05/04 07:02,On
2026/05/04 07:20,On
2026/05/04 07:21,On
2026/05/04 07:22,On
2026/05/04 07:40,On
2026/05/04 07:41,On
2026/05/04 07:42,On
2026/05/04 08:00,On
2026/05/04 08:01,On
2026/05/04 08:02,On
2026/05/04 08:20,On
2026/05/04 08:21,On
2026/05/04 08:22,On
2026/05/04 08:40,On
2026/05/04 08:41,On
2026/05/04 08:42,On
2026/05/04 09:00,On
2026/05/04 09:01,On
2026/05/04 09:02,On
2026/05/04 09:20,On
2026/05/04 09:21,On
2026/05/04 09:22,On
2026/05/04 09:40,On
2026/05/04 09:41,On
2026/05/04 09:42,On
2026/05/04 10:00,On
2026/05/04 10:01,On
2026/05/04 10:02,On
2026/05/04 10:20,On
2026/05/04 10:21,On
2026/05/04 10:22,On
2026/05/04 10:40,On
2026/05/04 10:41,On
2026/05/04 10:42,On
2026/05/04 11:00,On
2026/05/04 11:01,On
2026/05/04 11:02,On
2026/05/04 11:20,On
2026/05/04 11:21,On
2026/05/04 11:22,On
2026/05/04 11:40,On
2026/05/04 11:41,On
2026/05/04 11:42,On
2026/05/04 12:00,On
2026/05/04 12:01,On
2026/05/04 12:02,On
2026/05/04 12:20,On
2026/05/04 12:21,On
2026/05/04 12:22,On
2026/05/04 12:40,On
2026/05/04 12:41,On
2026/05/04 12:42,On
2026/05/04 13:00,On
2026/05/04 13:01,On
2026/05/04 13:02,On
2026/05/04 13:20,On
2026/05/04 13:21,On
2026/05/04 13:22,On
2026/05/04 13:40,On
2026/05/04 13:41,On
2026/05/04 13:42,On
2026/05/04 14:00,On
2026/05/04 14:01,On
2026/05/04 14:02,On
2026/05/04 14:20,On
2026/05/04 14:21,On
2026/05/04 14:22,On
2026/05/04 14:40,On
2026/05/04 14:41,On
2026/05/04 14:42,On
2026/05/04 15:00,On
2026/05/04 15:01,On
2026/05/04 15:02,On
2026/05/04 15:20,On
2026/05/04 15:21,On
2026/05/04 15:22,On
2026/05/04 15:40,On
2026/05/04 15:41,On
2026/05/04 15:42,On
2026/05/04 16:00,On
2026/05/04 16:01,On
2026/05/04 16:02,On
2026/05/04 16:40,On
2026/05/04 16:41,On
2026/05/04 16:42,On
2026/05/04 17:00,On
2026/05/04 17:01,On
2026/05/04 17:02,On
2026/05/04 17:20,On
2026/05/04 17:21,On
2026/05/04 17:22,On
2026/05/04 17:40,On
2026/05/04 17:41,On
2026/05/04 17:42,On
2026/05/04 18:00,On
2026/05/04 18:01,On
2026/05/04 18:02,On
2026/05/04 18:20,On
2026/05/04 18:21,On
2026/05/04 18:22,On
2026/05/04 18:40,On
2026/05/04 18:41,On
2026/05/04 18:42,On
2026/05/04 19:00,On
2026/05/04 19:01,On
2026/05/04 19:02,On
2026/05/04 19:20,On
2026/05/04 19:21,On
2026/05/04 19:22,On
2026/05/04 19:40,On
2026/05/04 19:41,On
2026/05/04 19:42,On
2026/05/04 20:00,On
2026/05/04 20:01,On
2026/05/04 20:02,On
2026/05/04 20:20,On
2026/05/04 20:21,On
2026/05/04 20:22,On
2026/05/04 20:40,On
2026/05/04 20:41,On
2026/05/04 20:42,On
2026/05/04 21:00,On
2026/05/04 21:01,On
2026/05/04 21:02,On
2026/05/04 21:20,On
2026/05/04 21:21,On
2026/05/04 21:22,On
2026/05/04 21:40,On
2026/05/04 21:41,On
2026/05/04 21:42,On
2026/05/04 22:00,On
2026/05/04 22:01,On
2026/05/04 22:02,On
2026/05/04 22:20,On
2026/05/04 22:21,On
2026/05/04 22:22,On
2026/05/04 22:40,On
2026/05/04 22:41,On
2026/05/04 22:42,On
2026/05/04 23:00,On
2026/05/04 23:01,On
2026/05/04 23:02,On
2026/05/04 23:20,On
2026/05/04 23:21,On
2026/05/04 23:22,On
2026/05/04 23:40,On
2026/05/04 23:41,On
2026/05/04 23:42,On
2026/05/05 00:00,On
2026/05/05 00:01,On
2026/05/05 00:02,On
2026/05/05 00:20,On
2026/05/05 00:21,On
2026/05/05 00:22,On
2026/05/05 00:40,On
2026/05/05 00:41,On
2026/05/05 00:42,On
2026/05/05 01:00,On
2026/05/05 01:01,On
2026/05/05 01:02,On
2026/05/05 01:20,On
2026/05/05 01:21,On
2026/05/05 01:22,On
2026/05/05 01:40,On
2026/05/05 01:41,On
2026/05/05 01:42,On
2026/05/05 02:00,On
2026/05/05 02:01,On
2026/05/05 02:02,On
2026/05/05 02:20,On
2026/05/05 02:21,On
2026/05/05 02:22,On
2026/05/05 02:40,On
2026/05/05 02:41,On
2026/05/05 02:42,On
2026/05/05 03:00,On
2026/05/05 03:01,On
2026/05/05 03:02,On
2026/05/05 03:20,On
2026/05/05 03:21,On
2026/05/05 03:22,On
2026/05/05 03:40,On
2026/05/05 03:41,On
2026/05/05 03:42,On
2026/05/05 04:00,On
2026/05/05 04:01,On
2026/05/05 04:02,On
2026/05/05 04:20,On
2026/05/05 04:21,On
2026/05/05 04:22,On
2026/05/05 04:40,On
2026/05/05 04:41,On
2026/05/05 04:42,On
2026/05/05 05:00,On
2026/05/05 05:01,On
2026/05/05 05:02,On
2026/05/05 05:20,On
2026/05/05 05:21,On
2026/05/05 05:22,On
2026/05/05 05:40,On
2026/05/05 05:41,On
2026/05/05 05:42,On
2026/05/05 06:00,On
2026/05/05 06:01,On
2026/05/05 06:02,On
2026/05/05 06:20,On
2026/05/05 06:21,On
2026/05/05 06:22,On
2026/05/05 06:40,On
2026/05/05 06:41,On
2026/05/05 06:42,On
2026/05/05 07:00,On
2026/05/05 07:01,On
2026/05/05 07:02,On
2026/05/05 07:20,On
2026/05/05 07:21,On
2026/05/05 07:22,On
2026/05/05 07:40,On
2026/05/05 07:41,On
2026/05/05 07:42,On
2026/05/05 08:00,On
2026/05/05 08:01,On
2026/05/05 08:02,On
2026/05/05 08:20,On
2026/05/05 08:21,On
2026/05/05 08:22,On
2026/05/05 08:40,On
2026/05/05 08:41,On
2026/05/05 08:42,On
2026/05/05 09:00,On
2026/05/05 09:01,On
2026/05/05 09:02,On
2026/05/05 09:20,On
2026/05/05 09:21,On
2026/05/05 09:22,On
2026/05/05 09:40,On
2026/05/05 09:41,On
2026/05/05 09:42,On
2026/05/05 10:00,On
2026/05/05 10:01,On
2026/05/05 10:02,On
2026/05/05 10:20,On
2026/05/05 10:21,On
2026/05/05 10:22,On
2026/05/05 10:40,On
2026/05/05 10:41,On
2026/05/05 10:42,On
2026/05/05 11:00,On
2026/05/05 11:01,On
2026/05/05 11:02,On
2026/05/05 11:20,On
2026/05/05 11:21,On
2026/05/05 11:22,On
2026/05/05 11:40,On
2026/05/05 11:41,On
2026/05/05 11:42,On
2026/05/05 12:00,On
2026/05/05 12:01,On
2026/05/05 12:02,On
2026/05/05 12:20,On
2026/05/05 12:21,On
2026/05/05 12:22,On
2026/05/05 12:40,On
2026/05/05 12:41,On
2026/05/05 12:42,On
2026/05/05 13:00,On
2026/05/05 13:01,On
2026/05/05 13:02,On
2026/05/05 13:20,On
2026/05/05 13:21,On
2026/05/05 13:22,On
2026/05/05 13:40,On
2026/05/05 13:41,On
2026/05/05 13:42,On
2026/05/05 14:00,On
2026/05/05 14:01,On
2026/05/05 14:02,On
2026/05/05 14:20,On
2026/05/05 14:21,On
2026/05/05 14:22,On
2026/05/05 14:40,On
2026/05/05 14:41,On
2026/05/05 14:42,On
2026/05/05 15:00,On
2026/05/05 15:01,On
2026/05/05 15:02,On
2026/05/05 15:20,On
2026/05/05 15:21,On
2026/05/05 15:22,On
2026/05/05 15:40,On
2026/05/05 15:41,On
2026/05/05 15:42,On
2026/05/05 16:00,On
2026/05/05 16:01,On
2026/05/05 16:02,On
2026/05/05 16:20,On
2026/05/05 16:21,On
2026/05/05 16:22,On
2026/05/05 16:40,On
2026/05/05 16:41,On
2026/05/05 16:42,On
2026/05/05 17:00,On
2026/05/05 17:01,On
2026/05/05 17:02,On
2026/05/05 17:20,On
2026/05/05 17:21,On
2026/05/05 17:22,On
2026/05/05 17:40,On
2026/05/05 17:41,On
2026/05/05 17:42,On
2026/05/05 18:00,On
2026/05/05 18:01,On
2026/05/05 18:02,On
2026/05/05 18:20,On
2026/05/05 18:21,On
2026/05/05 18:22,On
2026/05/05 18:40,On
2026/05/05 18:41,On
2026/05/05 18:42,On
2026/05/05 19:00,On
2026/05/05 19:01,On
2026/05/05 19:02,On
2026/05/05 19:20,On
2026/05/05 19:21,On
2026/05/05 19:22,On
2026/05/05 19:40,On
2026/05/05 19:41,On
2026/05/05 19:42,On
2026/05/05 20:00,On
2026/05/05 20:01,On
2026/05/05 20:02,On
2026/05/05 20:20,On
2026/05/05 20:21,On
2026/05/05 20:22,On
2026/05/05 20:40,On
2026/05/05 20:41,On
2026/05/05 20:42,On
2026/05/05 21:00,On
2026/05/05 21:01,On
2026/05/05 21:02,On
2026/05/05 21:20,On
2026/05/05 21:21,On
2026/05/05 21:22,On
2026/05/05 21:40,On
2026/05/05 21:41,On
2026/05/05 21:42,On
2026/05/05 22:00,On
2026/05/05 22:01,On
2026/05/05 22:02,On
2026/05/05 22:20,On
2026/05/05 22:21,On
2026/05/05 22:22,On
2026/05/05 22:40,On
2026/05/05 22:41,On
2026/05/05 22:42,On
2026/05/05 23:00,On
2026/05/05 23:01,On
2026/05/05 23:02,On
2026/05/05 23:20,On
2026/05/05 23:21,On
2026/05/05 23:22,On
2026/05/05 23:40,On
2026/05/05 23:41,On
2026/05/05 23:42,On
2026/05/06 00:00,On
2026/05/06 00:01,On
2026/05/06 00:02,On
2026/05/06 00:20,On
2026/05/06 00:21,On
2026/05/06 00:22,On
2026/05/06 00:40,On
2026/05/06 00:41,On
2026/05/06 00:42,On
2026/05/06 01:00,On
2026/05/06 01:01,On
2026/05/06 01:02,On
2026/05/06 01:20,On
2026/05/06 01:21,On
2026/05/06 01:22,On
2026/05/06 01:40,On
2026/05/06 01:41,On
2026/05/06 01:42,On
2026/05/06 02:00,On
2026/05/06 02:01,On
2026/05/06 02:02,On
2026/05/06 02:20,On
2026/05/06 02:21,On
2026/05/06 02:22,On
2026/05/06 02:40,On
2026/05/06 02:41,On
2026/05/06 02:42,On
2026/05/06 03:00,On
2026/05/06 03:01,On
2026/05/06 03:02,On
2026/05/06 03:20,On
2026/05/06 03:21,On
2026/05/06 03:22,On
2026/05/06 03:40,On
2026/05/06 03:41,On
2026/05/06 03:42,On
2026/05/06 04:00,On
2026/05/06 04:01,On
2026/05/06 04:02,On
2026/05/06 04:20,On
2026/05/06 04:21,On
2026/05/06 04:22,On
2026/05/06 04:40,On
2026/05/06 04:41,On
2026/05/06 04:42,On
2026/05/06 05:00,On
2026/05/06 05:01,On
2026/05/06 05:02,On
2026/05/06 05:20,On
2026/05/06 05:21,On
2026/05/06 05:22,On
2026/05/06 05:40,On
2026/05/06 05:41,On
2026/05/06 05:42,On
2026/05/06 06:00,On
2026/05/06 06:01,On
2026/05/06 06:02,On
2026/05/06 06:20,On
2026/05/06 06:21,On
2026/05/06 06:22,On
2026/05/06 06:40,On
2026/05/06 06:41,On
2026/05/06 06:42,On
2026/05/06 07:00,On
2026/05/06 07:01,On
2026/05/06 07:02,On
2026/05/06 07:20,On
2026/05/06 07:21,On
2026/05/06 07:22,On
2026/05/06 07:40,On
2026/05/06 07:41,On
2026/05/06 07:42,On
2026/05/06 08:00,On
2026/05/06 08:01,On
2026/05/06 08:02,On
2026/05/06 08:20,On
2026/05/06 08:21,On
2026/05/06 08:22,On
2026/05/06 08:40,On
2026/05/06 08:41,On
2026/05/06 08:42,On
2026/05/06 09:00,On
2026/05/06 09:01,On
2026/05/06 09:02,On
2026/05/06 09:20,On
2026/05/06 09:21,On
2026/05/06 09:22,On
2026/05/06 09:40,On
2026/05/06 09:41,On
2026/05/06 09:42,On
2026/05/06 10:00,On
2026/05/06 10:01,On
2026/05/06 10:02,On
2026/05/06 10:20,On
2026/05/06 10:21,On
2026/05/06 10:22,On
2026/05/06 10:40,On
2026/05/06 10:41,On
2026/05/06 10:42,On
2026/05/06 11:00,On
2026/05/06 11:01,On
2026/05/06 11:02,On
2026/05/06 11:20,On
2026/05/06 11:21,On
2026/05/06 11:22,On
2026/05/06 11:40,On
2026/05/06 11:41,On
2026/05/06 11:42,On
2026/05/06 12:00,On
2026/05/06 12:01,On
2026/05/06 12:02,On
2026/05/06 12:20,On
2026/05/06 12:21,On
2026/05/06 12:22,On
2026/05/06 12:40,On
2026/05/06 12:41,On
2026/05/06 12:42,On
2026/05/06 13:00,On
2026/05/06 13:01,On
2026/05/06 13:02,On
2026/05/06 13:20,On
2026/05/06 13:21,On
2026/05/06 13:22,On
2026/05/06 13:40,On
2026/05/06 13:41,On
2026/05/06 13:42,On
2026/05/06 14:00,On
2026/05/06 14:01,On
2026/05/06 14:02,On
2026/05/06 14:20,On
2026/05/06 14:21,On
2026/05/06 14:22,On
2026/05/06 14:40,On
2026/05/06 14:41,On
2026/05/06 14:42,On
2026/05/06 15:00,On
2026/05/06 15:01,On
2026/05/06 15:02,On
2026/05/06 15:20,On
2026/05/06 15:21,On
2026/05/06 15:22,On
2026/05/06 15:40,On
2026/05/06 15:41,On
2026/05/06 15:42,On
2026/05/06 16:00,On
2026/05/06 16:01,On
2026/05/06 16:02,On
2026/05/06 16:20,On
2026/05/06 16:21,On
2026/05/06 16:22,On
2026/05/06 16:40,On
2026/05/06 16:41,On
2026/05/06 16:42,On
2026/05/06 17:00,On
2026/05/06 17:01,On
2026/05/06 17:02,On
2026/05/06 17:20,On
2026/05/06 17:21,On
2026/05/06 17:22,On
2026/05/06 17:40,On
2026/05/06 17:41,On
2026/05/06 17:42,On
2026/05/06 18:00,On
2026/05/06 18:01,On
2026/05/06 18:02,On
2026/05/06 18:20,On
2026/05/06 18:21,On
2026/05/06 18:22,On
2026/05/06 18:40,On
2026/05/06 18:41,On
2026/05/06 18:42,On
2026/05/06 19:00,On
2026/05/06 19:01,On
2026/05/06 19:02,On
2026/05/06 19:20,On
2026/05/06 19:21,On
2026/05/06 19:22,On
2026/05/06 19:40,On
2026/05/06 19:41,On
2026/05/06 19:42,On
2026/05/06 20:00,On
2026/05/06 20:01,On
2026/05/06 20:02,On
2026/05/06 20:20,On
2026/05/06 20:21,On
2026/05/06 20:22,On
2026/05/06 20:40,On
2026/05/06 20:41,On
2026/05/06 20:42,On
2026/05/06 21:00,On
2026/05/06 21:01,On
2026/05/06 21:02,On
2026/05/06 21:20,On
2026/05/06 21:21,On
2026/05/06 21:22,On
2026/05/06 21:40,On
2026/05/06 21:41,On
2026/05/06 21:42,On
2026/05/06 22:00,On
2026/05/06 22:01,On
2026/05/06 22:02,On
2026/05/06 22:20,On
2026/05/06 22:21,On
2026/05/06 22:22,On
2026/05/06 22:40,On
2026/05/06 22:41,On
2026/05/06 22:42,On
2026/05/06 23:00,On
2026/05/06 23:01,On
2026/05/06 23:02,On
2026/05/06 23:20,On
2026/05/06 23:21,On
2026/05/06 23:22,On
2026/05/06 23:40,On
2026/05/06 23:41,On
2026/05/06 23:42,On
2026/05/07 00:00,On
2026/05/07 00:01,On
2026/05/07 00:02,On
2026/05/07 00:20,On
2026/05/07 00:21,On
2026/05/07 00:22,On
2026/05/07 00:40,On
2026/05/07 00:41,On
2026/05/07 00:42,On
2026/05/07 01:00,On
2026/05/07 01:01,On
2026/05/07 01:02,On
2026/05/07 01:20,On
2026/05/07 01:21,On
2026/05/07 01:22,On
2026/05/07 01:40,On
2026/05/07 01:41,On
2026/05/07 01:42,On
2026/05/07 02:00,On
2026/05/07 02:01,On
2026/05/07 02:02,On
2026/05/07 02:20,On
2026/05/07 02:21,On
2026/05/07 02:22,On
2026/05/07 02:40,On
2026/05/07 02:41,On
2026/05/07 02:42,On
2026/05/07 03:00,On
2026/05/07 03:01,On
2026/05/07 03:02,On
2026/05/07 03:20,On
2026/05/07 03:21,On
2026/05/07 03:22,On
2026/05/07 03:40,On
2026/05/07 03:41,On
2026/05/07 03:42,On
2026/05/07 04:00,On
2026/05/07 04:01,On
2026/05/07 04:02,On
2026/05/07 04:20,On
2026/05/07 04:21,On
2026/05/07 04:22,On
2026/05/07 04:40,On
2026/05/07 04:41,On
2026/05/07 04:42,On
2026/05/07 05:00,On
2026/05/07 05:01,On
2026/05/07 05:02,On
2026/05/07 05:20,On
2026/05/07 05:21,On
2026/05/07 05:22,On
2026/05/07 05:40,On
2026/05/07 05:41,On
2026/05/07 05:42,On
2026/05/07 06:00,On
2026/05/07 06:01,On
2026/05/07 06:02,On
2026/05/07 06:20,On
2026/05/07 06:21,On
2026/05/07 06:22,On
2026/05/07 06:40,On
2026/05/07 06:41,On
2026/05/07 06:42,On
2026/05/07 07:00,On
2026/05/07 07:01,On
2026/05/07 07:02,On
2026/05/07 07:20,On
2026/05/07 07:21,On
2026/05/07 07:22,On
2026/05/07 07:40,On
2026/05/07 07:41,On
2026/05/07 07:42,On
2026/05/07 08:00,On
2026/05/07 08:01,On
2026/05/07 08:02,On
2026/05/07 08:20,On
2026/05/07 08:21,On
2026/05/07 08:22,On
2026/05/07 08:40,On
2026/05/07 08:41,On
2026/05/07 08:42,On
2026/05/07 09:00,On
2026/05/07 09:01,On
2026/05/07 09:02,On
2026/05/07 09:20,On
2026/05/07 09:21,On
2026/05/07 09:22,On
2026/05/07 09:40,On
2026/05/07 09:41,On
2026/05/07 09:42,On
2026/05/07 10:00,On
2026/05/07 10:01,On
2026/05/07 10:02,On
2026/05/07 10:20,On
2026/05/07 10:21,On
2026/05/07 10:22,On
2026/05/07 10:40,On
2026/05/07 10:41,On
2026/05/07 10:42,On
2026/05/07 11:00,On
2026/05/07 11:01,On
2026/05/07 11:02,On
2026/05/07 11:20,On
2026/05/07 11:21,On
2026/05/07 11:22,On
2026/05/07 11:40,On
2026/05/07 11:41,On
2026/05/07 11:42,On
2026/05/07 12:00,On
2026/05/07 12:01,On
2026/05/07 12:02,On
2026/05/07 12:20,On
2026/05/07 12:21,On
2026/05/07 12:22,On
2026/05/07 12:40,On
2026/05/07 12:41,On
2026/05/07 12:42,On
2026/05/07 13:00,On
2026/05/07 13:01,On
2026/05/07 13:02,On
2026/05/07 13:20,On
2026/05/07 13:21,On
2026/05/07 13:22,On
2026/05/07 13:40,On
2026/05/07 13:41,On
2026/05/07 13:42,On
2026/05/07 14:00,On
2026/05/07 14:01,On
2026/05/07 14:02,On
2026/05/07 14:20,On
2026/05/07 14:21,On
2026/05/07 14:22,On
2026/05/07 14:40,On
2026/05/07 14:41,On
2026/05/07 14:42,On
2026/05/07 15:00,On
2026/05/07 15:01,On
2026/05/07 15:02,On
2026/05/07 15:20,On
2026/05/07 15:21,On
2026/05/07 15:22,On
2026/05/07 15:40,On
2026/05/07 15:41,On
2026/05/07 15:42,On
2026/05/07 16:00,On
2026/05/07 16:01,On
2026/05/07 16:02,On
2026/05/07 16:20,On
2026/05/07 16:21,On
2026/05/07 16:22,On
2026/05/07 16:40,On
2026/05/07 16:41,On
2026/05/07 16:42,On
2026/05/07 17:00,On
2026/05/07 17:01,On
2026/05/07 17:02,On
2026/05/07 17:20,On
2026/05/07 17:21,On
2026/05/07 17:22,On
2026/05/07 17:40,On
2026/05/07 17:41,On
2026/05/07 17:42,On
2026/05/07 18:00,On
2026/05/07 18:01,On
2026/05/07 18:02,On
2026/05/07 18:20,On
2026/05/07 18:21,On
2026/05/07 18:22,On
2026/05/07 18:40,On
2026/05/07 18:41,On
2026/05/07 18:42,On
2026/05/07 19:00,On
2026/05/07 19:01,On
2026/05/07 19:02,On
2026/05/07 19:20,On
2026/05/07 19:21,On
2026/05/07 19:22,On
2026/05/07 19:40,On
2026/05/07 19:41,On
2026/05/07 19:42,On
2026/05/07 20:00,On
2026/05/07 20:01,On
2026/05/07 20:02,On
2026/05/07 20:20,On
2026/05/07 20:21,On
2026/05/07 20:22,On
2026/05/07 20:40,On
2026/05/07 20:41,On
2026/05/07 20:42,On
2026/05/07 21:00,On
2026/05/07 21:01,On
2026/05/07 21:02,On
2026/05/07 21:20,On
2026/05/07 21:21,On
2026/05/07 21:22,On
2026/05/07 21:40,On
2026/05/07 21:41,On
2026/05/07 21:42,On
2026/05/07 22:00,On
2026/05/07 22:01,On
2026/05/07 22:02,On
2026/05/07 22:20,On
2026/05/07 22:21,On
2026/05/07 22:22,On
2026/05/07 22:40,On
2026/05/07 22:41,On
2026/05/07 22:42,On
2026/05/07 23:00,On
2026/05/07 23:01,On
2026/05/07 23:02,On
2026/05/07 23:20,On
2026/05/07 23:21,On
2026/05/07 23:22,On
2026/05/07 23:40,On
2026/05/07 23:41,On
2026/05/07 23:42,On
2026/05/08 00:00,On
2026/05/08 00:01,On
2026/05/08 00:02,On
2026/05/08 00:20,On
2026/05/08 00:21,On
2026/05/08 00:22,On
2026/05/08 00:40,On
2026/05/08 00:41,On
2026/05/08 00:42,On
2026/05/08 01:00,On
2026/05/08 01:01,On
2026/05/08 01:02,On
2026/05/08 01:20,On
2026/05/08 01:21,On
2026/05/08 01:22,On
2026/05/08 01:40,On
2026/05/08 01:41,On
2026/05/08 01:42,On
2026/05/08 02:00,On
2026/05/08 02:01,On
2026/05/08 02:02,On
2026/05/08 02:20,On
2026/05/08 02:21,On
2026/05/08 02:22,On
2026/05/08 02:40,On
2026/05/08 02:41,On
2026/05/08 02:42,On
2026/05/08 03:00,On
2026/05/08 03:01,On
2026/05/08 03:02,On
2026/05/08 03:20,On
2026/05/08 03:21,On
2026/05/08 03:22,On
2026/05/08 03:40,On
2026/05/08 03:41,On
2026/05/08 03:42,On
2026/05/08 04:00,On
2026/05/08 04:01,On
2026/05/08 04:02,On
2026/05/08 04:20,On
2026/05/08 04:21,On
2026/05/08 04:22,On
2026/05/08 04:40,On
2026/05/08 04:41,On
2026/05/08 04:42,On
2026/05/08 05:00,On
2026/05/08 05:01,On
2026/05/08 05:02,On
2026/05/08 05:20,On
2026/05/08 05:21,On
2026/05/08 05:22,On
2026/05/08 05:40,On
2026/05/08 05:41,On
2026/05/08 05:42,On
2026/05/08 06:00,On
2026/05/08 06:01,On
2026/05/08 06:02,On
2026/05/08 06:20,On
2026/05/08 06:21,On
2026/05/08 06:22,On
2026/05/08 06:40,On
2026/05/08 06:41,On
2026/05/08 06:42,On
2026/05/08 07:00,On
2026/05/08 07:01,On
2026/05/08 07:02,On
2026/05/08 07:20,On
2026/05/08 07:21,On
2026/05/08 07:22,On
2026/05/08 07:40,On
2026/05/08 07:41,On
2026/05/08 07:42,On
2026/05/08 08:00,On
2026/05/08 08:01,On
2026/05/08 08:02,On
2026/05/08 08:20,On
2026/05/08 08:21,On
2026/05/08 08:22,On
2026/05/08 08:40,On
2026/05/08 08:41,On
2026/05/08 08:42,On
2026/05/08 09:00,On
2026/05/08 09:01,On
2026/05/08 09:02,On
2026/05/08 09:20,On
2026/05/08 09:21,On
2026/05/08 09:22,On
2026/05/08 09:40,On
2026/05/08 09:41,On
2026/05/08 09:42,On
2026/05/08 10:00,On
2026/05/08 10:01,On
2026/05/08 10:02,On
2026/05/08 10:20,On
2026/05/08 10:21,On
2026/05/08 10:22,On
2026/05/08 10:40,On
2026/05/08 10:41,On
2026/05/08 10:42,On
2026/05/08 11:00,On
2026/05/08 11:01,On
2026/05/08 11:02,On
2026/05/08 11:20,On
2026/05/08 11:21,On
2026/05/08 11:22,On
2026/05/08 11:40,On
2026/05/08 11:41,On
2026/05/08 11:42,On
2026/05/08 12:00,On
2026/05/08 12:01,On
2026/05/08 12:02,On
2026/05/08 12:20,On
2026/05/08 12:21,On
2026/05/08 12:22,On
2026/05/08 12:40,On
2026/05/08 12:41,On
2026/05/08 12:42,On
2026/05/08 13:00,On
2026/05/08 13:01,On
2026/05/08 13:02,On
2026/05/08 13:20,On
2026/05/08 13:21,On
2026/05/08 13:22,On
2026/05/08 13:40,On
2026/05/08 13:41,On
2026/05/08 13:42,On
2026/05/08 14:00,On
2026/05/08 14:01,On
2026/05/08 14:02,On
2026/05/08 14:20,On
2026/05/08 14:21,On
2026/05/08 14:22,On
2026/05/08 14:40,On
2026/05/08 14:41,On
2026/05/08 14:42,On
2026/05/08 15:00,On
2026/05/08 15:01,On
2026/05/08 15:02,On
2026/05/08 15:20,On
2026/05/08 15:21,On
2026/05/08 15:22,On
2026/05/08 15:40,On
2026/05/08 15:41,On
2026/05/08 15:42,On
2026/05/08 16:00,On
2026/05/08 16:01,On
2026/05/08 16:02,On
2026/05/08 16:20,On
2026/05/08 16:21,On
2026/05/08 16:22,On
2026/05/08 16:40,On
2026/05/08 16:41,On
2026/05/08 16:42,On
2026/05/08 17:00,On
2026/05/08 17:01,On
2026/05/08 17:02,On
2026/05/08 17:20,On
2026/05/08 17:21,On
2026/05/08 17:22,On
2026/05/08 17:40,On
2026/05/08 17:41,On
2026/05/08 17:42,On
2026/05/08 18:00,On
2026/05/08 18:01,On
2026/05/08 18:02,On
2026/05/08 18:20,On
2026/05/08 18:21,On
2026/05/08 18:22,On
2026/05/08 18:40,On
2026/05/08 18:41,On
2026/05/08 18:42,On
2026/05/08 19:00,On
2026/05/08 19:01,On
2026/05/08 19:02,On
2026/05/08 19:20,On
2026/05/08 19:21,On
2026/05/08 19:22,On
2026/05/08 19:40,On
2026/05/08 19:41,On
2026/05/08 19:42,On
2026/05/08 20:00,On
2026/05/08 20:01,On
2026/05/08 20:02,On
2026/05/08 20:20,On
2026/05/08 20:21,On
2026/05/08 20:22,On
2026/05/08 20:40,On
2026/05/08 20:41,On
2026/05/08 20:42,On
2026/05/08 21:00,On
2026/05/08 21:01,On
2026/05/08 21:02,On
2026/05/08 21:20,On
2026/05/08 21:21,On
2026/05/08 21:22,On
2026/05/08 21:40,On
2026/05/08 21:41,On
2026/05/08 21:42,On
2026/05/08 22:00,On
2026/05/08 22:01,On
2026/05/08 22:02,On
2026/05/08 22:20,On
2026/05/08 22:21,On
2026/05/08 22:22,On
2026/05/08 22:40,On
2026/05/08 22:41,On
2026/05/08 22:42,On
2026/05/08 23:00,On
2026/05/08 23:01,On
2026/05/08 23:02,On
2026/05/08 23:20,On
2026/05/08 23:21,On
2026/05/08 23:22,On
2026/05/08 23:40,On
2026/05/08 23:41,On
2026/05/08 23:42,On
2026/05/09 00:00,On
2026/05/09 00:01,On
2026/05/09 00:02,On
2026/05/09 00:20,On
2026/05/09 00:21,On
2026/05/09 00:22,On
2026/05/09 00:40,On
2026/05/09 00:41,On
2026/05/09 00:42,On
2026/05/09 01:00,On
2026/05/09 01:01,On
2026/05/09 01:02,On
2026/05/09 01:20,On
2026/05/09 01:21,On
2026/05/09 01:22,On
2026/05/09 01:40,On
2026/05/09 01:41,On
2026/05/09 01:42,On
2026/05/09 02:00,On
2026/05/09 02:01,On
2026/05/09 02:02,On
2026/05/09 02:20,On
2026/05/09 02:21,On
2026/05/09 02:22,On
2026/05/09 02:40,On
2026/05/09 02:41,On
2026/05/09 02:42,On
2026/05/09 03:00,On
2026/05/09 03:01,On
2026/05/09 03:02,On
2026/05/09 03:20,On
2026/05/09 03:21,On
2026/05/09 03:22,On
2026/05/09 03:40,On
2026/05/09 03:41,On
2026/05/09 03:42,On
2026/05/09 04:00,On
2026/05/09 04:01,On
2026/05/09 04:02,On
2026/05/09 04:20,On
2026/05/09 04:21,On
2026/05/09 04:22,On
2026/05/09 04:40,On
2026/05/09 04:41,On
2026/05/09 04:42,On
2026/05/09 05:00,On
2026/05/09 05:01,On
2026/05/09 05:02,On
2026/05/09 05:20,On
2026/05/09 05:21,On
2026/05/09 05:22,On
2026/05/09 05:40,On
2026/05/09 05:41,On
2026/05/09 05:42,On
2026/05/09 06:00,On
2026/05/09 06:01,On
2026/05/09 06:02,On
2026/05/09 06:20,On
2026/05/09 06:21,On
2026/05/09 06:22,On
2026/05/09 06:40,On
2026/05/09 06:41,On
2026/05/09 06:42,On
2026/05/09 07:00,On
2026/05/09 07:01,On
2026/05/09 07:02,On
2026/05/09 07:20,On
2026/05/09 07:21,On
2026/05/09 07:22,On
2026/05/09 07:40,On
2026/05/09 07:41,On
2026/05/09 07:42,On
2026/05/09 08:00,On
2026/05/09 08:01,On
2026/05/09 08:02,On
2026/05/09 08:20,On
2026/05/09 08:21,On
2026/05/09 08:22,On
2026/05/09 08:40,On
2026/05/09 08:41,On
2026/05/09 08:42,On
2026/05/09 09:00,On
2026/05/09 09:01,On
2026/05/09 09:02,On
2026/05/09 09:20,On
2026/05/09 09:21,On
2026/05/09 09:22,On
2026/05/09 09:40,On
2026/05/09 09:41,On
2026/05/09 09:42,On
2026/05/09 10:00,On
2026/05/09 10:01,On
2026/05/09 10:02,On
2026/05/09 10:20,On
2026/05/09 10:21,On
2026/05/09 10:22,On
2026/05/09 10:40,On
2026/05/09 10:41,On
2026/05/09 10:42,On
2026/05/09 11:00,On
2026/05/09 11:01,On
2026/05/09 11:02,On
2026/05/09 11:20,On
2026/05/09 11:21,On
2026/05/09 11:22,On
2026/05/09 11:40,On
2026/05/09 11:41,On
2026/05/09 11:42,On
2026/05/09 12:00,On
2026/05/09 12:01,On
2026/05/09 12:02,On
2026/05/09 12:20,On
2026/05/09 12:21,On
2026/05/09 12:22,On
2026/05/09 12:40,On
2026/05/09 12:41,On
2026/05/09 12:42,On
2026/05/09 13:00,On
2026/05/09 13:01,On
2026/05/09 13:02,On
2026/05/09 13:20,On
2026/05/09 13:21,On
2026/05/09 13:22,On
2026/05/09 13:40,On
2026/05/09 13:41,On
2026/05/09 13:42,On
2026/05/09 14:00,On
2026/05/09 14:01,On
2026/05/09 14:02,On
2026/05/09 14:20,On
2026/05/09 14:21,On
2026/05/09 14:22,On
2026/05/09 14:40,On
2026/05/09 14:41,On
2026/05/09 14:42,On
2026/05/09 15:00,On
2026/05/09 15:01,On
2026/05/09 15:02,On
2026/05/09 15:20,On
2026/05/09 15:21,On
2026/05/09 15:22,On
2026/05/09 15:40,On
2026/05/09 15:41,On
2026/05/09 15:42,On
2026/05/09 16:00,On
2026/05/09 16:01,On
2026/05/09 16:02,On
2026/05/09 16:20,On
2026/05/09 16:21,On
2026/05/09 16:22,On
2026/05/09 16:40,On
2026/05/09 16:41,On
2026/05/09 16:42,On
2026/05/09 17:00,On
2026/05/09 17:01,On
2026/05/09 17:02,On
2026/05/09 17:20,On
2026/05/09 17:21,On
2026/05/09 17:22,On
2026/05/09 17:40,On
2026/05/09 17:41,On
2026/05/09 17:42,On
2026/05/09 18:00,On
2026/05/09 18:01,On
2026/05/09 18:02,On
2026/05/09 18:20,On
2026/05/09 18:21,On
2026/05/09 18:22,On
2026/05/09 18:40,On
2026/05/09 18:41,On
2026/05/09 18:42,On
2026/05/09 19:00,On
2026/05/09 19:01,On
2026/05/09 19:02,On
2026/05/09 19:20,On
2026/05/09 19:21,On
2026/05/09 19:22,On
2026/05/09 19:40,On
2026/05/09 19:41,On
2026/05/09 19:42,On
2026/05/09 20:00,On
2026/05/09 20:01,On
2026/05/09 20:02,On
2026/05/09 20:20,On
2026/05/09 20:21,On
2026/05/09 20:22,On
2026/05/09 20:40,On
2026/05/09 20:41,On
2026/05/09 20:42,On
2026/05/09 21:00,On
2026/05/09 21:01,On
2026/05/09 21:02,On
2026/05/09 21:20,On
2026/05/09 21:21,On
2026/05/09 21:22,On
2026/05/09 21:40,On
2026/05/09 21:41,On
2026/05/09 21:42,On
2026/05/09 22:00,On
2026/05/09 22:01,On
2026/05/09 22:02,On
2026/05/09 22:20,On
2026/05/09 22:21,On
2026/05/09 22:22,On
2026/05/09 22:40,On
2026/05/09 22:41,On
2026/05/09 22:42,On
2026/05/09 23:00,On
2026/05/09 23:01,On
2026/05/09 23:02,On
2026/05/09 23:20,On
2026/05/09 23:21,On
2026/05/09 23:22,On
2026/05/09 23:40,On
2026/05/09 23:41,On
2026/05/09 23:42,On
2026/05/10 00:00,On
2026/05/10 00:01,On
2026/05/10 00:02,On
2026/05/10 00:20,On
2026/05/10 00:21,On
2026/05/10 00:22,On
2026/05/10 00:40,On
2026/05/10 00:41,On
2026/05/10 00:42,On
2026/05/10 01:00,On
2026/05/10 01:01,On
2026/05/10 01:02,On
2026/05/10 01:20,On
2026/05/10 01:21,On
2026/05/10 01:22,On
2026/05/10 01:40,On
2026/05/10 01:41,On
2026/05/10 01:42,On
2026/05/10 02:00,On
2026/05/10 02:01,On
2026/05/10 02:02,On
2026/05/10 02:20,On
2026/05/10 02:21,On
2026/05/10 02:22,On
2026/05/10 02:40,On
2026/05/10 02:41,On
2026/05/10 02:42,On
2026/05/10 03:00,On
2026/05/10 03:01,On
2026/05/10 03:02,On
2026/05/10 03:20,On
2026/05/10 03:21,On
2026/05/10 03:22,On
2026/05/10 03:40,On
2026/05/10 03:41,On
2026/05/10 03:42,On
2026/05/10 04:00,On
2026/05/10 04:01,On
2026/05/10 04:02,On
2026/05/10 04:20,On
2026/05/10 04:21,On
2026/05/10 04:22,On
2026/05/10 04:40,On
2026/05/10 04:41,On
2026/05/10 04:42,On
2026/05/10 05:00,On
2026/05/10 05:01,On
2026/05/10 05:02,On
2026/05/10 05:20,On
2026/05/10 05:21,On
2026/05/10 05:22,On
2026/05/10 05:40,On
2026/05/10 05:41,On
2026/05/10 05:42,On
2026/05/10 06:00,On
2026/05/10 06:01,On
2026/05/10 06:02,On
2026/05/10 06:20,On
2026/05/10 06:21,On
2026/05/10 06:22,On
2026/05/10 06:40,On
2026/05/10 06:41,On
2026/05/10 06:42,On
2026/05/10 07:00,On
2026/05/10 07:01,On
2026/05/10 07:02,On
2026/05/10 07:20,On
2026/05/10 07:21,On
2026/05/10 07:22,On
2026/05/10 07:40,On
2026/05/10 07:41,On
2026/05/10 07:42,On
2026/05/10 08:00,On
2026/05/10 08:01,On
2026/05/10 08:02,On
2026/05/10 08:20,On
2026/05/10 08:21,On
2026/05/10 08:22,On
2026/05/10 08:40,On
2026/05/10 08:41,On
2026/05/10 08:42,On
2026/05/10 09:00,On
2026/05/10 09:01,On
2026/05/10 09:02,On
2026/05/10 09:20,On
2026/05/10 09:21,On
2026/05/10 09:22,On
2026/05/10 09:40,On
2026/05/10 09:41,On
2026/05/10 09:42,On
2026/05/10 10:00,On
2026/05/10 10:01,On
2026/05/10 10:02,On
2026/05/10 10:20,On
2026/05/10 10:21,On
2026/05/10 10:22,On
2026/05/10 10:40,On
2026/05/10 10:41,On
2026/05/10 10:42,On
2026/05/10 11:00,On
2026/05/10 11:01,On
2026/05/10 11:02,On
2026/05/10 11:20,On
2026/05/10 11:21,On
2026/05/10 11:22,On
2026/05/10 11:40,On
2026/05/10 11:41,On
2026/05/10 11:42,On
2026/05/10 12:00,On
2026/05/10 12:01,On
2026/05/10 12:02,On
2026/05/10 12:20,On
2026/05/10 12:21,On
2026/05/10 12:22,On
2026/05/10 12:40,On
2026/05/10 12:41,On
2026/05/10 12:42,On
2026/05/10 13:00,On
2026/05/10 13:01,On
2026/05/10 13:02,On
2026/05/10 13:20,On
2026/05/10 13:21,On
2026/05/10 13:22,On
2026/05/10 13:40,On
2026/05/10 13:41,On
2026/05/10 13:42,On
2026/05/10 14:00,On
2026/05/10 14:01,On
2026/05/10 14:02,On
2026/05/10 14:20,On
2026/05/10 14:21,On
2026/05/10 14:22,On
2026/05/10 14:40,On
2026/05/10 14:41,On
2026/05/10 14:42,On
2026/05/10 15:00,On
2026/05/10 15:01,On
2026/05/10 15:02,On
2026/05/10 15:20,On
2026/05/10 15:21,On
2026/05/10 15:22,On
2026/05/10 15:40,On
2026/05/10 15:41,On
2026/05/10 15:42,On
2026/05/10 16:00,On
2026/05/10 16:01,On
2026/05/10 16:02,On
2026/05/10 16:20,On
2026/05/10 16:21,On
2026/05/10 16:22,On
2026/05/10 16:40,On
2026/05/10 16:41,On
2026/05/10 16:42,On
2026/05/10 17:00,On
2026/05/10 17:01,On
2026/05/10 17:02,On
2026/05/10 17:20,On
2026/05/10 17:21,On
2026/05/10 17:22,On
2026/05/10 17:40,On
2026/05/10 17:41,On
2026/05/10 17:42,On
2026/05/10 18:00,On
2026/05/10 18:01,On
2026/05/10 18:02,On
2026/05/10 18:20,On
2026/05/10 18:21,On
2026/05/10 18:22,On
2026/05/10 18:40,On
2026/05/10 18:41,On
2026/05/10 18:42,On
2026/05/10 19:00,On
2026/05/10 19:01,On
2026/05/10 19:02,On
2026/05/10 19:20,On
2026/05/10 19:21,On
2026/05/10 19:22,On
2026/05/10 19:40,On
2026/05/10 19:41,On
2026/05/10 19:42,On
2026/05/10 20:00,On
2026/05/10 20:01,On
2026/05/10 20:02,On
2026/05/10 20:20,On
2026/05/10 20:21,On
2026/05/10 20:22,On
2026/05/10 20:40,On
2026/05/10 20:41,On
2026/05/10 20:42,On
2026/05/10 21:00,On
2026/05/10 21:01,On
2026/05/10 21:02,On
2026/05/10 21:20,On
2026/05/10 21:21,On
2026/05/10 21:22,On
2026/05/10 21:40,On
2026/05/10 21:41,On
2026/05/10 21:42,On
2026/05/10 22:00,On
2026/05/10 22:01,On
2026/05/10 22:02,On
2026/05/10 22:20,On
2026/05/10 22:21,On
2026/05/10 22:22,On
2026/05/10 22:40,On
2026/05/10 22:41,On
2026/05/10 22:42,On
2026/05/10 23:00,On
2026/05/10 23:01,On
2026/05/10 23:02,On
2026/05/10 23:20,On
2026/05/10 23:21,On
2026/05/10 23:22,On
2026/05/10 23:40,On
2026/05/10 23:41,On
2026/05/10 23:42,On
2026/05/11 00:00,On
2026/05/11 00:01,On
2026/05/11 00:02,On
2026/05/11 00:20,On
2026/05/11 00:21,On
2026/05/11 00:22,On
2026/05/11 00:40,On
2026/05/11 00:41,On
2026/05/11 00:42,On
2026/05/11 01:00,On
2026/05/11 01:01,On
2026/05/11 01:02,On
2026/05/11 01:20,On
2026/05/11 01:21,On
2026/05/11 01:22,On
2026/05/11 01:40,On
2026/05/11 01:41,On
2026/05/11 01:42,On
2026/05/11 02:00,On
2026/05/11 02:01,On
2026/05/11 02:02,On
2026/05/11 02:20,On
2026/05/11 02:21,On
2026/05/11 02:22,On
2026/05/11 02:40,On
2026/05/11 02:41,On
2026/05/11 02:42,On
2026/05/11 03:00,On
2026/05/11 03:01,On
2026/05/11 03:02,On
2026/05/11 03:20,On
2026/05/11 03:21,On
2026/05/11 03:22,On
2026/05/11 03:40,On
2026/05/11 03:41,On
2026/05/11 03:42,On
2026/05/11 04:00,On
2026/05/11 04:01,On
2026/05/11 04:02,On
2026/05/11 04:20,On
2026/05/11 04:21,On
2026/05/11 04:22,On
2026/05/11 04:40,On
2026/05/11 04:41,On
2026/05/11 04:42,On
2026/05/11 05:00,On
2026/05/11 05:01,On
2026/05/11 05:02,On
2026/05/11 05:20,On
2026/05/11 05:21,On
2026/05/11 05:22,On
2026/05/11 05:40,On
2026/05/11 05:41,On
2026/05/11 05:42,On
2026/05/11 06:00,On
2026/05/11 06:01,On
2026/05/11 06:02,On
2026/05/11 06:20,On
2026/05/11 06:21,On
2026/05/11 06:22,On
2026/05/11 06:40,On
2026/05/11 06:41,On
2026/05/11 06:42,On
2026/05/11 07:00,On
2026/05/11 07:01,On
2026/05/11 07:02,On
2026/05/11 07:20,On
2026/05/11 07:21,On
2026/05/11 07:22,On
2026/05/11 07:40,On
2026/05/11 07:41,On
2026/05/11 07:42,On
2026/05/11 08:00,On
2026/05/11 08:01,On
2026/05/11 08:02,On
2026/05/11 08:20,On
2026/05/11 08:21,On
2026/05/11 08:22,On
2026/05/11 08:40,On
2026/05/11 08:41,On
2026/05/11 08:42,On
2026/05/11 09:00,On
2026/05/11 09:01,On
2026/05/11 09:02,On
2026/05/11 09:20,On
2026/05/11 09:21,On
2026/05/11 09:22,On
2026/05/11 09:40,On
2026/05/11 09:41,On
2026/05/11 09:42,On
2026/05/11 10:00,On
2026/05/11 10:01,On
2026/05/11 10:02,On
2026/05/11 10:20,On
2026/05/11 10:21,On
2026/05/11 10:22,On
2026/05/11 10:40,On
2026/05/11 10:41,On
2026/05/11 10:42,On
2026/05/11 11:00,On
2026/05/11 11:01,On
2026/05/11 11:02,On
2026/05/11 11:20,On
2026/05/11 11:21,On
2026/05/11 11:22,On
2026/05/11 11:40,On
2026/05/11 11:41,On
2026/05/11 11:42,On
2026/05/11 12:00,On
2026/05/11 12:01,On
2026/05/11 12:02,On
2026/05/11 12:20,On
2026/05/11 12:21,On
2026/05/11 12:22,On
2026/05/11 12:40,On
2026/05/11 12:41,On
2026/05/11 12:42,On
2026/05/11 13:00,On
2026/05/11 13:01,On
2026/05/11 13:02,On
2026/05/11 13:20,On
2026/05/11 13:21,On
2026/05/11 13:22,On
2026/05/11 13:40,On
2026/05/11 13:41,On
2026/05/11 13:42,On
2026/05/11 14:00,On
2026/05/11 14:01,On
2026/05/11 14:02,On
2026/05/11 14:20,On
2026/05/11 14:21,On
2026/05/11 14:22,On
2026/05/11 14:40,On
2026/05/11 14:41,On
2026/05/11 14:42,On
2026/05/11 15:00,On
2026/05/11 15:01,On
2026/05/11 15:02,On
2026/05/11 15:20,On
2026/05/11 15:21,On
2026/05/11 15:22,On
2026/05/11 15:40,On
2026/05/11 15:41,On
2026/05/11 15:42,On
2026/05/11 16:00,On
2026/05/11 16:01,On
2026/05/11 16:02,On
2026/05/11 16:20,On
2026/05/11 16:21,On
2026/05/11 16:22,On
2026/05/11 16:40,On
2026/05/11 16:41,On
2026/05/11 16:42,On
2026/05/11 17:00,On
2026/05/11 17:01,On
2026/05/11 17:02,On
2026/05/11 17:20,On
2026/05/11 17:21,On
2026/05/11 17:22,On
2026/05/11 17:40,On
2026/05/11 17:41,On
2026/05/11 17:42,On
2026/05/11 18:00,On
2026/05/11 18:01,On
2026/05/11 18:02,On
2026/05/11 18:20,On
2026/05/11 18:21,On
2026/05/11 18:22,On
2026/05/11 18:40,On
2026/05/11 18:41,On
2026/05/11 18:42,On
2026/05/11 19:00,On
2026/05/11 19:01,On
2026/05/11 19:02,On
2026/05/11 19:20,On
2026/05/11 19:21,On
2026/05/11 19:22,On
2026/05/11 19:40,On
2026/05/11 19:41,On
2026/05/11 19:42,On
2026/05/11 20:00,On
2026/05/11 20:01,On
2026/05/11 20:02,On
2026/05/11 20:20,On
2026/05/11 20:21,On
2026/05/11 20:22,On
2026/05/11 20:40,On
2026/05/11 20:41,On
2026/05/11 20:42,On
2026/05/11 21:00,On
2026/05/11 21:01,On
2026/05/11 21:02,On
2026/05/11 21:20,On
2026/05/11 21:21,On
2026/05/11 21:22,On
2026/05/11 21:40,On
2026/05/11 21:41,On
2026/05/11 21:42,On
2026/05/11 22:00,On
2026/05/11 22:01,On
2026/05/11 22:02,On
2026/05/11 22:20,On
2026/05/11 22:21,On
2026/05/11 22:22,On
2026/05/11 22:40,On
2026/05/11 22:41,On
2026/05/11 22:42,On
2026/05/11 23:00,On
2026/05/11 23:01,On
2026/05/11 23:02,On
2026/05/11 23:20,On
2026/05/11 23:21,On
2026/05/11 23:22,On
2026/05/11 23:40,On
2026/05/11 23:41,On
2026/05/11 23:42,On
2026/05/12 00:00,On
2026/05/12 00:01,On
2026/05/12 00:02,On
2026/05/12 00:20,On
2026/05/12 00:21,On
2026/05/12 00:22,On
2026/05/12 00:40,On
2026/05/12 00:41,On
2026/05/12 00:42,On
2026/05/12 01:00,On
2026/05/12 01:01,On
2026/05/12 01:02,On
2026/05/12 01:20,On
2026/05/12 01:21,On
2026/05/12 01:22,On
2026/05/12 01:40,On
2026/05/12 01:41,On
2026/05/12 01:42,On
2026/05/12 02:00,On
2026/05/12 02:01,On
2026/05/12 02:02,On
2026/05/12 02:20,On
2026/05/12 02:21,On
2026/05/12 02:22,On
2026/05/12 02:40,On
2026/05/12 02:41,On
2026/05/12 02:42,On
2026/05/12 03:00,On
2026/05/12 03:01,On
2026/05/12 03:02,On
2026/05/12 03:20,On
2026/05/12 03:21,On
2026/05/12 03:22,On
2026/05/12 03:40,On
2026/05/12 03:41,On
2026/05/12 03:42,On
2026/05/12 04:00,On
2026/05/12 04:01,On
2026/05/12 04:02,On
2026/05/12 04:20,On
2026/05/12 04:21,On
2026/05/12 04:22,On
2026/05/12 04:40,On
2026/05/12 04:41,On
2026/05/12 04:42,On
2026/05/12 05:00,On
2026/05/12 05:01,On
2026/05/12 05:02,On
2026/05/12 05:20,On
2026/05/12 05:21,On
2026/05/12 05:22,On
2026/05/12 05:40,On
2026/05/12 05:41,On
2026/05/12 05:42,On
2026/05/12 06:00,On
2026/05/12 06:01,On
2026/05/12 06:02,On
2026/05/12 06:20,On
2026/05/12 06:21,On
2026/05/12 06:22,On
2026/05/12 06:40,On
2026/05/12 06:41,On
2026/05/12 06:42,On
2026/05/12 07:00,On
2026/05/12 07:01,On
2026/05/12 07:02,On
2026/05/12 07:20,On
2026/05/12 07:21,On
2026/05/12 07:22,On
2026/05/12 07:40,On
2026/05/12 07:41,On
2026/05/12 07:42,On
2026/05/12 08:00,On
2026/05/12 08:01,On
2026/05/12 08:02,On
2026/05/12 08:20,On
2026/05/12 08:21,On
2026/05/12 08:22,On
2026/05/12 08:40,On
2026/05/12 08:41,On
2026/05/12 08:42,On
2026/05/12 09:00,On
2026/05/12 09:01,On
2026/05/12 09:02,On
2026/05/12 09:20,On
2026/05/12 09:21,On
2026/05/12 09:22,On
2026/05/12 09:40,On
2026/05/12 09:41,On
2026/05/12 09:42,On
2026/05/12 10:00,On
2026/05/12 10:01,On
2026/05/12 10:02,On
2026/05/12 10:20,On
2026/05/12 10:21,On
2026/05/12 10:22,On
2026/05/12 10:40,On
2026/05/12 10:41,On
2026/05/12 10:42,On
2026/05/12 11:00,On
2026/05/12 11:01,On
2026/05/12 11:02,On
2026/05/12 11:20,On
2026/05/12 11:21,On
2026/05/12 11:22,On
2026/05/12 11:40,On
2026/05/12 11:41,On
2026/05/12 11:42,On
2026/05/12 12:00,On
2026/05/12 12:01,On
2026/05/12 12:02,On
2026/05/12 12:20,On
2026/05/12 12:21,On
2026/05/12 12:22,On
2026/05/12 12:40,On
2026/05/12 12:41,On
2026/05/12 12:42,On
2026/05/12 13:00,On
2026/05/12 13:01,On
2026/05/12 13:02,On
2026/05/12 13:20,On
2026/05/12 13:21,On
2026/05/12 13:22,On
2026/05/12 13:40,On
2026/05/12 13:41,On
2026/05/12 13:42,On
2026/05/12 14:00,On
2026/05/12 14:01,On
2026/05/12 14:02,On
2026/05/12 14:20,On
2026/05/12 14:21,On
2026/05/12 14:22,On
2026/05/12 14:40,On
2026/05/12 14:41,On
2026/05/12 14:42,On
2026/05/12 15:00,On
2026/05/12 15:01,On
2026/05/12 15:02,On
2026/05/12 15:20,On
2026/05/12 15:21,On
2026/05/12 15:22,On
2026/05/12 15:40,On
2026/05/12 15:41,On
2026/05/12 15:42,On
2026/05/12 16:00,On
2026/05/12 16:01,On
2026/05/12 16:02,On
2026/05/12 16:20,On
2026/05/12 16:21,On
2026/05/12 16:22,On
2026/05/12 16:40,On
2026/05/12 16:41,On
2026/05/12 16:42,On
2026/05/12 17:00,On
2026/05/12 17:01,On
2026/05/12 17:02,On
2026/05/12 17:20,On
2026/05/12 17:21,On
2026/05/12 17:22,On
2026/05/12 17:40,On
2026/05/12 17:41,On
2026/05/12 17:42,On
2026/05/12 18:00,On
2026/05/12 18:01,On
2026/05/12 18:02,On
2026/05/12 18:20,On
2026/05/12 18:21,On
2026/05/12 18:22,On
2026/05/12 18:40,On
2026/05/12 18:41,On
2026/05/12 18:42,On
2026/05/12 19:00,On
2026/05/12 19:01,On
2026/05/12 19:02,On
2026/05/12 19:20,On
2026/05/12 19:21,On
2026/05/12 19:22,On
2026/05/12 19:40,On
2026/05/12 19:41,On
2026/05/12 19:42,On
2026/05/12 20:00,On
2026/05/12 20:01,On
2026/05/12 20:02,On
2026/05/12 20:20,On
2026/05/12 20:21,On
2026/05/12 20:22,On
2026/05/12 20:40,On
2026/05/12 20:41,On
2026/05/12 20:42,On
2026/05/12 21:00,On
2026/05/12 21:01,On
2026/05/12 21:02,On
2026/05/12 21:20,On
2026/05/12 21:21,On
2026/05/12 21:22,On
2026/05/12 21:40,On
2026/05/12 21:41,On
2026/05/12 21:42,On
2026/05/12 22:00,On
2026/05/12 22:01,On
2026/05/12 22:02,On
2026/05/12 22:20,On
2026/05/12 22:21,On
2026/05/12 22:22,On
2026/05/12 22:40,On
2026/05/12 22:41,On
2026/05/12 22:42,On
2026/05/12 23:00,On
2026/05/12 23:01,On
2026/05/12 23:02,On
2026/05/12 23:20,On
2026/05/12 23:21,On
2026/05/12 23:22,On
2026/05/12 23:40,On
2026/05/12 23:41,On
2026/05/12 23:42,On
2026/05/13 00:00,On
2026/05/13 00:01,On
2026/05/13 00:02,On
2026/05/13 00:20,On
2026/05/13 00:21,On
2026/05/13 00:22,On
2026/05/13 00:40,On
2026/05/13 00:41,On
2026/05/13 00:42,On
2026/05/13 01:00,On
2026/05/13 01:01,On
2026/05/13 01:02,On
2026/05/13 01:20,On
2026/05/13 01:21,On
2026/05/13 01:22,On
2026/05/13 01:40,On
2026/05/13 01:41,On
2026/05/13 01:42,On
2026/05/13 02:00,On
2026/05/13 02:01,On
2026/05/13 02:02,On
2026/05/13 02:20,On
2026/05/13 02:21,On
2026/05/13 02:22,On
2026/05/13 02:40,On
2026/05/13 02:41,On
2026/05/13 02:42,On
2026/05/13 03:00,On
2026/05/13 03:01,On
2026/05/13 03:02,On
2026/05/13 03:20,On
2026/05/13 03:21,On
2026/05/13 03:22,On
2026/05/13 03:40,On
2026/05/13 03:41,On
2026/05/13 03:42,On
2026/05/13 04:00,On
2026/05/13 04:01,On
2026/05/13 04:02,On
2026/05/13 04:20,On
2026/05/13 04:21,On
2026/05/13 04:22,On
2026/05/13 04:40,On
2026/05/13 04:41,On
2026/05/13 04:42,On
2026/05/13 05:00,On
2026/05/13 05:01,On
2026/05/13 05:02,On
2026/05/13 05:20,On
2026/05/13 05:21,On
2026/05/13 05:22,On
2026/05/13 05:40,On
2026/05/13 05:41,On
2026/05/13 05:42,On
2026/05/13 06:00,On
2026/05/13 06:01,On
2026/05/13 06:02,On
2026/05/13 06:20,On
2026/05/13 06:21,On
2026/05/13 06:22,On
2026/05/13 06:40,On
2026/05/13 06:41,On
2026/05/13 06:42,On
2026/05/13 07:00,On
2026/05/13 07:01,On
2026/05/13 07:02,On
2026/05/13 07:20,On
2026/05/13 07:21,On
2026/05/13 07:22,On
2026/05/13 07:40,On
2026/05/13 07:41,On
2026/05/13 07:42,On
2026/05/13 08:00,On
2026/05/13 08:01,On
2026/05/13 08:02,On
2026/05/13 08:20,On
2026/05/13 08:21,On
2026/05/13 08:22,On
2026/05/13 08:40,On
2026/05/13 08:41,On
2026/05/13 08:42,On
2026/05/13 09:00,On
2026/05/13 09:01,On
2026/05/13 09:02,On
2026/05/13 09:20,On
2026/05/13 09:21,On
2026/05/13 09:22,On
2026/05/13 09:40,On
2026/05/13 09:41,On
2026/05/13 09:42,On
2026/05/13 10:00,On
2026/05/13 10:01,On
2026/05/13 10:02,On
2026/05/13 10:20,On
2026/05/13 10:21,On
2026/05/13 10:22,On
2026/05/13 10:40,On
2026/05/13 10:41,On
2026/05/13 10:42,On
2026/05/13 11:00,On
2026/05/13 11:01,On
2026/05/13 11:02,On
2026/05/13 11:20,On
2026/05/13 11:21,On
2026/05/13 11:22,On
2026/05/13 11:40,On
2026/05/13 11:41,On
2026/05/13 11:42,On
2026/05/13 12:00,On
2026/05/13 12:01,On
2026/05/13 12:02,On
2026/05/13 12:20,On
2026/05/13 12:21,On
2026/05/13 12:22,On
2026/05/13 12:40,On
2026/05/13 12:41,On
2026/05/13 12:42,On
2026/05/13 13:00,On
2026/05/13 13:01,On
2026/05/13 13:02,On
2026/05/13 13:20,On
2026/05/13 13:21,On
2026/05/13 13:22,On
2026/05/13 13:40,On
2026/05/13 13:41,On
2026/05/13 13:42,On
2026/05/13 14:00,On
2026/05/13 14:01,On
2026/05/13 14:02,On
2026/05/13 14:20,On
2026/05/13 14:21,On
2026/05/13 14:22,On
2026/05/13 14:40,On
2026/05/13 14:41,On
2026/05/13 14:42,On
2026/05/13 15:00,On
2026/05/13 15:01,On
2026/05/13 15:02,On
2026/05/13 15:20,On
2026/05/13 15:21,On
2026/05/13 15:22,On
2026/05/13 15:40,On
2026/05/13 15:41,On
2026/05/13 15:42,On
2026/05/13 16:00,On
2026/05/13 16:01,On
2026/05/13 16:02,On
2026/05/13 16:20,On
2026/05/13 16:21,On
2026/05/13 16:22,On
2026/05/13 16:40,On
2026/05/13 16:41,On
2026/05/13 16:42,On
2026/05/13 17:00,On
2026/05/13 17:01,On
2026/05/13 17:02,On
2026/05/13 17:20,On
2026/05/13 17:21,On
2026/05/13 17:22,On
2026/05/13 17:40,On
2026/05/13 17:41,On
2026/05/13 17:42,On
2026/05/13 18:00,On
2026/05/13 18:01,On
2026/05/13 18:02,On
2026/05/13 18:20,On
2026/05/13 18:21,On
2026/05/13 18:22,On
2026/05/13 18:40,On
2026/05/13 18:41,On
2026/05/13 18:42,On
2026/05/13 19:00,On
2026/05/13 19:01,On
2026/05/13 19:02,On
2026/05/13 19:20,On
2026/05/13 19:21,On
2026/05/13 19:22,On
2026/05/13 19:40,On
2026/05/13 19:41,On
2026/05/13 19:42,On
2026/05/13 20:00,On
2026/05/13 20:01,On
2026/05/13 20:02,On
2026/05/13 20:20,On
2026/05/13 20:21,On
2026/05/13 20:22,On
2026/05/13 20:40,On
2026/05/13 20:41,On
2026/05/13 20:42,On
2026/05/13 21:00,On
2026/05/13 21:01,On
2026/05/13 21:02,On
2026/05/13 21:20,On
2026/05/13 21:21,On
2026/05/13 21:22,On
2026/05/13 21:40,On
2026/05/13 21:41,On
2026/05/13 21:42,On
2026/05/13 22:00,On
2026/05/13 22:01,On
2026/05/13 22:02,On
2026/05/13 22:20,On
2026/05/13 22:21,On
2026/05/13 22:22,On
2026/05/13 22:40,On
2026/05/13 22:41,On
2026/05/13 22:42,On
2026/05/13 23:00,On
2026/05/13 23:01,On
2026/05/13 23:02,On
2026/05/13 23:20,On
2026/05/13 23:21,On
2026/05/13 23:22,On
2026/05/13 23:40,On
2026/05/13 23:41,On
2026/05/13 23:42,On
2026/05/14 00:00,On
2026/05/14 00:01,On
2026/05/14 00:02,On
2026/05/14 00:20,On
2026/05/14 00:21,On
2026/05/14 00:22,On
2026/05/14 00:40,On
2026/05/14 00:41,On
2026/05/14 00:42,On
2026/05/14 01:00,On
2026/05/14 01:01,On
2026/05/14 01:02,On
2026/05/14 01:20,On
2026/05/14 01:21,On
2026/05/14 01:22,On
2026/05/14 01:40,On
2026/05/14 01:41,On
2026/05/14 01:42,On
2026/05/14 02:00,On
2026/05/14 02:01,On
2026/05/14 02:02,On
2026/05/14 02:20,On
2026/05/14 02:21,On
2026/05/14 02:22,On
2026/05/14 02:40,On
2026/05/14 02:41,On
2026/05/14 02:42,On
2026/05/14 03:00,On
2026/05/14 03:01,On
2026/05/14 03:02,On
2026/05/14 03:20,On
2026/05/14 03:21,On
2026/05/14 03:22,On
2026/05/14 03:40,On
2026/05/14 03:41,On
2026/05/14 03:42,On
2026/05/14 04:00,On
2026/05/14 04:01,On
2026/05/14 04:02,On
2026/05/14 04:20,On
2026/05/14 04:21,On
2026/05/14 04:22,On
2026/05/14 04:40,On
2026/05/14 04:41,On
2026/05/14 04:42,On
2026/05/14 05:00,On
2026/05/14 05:01,On
2026/05/14 05:02,On
2026/05/14 05:20,On
2026/05/14 05:21,On
2026/05/14 05:22,On
2026/05/14 05:40,On
2026/05/14 05:41,On
2026/05/14 05:42,On
2026/05/14 06:00,On
2026/05/14 06:01,On
2026/05/14 06:02,On
2026/05/14 06:20,On
2026/05/14 06:21,On
2026/05/14 06:22,On
2026/05/14 06:40,On
2026/05/14 06:41,On
2026/05/14 06:42,On
2026/05/14 07:00,On
2026/05/14 07:01,On
2026/05/14 07:02,On
2026/05/14 07:20,On
2026/05/14 07:21,On
2026/05/14 07:22,On
2026/05/14 07:40,On
2026/05/14 07:41,On
2026/05/14 07:42,On
2026/05/14 08:00,On
2026/05/14 08:01,On
2026/05/14 08:02,On
2026/05/14 08:20,On
2026/05/14 08:21,On
2026/05/14 08:22,On
2026/05/14 08:40,On
2026/05/14 08:41,On
2026/05/14 08:42,On
2026/05/14 09:00,On
2026/05/14 09:01,On
2026/05/14 09:02,On
2026/05/14 09:20,On
2026/05/14 09:21,On
2026/05/14 09:22,On
2026/05/14 09:40,On
2026/05/14 09:41,On
2026/05/14 09:42,On
2026/05/14 10:00,On
2026/05/14 10:01,On
2026/05/14 10:02,On
2026/05/14 10:20,On
2026/05/14 10:21,On
2026/05/14 10:22,On
2026/05/14 10:40,On
2026/05/14 10:41,On
2026/05/14 10:42,On
2026/05/14 11:00,On
2026/05/14 11:01,On
2026/05/14 11:02,On
2026/05/14 11:20,On
2026/05/14 11:21,On
2026/05/14 11:22,On
2026/05/14 11:40,On
2026/05/14 11:41,On
2026/05/14 11:42,On
2026/05/14 12:00,On
2026/05/14 12:01,On
2026/05/14 12:02,On
2026/05/14 12:20,On
2026/05/14 12:21,On
2026/05/14 12:22,On
2026/05/14 12:40,On
2026/05/14 12:41,On
2026/05/14 12:42,On
2026/05/14 13:00,On
2026/05/14 13:01,On
2026/05/14 13:02,On
2026/05/14 13:20,On
2026/05/14 13:21,On
2026/05/14 13:22,On
2026/05/14 15:40,On
2026/05/14 15:41,On
2026/05/14 15:42,On
2026/05/14 16:00,On
2026/05/14 16:01,On
2026/05/14 16:02,On
2026/05/14 16:20,On
2026/05/14 16:21,On
2026/05/14 16:22,On
2026/05/14 16:40,On
2026/05/14 16:41,On
2026/05/14 16:42,On
2026/05/14 17:00,On
2026/05/14 17:01,On
2026/05/14 17:02,On
2026/05/14 17:20,On
2026/05/14 17:21,On
2026/05/14 17:22,On
2026/05/14 17:40,On
2026/05/14 17:41,On
2026/05/14 17:42,On
2026/05/14 18:00,On
2026/05/14 18:01,On
2026/05/14 18:02,On
2026/05/14 18:20,On
2026/05/14 18:21,On
2026/05/14 18:22,On
2026/05/14 18:40,On
2026/05/14 18:41,On
2026/05/14 18:42,On
2026/05/14 19:00,On
2026/05/14 19:01,On
2026/05/14 19:02,On
2026/05/14 19:20,On
2026/05/14 19:21,On
2026/05/14 19:22,On
2026/05/14 19:40,On
2026/05/14 19:41,On
2026/05/14 19:42,On
2026/05/14 20:00,On
2026/05/14 20:01,On
2026/05/14 20:02,On
2026/05/14 20:20,On
2026/05/14 20:21,On
2026/05/14 20:22,On
2026/05/14 20:40,On
2026/05/14 20:41,On
2026/05/14 20:42,On
2026/05/14 21:00,On
2026/05/14 21:01,On
2026/05/14 21:02,On
2026/05/14 21:20,On
2026/05/14 21:21,On
2026/05/14 21:22,On
2026/05/14 21:40,On
2026/05/14 21:41,On
2026/05/14 21:42,On
2026/05/14 22:00,On
2026/05/14 22:01,On
2026/05/14 22:02,On
2026/05/14 22:20,On
2026/05/14 22:21,On
2026/05/14 22:22,On
2026/05/14 22:40,On
2026/05/14 22:41,On
2026/05/14 22:42,On
2026/05/14 23:00,On
2026/05/14 23:01,On
2026/05/14 23:02,On
2026/05/14 23:20,On
2026/05/14 23:21,On
2026/05/14 23:22,On
2026/05/14 23:40,On
2026/05/14 23:41,On
2026/05/14 23:42,On
2026/05/15 00:00,On
2026/05/15 00:01,On
2026/05/15 00:02,On
2026/05/15 00:20,On
2026/05/15 00:21,On
2026/05/15 00:22,On
2026/05/15 00:40,On
2026/05/15 00:41,On
2026/05/15 00:42,On
2026/05/15 01:00,On
2026/05/15 01:01,On
2026/05/15 01:02,On
2026/05/15 01:20,On
2026/05/15 01:21,On
2026/05/15 01:22,On
2026/05/15 01:40,On
2026/05/15 01:41,On
2026/05/15 01:42,On
2026/05/15 02:00,On
2026/05/15 02:01,On
2026/05/15 02:02,On
2026/05/15 02:20,On
2026/05/15 02:21,On
2026/05/15 02:22,On
2026/05/15 02:40,On
2026/05/15 02:41,On
2026/05/15 02:42,On
2026/05/15 03:00,On
2026/05/15 03:01,On
2026/05/15 03:02,On
2026/05/15 03:20,On
2026/05/15 03:21,On
2026/05/15 03:22,On
2026/05/15 03:40,On
2026/05/15 03:41,On
2026/05/15 03:42,On
2026/05/15 04:00,On
2026/05/15 04:01,On
2026/05/15 04:02,On
2026/05/15 04:20,On
2026/05/15 04:21,On
2026/05/15 04:22,On
2026/05/15 04:40,On
2026/05/15 04:41,On
2026/05/15 04:42,On
2026/05/15 05:00,On
2026/05/15 05:01,On
2026/05/15 05:02,On
2026/05/15 05:20,On
2026/05/15 05:21,On
2026/05/15 05:22,On
2026/05/15 05:40,On
2026/05/15 05:41,On
2026/05/15 05:42,On
2026/05/15 06:00,On
2026/05/15 06:01,On
2026/05/15 06:02,On
2026/05/15 06:20,On
2026/05/15 06:21,On
2026/05/15 06:22,On
2026/05/15 06:40,On
2026/05/15 06:41,On
2026/05/15 06:42,On
2026/05/15 07:00,On
2026/05/15 07:01,On
2026/05/15 07:02,On
2026/05/15 07:20,On
2026/05/15 07:21,On
2026/05/15 07:22,On
2026/05/15 07:40,On
2026/05/15 07:41,On
2026/05/15 07:42,On
2026/05/15 08:00,On
2026/05/15 08:01,On
2026/05/15 08:02,On
2026/05/15 08:20,On
2026/05/15 08:21,On
2026/05/15 08:22,On
2026/05/15 08:40,On
2026/05/15 08:41,On
2026/05/15 08:42,On
2026/05/15 09:00,On
2026/05/15 09:01,On
2026/05/15 09:02,On
2026/05/15 09:20,On
2026/05/15 09:21,On
2026/05/15 09:22,On
2026/05/15 09:40,On
2026/05/15 09:41,On
2026/05/15 09:42,On
2026/05/15 10:00,On
2026/05/15 10:01,On
2026/05/15 10:02,On
2026/05/15 10:20,On
2026/05/15 10:21,On
2026/05/15 10:22,On
2026/05/15 10:40,On
2026/05/15 10:41,On
2026/05/15 10:42,On
2026/05/15 11:00,On
2026/05/15 11:01,On
2026/05/15 11:02,On
2026/05/15 11:20,On
2026/05/15 11:21,On
2026/05/15 11:22,On
2026/05/15 11:40,On
2026/05/15 11:41,On
2026/05/15 11:42,On
2026/05/15 12:00,On
2026/05/15 12:01,On
2026/05/15 12:02,On
2026/05/15 12:20,On
2026/05/15 12:21,On
2026/05/15 12:22,On
2026/05/15 12:40,On
2026/05/15 12:41,On
2026/05/15 12:42,On
2026/05/15 13:00,On
2026/05/15 13:01,On
2026/05/15 13:02,On
2026/05/15 13:20,On
2026/05/15 13:21,On
2026/05/15 13:22,On
2026/05/15 13:40,On
2026/05/15 13:41,On
2026/05/15 13:42,On
2026/05/15 14:00,On
2026/05/15 14:01,On
2026/05/15 14:02,On
2026/05/15 14:20,On
2026/05/15 14:21,On
2026/05/15 14:22,On
2026/05/15 14:40,On
2026/05/15 14:41,On
2026/05/15 14:42,On
2026/05/15 15:00,On
2026/05/15 15:01,On
2026/05/15 15:02,On
2026/05/15 15:20,On
2026/05/15 15:21,On
2026/05/15 15:22,On
2026/05/15 15:40,On
2026/05/15 15:41,On
2026/05/15 15:42,On
2026/05/15 16:00,On
2026/05/15 16:01,On
2026/05/15 16:02,On
2026/05/15 16:20,On
2026/05/15 16:21,On
2026/05/15 16:22,On
2026/05/15 16:40,On
2026/05/15 16:41,On
2026/05/15 16:42,On
2026/05/15 17:00,On
2026/05/15 17:01,On
2026/05/15 17:02,On
2026/05/15 17:20,On
2026/05/15 17:21,On
2026/05/15 17:22,On
2026/05/15 17:40,On
2026/05/15 17:41,On
2026/05/15 17:42,On
2026/05/15 18:00,On
2026/05/15 18:01,On
2026/05/15 18:02,On
2026/05/15 18:20,On
2026/05/15 18:21,On
2026/05/15 18:22,On
2026/05/15 18:40,On
2026/05/15 18:41,On
2026/05/15 18:42,On
2026/05/15 19:00,On
2026/05/15 19:01,On
2026/05/15 19:02,On
2026/05/15 19:20,On
2026/05/15 19:21,On
2026/05/15 19:22,On
2026/05/15 19:40,On
2026/05/15 19:41,On
2026/05/15 19:42,On
2026/05/15 20:00,On
2026/05/15 20:01,On
2026/05/15 20:02,On
2026/05/15 20:20,On
2026/05/15 20:21,On
2026/05/15 20:22,On
2026/05/15 20:40,On
2026/05/15 20:41,On
2026/05/15 20:42,On
2026/05/15 21:00,On
2026/05/15 21:01,On
2026/05/15 21:02,On
2026/05/15 21:20,On
2026/05/15 21:21,On
2026/05/15 21:22,On
2026/05/15 21:40,On
2026/05/15 21:41,On
2026/05/15 21:42,On
2026/05/15 22:00,On
2026/05/15 22:01,On
2026/05/15 22:02,On
2026/05/15 22:20,On
2026/05/15 22:21,On
2026/05/15 22:22,On
2026/05/15 22:40,On
2026/05/15 22:41,On
2026/05/15 22:42,On
2026/05/15 23:00,On
2026/05/15 23:01,On
2026/05/15 23:02,On
2026/05/15 23:20,On
2026/05/15 23:21,On
2026/05/15 23:22,On
2026/05/15 23:40,On
2026/05/15 23:41,On
2026/05/15 23:42,On
2026/05/16 00:00,On
2026/05/16 00:01,On
2026/05/16 00:02,On
2026/05/16 00:20,On
2026/05/16 00:21,On
2026/05/16 00:22,On
2026/05/16 00:40,On
2026/05/16 00:41,On
2026/05/16 00:42,On
2026/05/16 01:00,On
2026/05/16 01:01,On
2026/05/16 01:02,On
2026/05/16 01:20,On
2026/05/16 01:21,On
2026/05/16 01:22,On
2026/05/16 01:40,On
2026/05/16 01:41,On
2026/05/16 01:42,On
2026/05/16 02:00,On
2026/05/16 02:01,On
2026/05/16 02:02,On
2026/05/16 02:20,On
2026/05/16 02:21,On
2026/05/16 02:22,On
2026/05/16 02:40,On
2026/05/16 02:41,On
2026/05/16 02:42,On
2026/05/16 03:00,On
2026/05/16 03:01,On
2026/05/16 03:02,On
2026/05/16 03:20,On
2026/05/16 03:21,On
2026/05/16 03:22,On
2026/05/16 03:40,On
2026/05/16 03:41,On
2026/05/16 03:42,On
2026/05/16 04:00,On
2026/05/16 04:01,On
2026/05/16 04:02,On
2026/05/16 04:20,On
2026/05/16 04:21,On
2026/05/16 04:22,On
2026/05/16 04:40,On
2026/05/16 04:41,On
2026/05/16 04:42,On
2026/05/16 05:00,On
2026/05/16 05:01,On
2026/05/16 05:02,On
2026/05/16 05:20,On
2026/05/16 05:21,On
2026/05/16 05:22,On
2026/05/16 05:40,On
2026/05/16 05:41,On
2026/05/16 05:42,On
2026/05/16 06:00,On
2026/05/16 06:01,On
2026/05/16 06:02,On
2026/05/16 06:20,On
2026/05/16 06:21,On
2026/05/16 06:22,On
2026/05/16 06:40,On
2026/05/16 06:41,On
2026/05/16 06:42,On
2026/05/16 07:00,On
2026/05/16 07:01,On
2026/05/16 07:02,On
2026/05/16 07:20,On
2026/05/16 07:21,On
2026/05/16 07:22,On
2026/05/16 07:40,On
2026/05/16 07:41,On
2026/05/16 07:42,On
2026/05/16 08:00,On
2026/05/16 08:01,On
2026/05/16 08:02,On
2026/05/16 08:20,On
2026/05/16 08:21,On
2026/05/16 08:22,On
2026/05/16 08:40,On
2026/05/16 08:41,On
2026/05/16 08:42,On
2026/05/16 09:00,On
2026/05/16 09:01,On
2026/05/16 09:02,On
2026/05/16 09:20,On
2026/05/16 09:21,On
2026/05/16 09:22,On
2026/05/16 09:40,On
2026/05/16 09:41,On
2026/05/16 09:42,On
2026/05/16 10:00,On
2026/05/16 10:01,On
2026/05/16 10:02,On
2026/05/16 10:20,On
2026/05/16 10:21,On
2026/05/16 10:22,On
2026/05/16 10:40,On
2026/05/16 10:41,On
2026/05/16 10:42,On
2026/05/16 11:00,On
2026/05/16 11:01,On
2026/05/16 11:02,On
2026/05/16 11:20,On
2026/05/16 11:21,On
2026/05/16 11:22,On
2026/05/16 11:40,On
2026/05/16 11:41,On
2026/05/16 11:42,On
2026/05/16 12:00,On
2026/05/16 12:01,On
2026/05/16 12:02,On
2026/05/16 12:20,On
2026/05/16 12:21,On
2026/05/16 12:22,On
2026/05/16 12:40,On
2026/05/16 12:41,On
2026/05/16 12:42,On
2026/05/16 13:00,On
2026/05/16 13:01,On
2026/05/16 13:02,On
2026/05/16 13:20,On
2026/05/16 13:21,On
2026/05/16 13:22,On
2026/05/16 13:40,On
2026/05/16 13:41,On
2026/05/16 13:42,On
2026/05/16 14:00,On
2026/05/16 14:01,On
2026/05/16 14:02,On
2026/05/16 14:20,On
2026/05/16 14:21,On
2026/05/16 14:22,On
2026/05/16 14:40,On
2026/05/16 14:41,On
2026/05/16 14:42,On
2026/05/16 15:00,On
2026/05/16 15:01,On
2026/05/16 15:02,On
2026/05/16 15:20,On
2026/05/16 15:21,On
2026/05/16 15:22,On
2026/05/16 15:40,On
2026/05/16 15:41,On
2026/05/16 15:42,On
2026/05/16 16:00,On
2026/05/16 16:01,On
2026/05/16 16:02,On
2026/05/16 16:20,On
2026/05/16 16:21,On
2026/05/16 16:22,On
2026/05/16 16:40,On
2026/05/16 16:41,On
2026/05/16 16:42,On
2026/05/16 17:00,On
2026/05/16 17:01,On
2026/05/16 17:02,On
2026/05/16 17:20,On
2026/05/16 17:21,On
2026/05/16 17:22,On
2026/05/16 17:40,On
2026/05/16 17:41,On
2026/05/16 17:42,On
2026/05/16 18:00,On
2026/05/16 18:01,On
2026/05/16 18:02,On
2026/05/16 18:20,On
2026/05/16 18:21,On
2026/05/16 18:22,On
2026/05/16 18:40,On
2026/05/16 18:41,On
2026/05/16 18:42,On
2026/05/16 19:00,On
2026/05/16 19:01,On
2026/05/16 19:02,On
2026/05/16 19:20,On
2026/05/16 19:21,On
2026/05/16 19:22,On
2026/05/16 19:40,On
2026/05/16 19:41,On
2026/05/16 19:42,On
2026/05/16 20:00,On
2026/05/16 20:01,On
2026/05/16 20:02,On
2026/05/16 20:20,On
2026/05/16 20:21,On
2026/05/16 20:22,On
2026/05/16 20:40,On
2026/05/16 20:41,On
2026/05/16 20:42,On
2026/05/16 21:00,On
2026/05/16 21:01,On
2026/05/16 21:02,On
2026/05/16 21:20,On
2026/05/16 21:21,On
2026/05/16 21:22,On
2026/05/16 21:40,On
2026/05/16 21:41,On
2026/05/16 21:42,On
2026/05/16 22:00,On
2026/05/16 22:01,On
2026/05/16 22:02,On
2026/05/16 22:20,On
2026/05/16 22:21,On
2026/05/16 22:22,On
2026/05/16 22:40,On
2026/05/16 22:41,On
2026/05/16 22:42,On
2026/05/16 23:00,On
2026/05/16 23:01,On
2026/05/16 23:02,On
2026/05/16 23:20,On
2026/05/16 23:21,On
2026/05/16 23:22,On
2026/05/16 23:40,On
2026/05/16 23:41,On
2026/05/16 23:42,On
2026/05/17 00:00,On
2026/05/17 00:01,On
2026/05/17 00:02,On
2026/05/17 00:20,On
2026/05/17 00:21,On
2026/05/17 00:22,On
2026/05/17 00:40,On
2026/05/17 00:41,On
2026/05/17 00:42,On
2026/05/17 01:00,On
2026/05/17 01:01,On
2026/05/17 01:02,On
2026/05/17 01:20,On
2026/05/17 01:21,On
2026/05/17 01:22,On
2026/05/17 01:40,On
2026/05/17 01:41,On
2026/05/17 01:42,On
2026/05/17 02:00,On
2026/05/17 02:01,On
2026/05/17 02:02,On
2026/05/17 02:20,On
2026/05/17 02:21,On
2026/05/17 02:22,On
2026/05/17 02:40,On
2026/05/17 02:41,On
2026/05/17 02:42,On
2026/05/17 03:00,On
2026/05/17 03:01,On
2026/05/17 03:02,On
2026/05/17 03:20,On
2026/05/17 03:21,On
2026/05/17 03:22,On
2026/05/17 03:40,On
2026/05/17 03:41,On
2026/05/17 03:42,On
2026/05/17 04:00,On
2026/05/17 04:01,On
2026/05/17 04:02,On
2026/05/17 04:20,On
2026/05/17 04:21,On
2026/05/17 04:22,On
2026/05/17 04:40,On
2026/05/17 04:41,On
2026/05/17 04:42,On
2026/05/17 05:00,On
2026/05/17 05:01,On
2026/05/17 05:02,On
2026/05/17 05:20,On
2026/05/17 05:21,On
2026/05/17 05:22,On
2026/05/17 05:40,On
2026/05/17 05:41,On
2026/05/17 05:42,On
2026/05/17 06:00,On
2026/05/17 06:01,On
2026/05/17 06:02,On
2026/05/17 06:20,On
2026/05/17 06:21,On
2026/05/17 06:22,On
2026/05/17 06:40,On
2026/05/17 06:41,On
2026/05/17 06:42,On
2026/05/17 07:00,On
2026/05/17 07:01,On
2026/05/17 07:02,On
2026/05/17 07:20,On
2026/05/17 07:21,On
2026/05/17 07:22,On
2026/05/17 07:40,On
2026/05/17 07:41,On
2026/05/17 07:42,On
2026/05/17 08:00,On
2026/05/17 08:01,On
2026/05/17 08:02,On
2026/05/17 08:20,On
2026/05/17 08:21,On
2026/05/17 08:22,On
2026/05/17 08:40,On
2026/05/17 08:41,On
2026/05/17 08:42,On
2026/05/17 09:00,On
2026/05/17 09:01,On
2026/05/17 09:02,On
2026/05/17 09:20,On
2026/05/17 09:21,On
2026/05/17 09:22,On
2026/05/17 09:40,On
2026/05/17 09:41,On
2026/05/17 09:42,On
2026/05/17 10:00,On
2026/05/17 10:01,On
2026/05/17 10:02,On
2026/05/17 10:20,On
2026/05/17 10:21,On
2026/05/17 10:22,On
2026/05/17 10:40,On
2026/05/17 10:41,On
2026/05/17 10:42,On
2026/05/17 11:00,On
2026/05/17 11:01,On
2026/05/17 11:02,On
2026/05/17 11:20,On
2026/05/17 11:21,On
2026/05/17 11:22,On
2026/05/17 11:40,On
2026/05/17 11:41,On
2026/05/17 11:42,On
2026/05/17 12:00,On
2026/05/17 12:01,On
2026/05/17 12:02,On
2026/05/17 12:20,On
2026/05/17 12:21,On
2026/05/17 12:22,On
2026/05/17 12:40,On
2026/05/17 12:41,On
2026/05/17 12:42,On
2026/05/17 13:00,On
2026/05/17 13:01,On
2026/05/17 13:02,On
2026/05/17 13:20,On
2026/05/17 13:21,On
2026/05/17 13:22,On
2026/05/17 13:40,On
2026/05/17 13:41,On
2026/05/17 13:42,On
2026/05/17 14:00,On
2026/05/17 14:01,On
2026/05/17 14:02,On
2026/05/17 14:20,On
2026/05/17 14:21,On
2026/05/17 14:22,On
2026/05/17 14:40,On
2026/05/17 14:41,On
2026/05/17 14:42,On
2026/05/17 15:00,On
2026/05/17 15:01,On
2026/05/17 15:02,On
2026/05/17 15:20,On
2026/05/17 15:21,On
2026/05/17 15:22,On
2026/05/17 15:40,On
2026/05/17 15:41,On
2026/05/17 15:42,On
2026/05/17 16:00,On
2026/05/17 16:01,On
2026/05/17 16:02,On
2026/05/17 16:20,On
2026/05/17 16:21,On
2026/05/17 16:22,On
2026/05/17 16:40,On
2026/05/17 16:41,On
2026/05/17 16:42,On
2026/05/17 17:00,On
2026/05/17 17:01,On
2026/05/17 17:02,On
2026/05/17 17:20,On
2026/05/17 17:21,On
2026/05/17 17:22,On
2026/05/17 17:40,On
2026/05/17 17:41,On
2026/05/17 17:42,On
2026/05/17 18:00,On
2026/05/17 18:01,On
2026/05/17 18:02,On
2026/05/17 18:20,On
2026/05/17 18:21,On
2026/05/17 18:22,On
2026/05/17 18:40,On
2026/05/17 18:41,On
2026/05/17 18:42,On
2026/05/17 19:00,On
2026/05/17 19:01,On
2026/05/17 19:02,On
2026/05/17 19:20,On
2026/05/17 19:21,On
2026/05/17 19:22,On
2026/05/17 19:40,On
2026/05/17 19:41,On
2026/05/17 19:42,On
2026/05/17 20:00,On
2026/05/17 20:01,On
2026/05/17 20:02,On
2026/05/17 20:20,On
2026/05/17 20:21,On
2026/05/17 20:22,On
2026/05/17 20:40,On
2026/05/17 20:41,On
2026/05/17 20:42,On
2026/05/17 21:00,On
2026/05/17 21:01,On
2026/05/17 21:02,On
2026/05/17 21:20,On
2026/05/17 21:21,On
2026/05/17 21:22,On
2026/05/17 21:40,On
2026/05/17 21:41,On
2026/05/17 21:42,On
2026/05/17 22:00,On
2026/05/17 22:01,On
2026/05/17 22:02,On
2026/05/17 22:20,On
2026/05/17 22:21,On
2026/05/17 22:22,On
2026/05/17 22:40,On
2026/05/17 22:41,On
2026/05/17 22:42,On
2026/05/17 23:00,On
2026/05/17 23:01,On
2026/05/17 23:02,On
2026/05/17 23:20,On
2026/05/17 23:21,On
2026/05/17 23:22,On
2026/05/17 23:40,On
2026/05/17 23:41,On
2026/05/17 23:42,On
2026/05/18 00:00,On
2026/05/18 00:01,On
2026/05/18 00:02,On
2026/05/18 00:20,On
2026/05/18 00:21,On
2026/05/18 00:22,On
2026/05/18 00:40,On
2026/05/18 00:41,On
2026/05/18 00:42,On
2026/05/18 01:00,On
2026/05/18 01:01,On
2026/05/18 01:02,On
2026/05/18 01:20,On
2026/05/18 01:21,On
2026/05/18 01:22,On
2026/05/18 01:40,On
2026/05/18 01:41,On
2026/05/18 01:42,On
2026/05/18 02:00,On
2026/05/18 02:01,On
2026/05/18 02:02,On
2026/05/18 02:20,On
2026/05/18 02:21,On
2026/05/18 02:22,On
2026/05/18 02:40,On
2026/05/18 02:41,On
2026/05/18 02:42,On
2026/05/18 03:00,On
2026/05/18 03:01,On
2026/05/18 03:02,On
2026/05/18 03:20,On
2026/05/18 03:21,On
2026/05/18 03:22,On
2026/05/18 03:40,On
2026/05/18 03:41,On
2026/05/18 03:42,On
2026/05/18 04:00,On
2026/05/18 04:01,On
2026/05/18 04:02,On
2026/05/18 04:20,On
2026/05/18 04:21,On
2026/05/18 04:22,On
2026/05/18 04:40,On
2026/05/18 04:41,On
2026/05/18 04:42,On
2026/05/18 05:00,On
2026/05/18 05:01,On
2026/05/18 05:02,On
2026/05/18 05:20,On
2026/05/18 05:21,On
2026/05/18 05:22,On
2026/05/18 05:40,On
2026/05/18 05:41,On
2026/05/18 05:42,On
2026/05/18 06:00,On
2026/05/18 06:01,On
2026/05/18 06:02,On
2026/05/18 06:20,On
2026/05/18 06:21,On
2026/05/18 06:22,On
2026/05/18 06:40,On
2026/05/18 06:41,On
2026/05/18 06:42,On
2026/05/18 07:00,On
2026/05/18 07:01,On
2026/05/18 07:02,On
2026/05/18 07:20,On
2026/05/18 07:21,On
2026/05/18 07:22,On
2026/05/18 07:40,On
2026/05/18 07:41,On
2026/05/18 07:42,On
2026/05/18 08:00,On
2026/05/18 08:01,On
2026/05/18 08:02,On
2026/05/18 08:20,On
2026/05/18 08:21,On
2026/05/18 08:22,On
2026/05/18 08:40,On
2026/05/18 08:41,On
2026/05/18 08:42,On
2026/05/18 09:00,On
2026/05/18 09:01,On
2026/05/18 09:02,On
2026/05/18 09:20,On
2026/05/18 09:21,On
2026/05/18 09:22,On
2026/05/18 09:40,On
2026/05/18 09:41,On
2026/05/18 09:42,On
2026/05/18 10:00,On
2026/05/18 10:01,On
2026/05/18 10:02,On
2026/05/18 10:20,On
2026/05/18 10:21,On
2026/05/18 10:22,On
2026/05/18 10:40,On
2026/05/18 10:41,On
2026/05/18 10:42,On
2026/05/18 11:00,On
2026/05/18 11:01,On
2026/05/18 11:02,On
2026/05/18 11:20,On
2026/05/18 11:21,On
2026/05/18 11:22,On
2026/05/18 11:40,On
2026/05/18 11:41,On
2026/05/18 11:42,On
2026/05/18 12:00,On
2026/05/18 12:01,On
2026/05/18 12:02,On
2026/05/18 12:20,On
2026/05/18 12:21,On
2026/05/18 12:22,On
2026/05/18 12:40,On
2026/05/18 12:41,On
2026/05/18 12:42,On
2026/05/18 13:00,On
2026/05/18 13:01,On
2026/05/18 13:02,On
2026/05/18 13:20,On
2026/05/18 13:21,On
2026/05/18 13:22,On
2026/05/18 13:40,On
2026/05/18 13:41,On
2026/05/18 13:42,On
2026/05/18 14:00,On
2026/05/18 14:01,On
2026/05/18 14:02,On
2026/05/18 14:20,On
2026/05/18 14:21,On
2026/05/18 14:22,On
2026/05/18 14:40,On
2026/05/18 14:41,On
2026/05/18 14:42,On
2026/05/18 15:00,On
2026/05/18 15:01,On
2026/05/18 15:02,On
2026/05/18 15:20,On
2026/05/18 15:21,On
2026/05/18 15:22,On
2026/05/18 15:40,On
2026/05/18 15:41,On
2026/05/18 15:42,On
2026/05/18 16:00,On
2026/05/18 16:01,On
2026/05/18 16:02,On
2026/05/18 16:20,On
2026/05/18 16:21,On
2026/05/18 16:22,On
2026/05/18 16:40,On
2026/05/18 16:41,On
2026/05/18 16:42,On
2026/05/18 17:00,On
2026/05/18 17:01,On
2026/05/18 17:02,On
2026/05/18 17:20,On
2026/05/18 17:21,On
2026/05/18 17:22,On
2026/05/18 17:40,On
2026/05/18 17:41,On
2026/05/18 17:42,On
2026/05/18 18:00,On
2026/05/18 18:01,On
2026/05/18 18:02,On
2026/05/18 18:20,On
2026/05/18 18:21,On
2026/05/18 18:22,On
2026/05/18 18:40,On
2026/05/18 18:41,On
2026/05/18 18:42,On
2026/05/18 19:00,On
2026/05/18 19:01,On
2026/05/18 19:02,On
2026/05/18 19:20,On
2026/05/18 19:21,On
2026/05/18 19:22,On
2026/05/18 19:40,On
2026/05/18 19:41,On
2026/05/18 19:42,On
2026/05/18 20:00,On
2026/05/18 20:01,On
2026/05/18 20:02,On
2026/05/18 20:20,On
2026/05/18 20:21,On
2026/05/18 20:22,On
2026/05/18 20:40,On
2026/05/18 20:41,On
2026/05/18 20:42,On
2026/05/18 21:00,On
2026/05/18 21:01,On
2026/05/18 21:02,On
2026/05/18 21:20,On
2026/05/18 21:21,On
2026/05/18 21:22,On
2026/05/18 21:40,On
2026/05/18 21:41,On
2026/05/18 21:42,On
2026/05/18 22:00,On
2026/05/18 22:01,On
2026/05/18 22:02,On
2026/05/18 22:20,On
2026/05/18 22:21,On
2026/05/18 22:22,On
2026/05/18 22:40,On
2026/05/18 22:41,On
2026/05/18 22:42,On
2026/05/18 23:00,On
2026/05/18 23:01,On
2026/05/18 23:02,On
2026/05/18 23:20,On
2026/05/18 23:21,On
2026/05/18 23:22,On
2026/05/18 23:40,On
2026/05/18 23:41,On
2026/05/18 23:42,On
2026/05/19 00:00,On
2026/05/19 00:01,On
2026/05/19 00:02,On
2026/05/19 00:20,On
2026/05/19 00:21,On
2026/05/19 00:22,On
2026/05/19 00:40,On
2026/05/19 00:41,On
2026/05/19 00:42,On
2026/05/19 01:00,On
2026/05/19 01:01,On
2026/05/19 01:02,On
2026/05/19 01:20,On
2026/05/19 01:21,On
2026/05/19 01:22,On
2026/05/19 01:40,On
2026/05/19 01:41,On
2026/05/19 01:42,On
2026/05/19 02:00,On
2026/05/19 02:01,On
2026/05/19 02:02,On
2026/05/19 02:20,On
2026/05/19 02:21,On
2026/05/19 02:22,On
2026/05/19 02:40,On
2026/05/19 02:41,On
2026/05/19 02:42,On
2026/05/19 03:00,On
2026/05/19 03:01,On
2026/05/19 03:02,On
2026/05/19 03:20,On
2026/05/19 03:21,On
2026/05/19 03:22,On
2026/05/19 03:40,On
2026/05/19 03:41,On
2026/05/19 03:42,On
2026/05/19 04:00,On
2026/05/19 04:01,On
2026/05/19 04:02,On
2026/05/19 04:20,On
2026/05/19 04:21,On
2026/05/19 04:22,On
2026/05/19 04:40,On
2026/05/19 04:41,On
2026/05/19 04:42,On
2026/05/19 05:00,On
2026/05/19 05:01,On
2026/05/19 05:02,On
2026/05/19 05:20,On
2026/05/19 05:21,On
2026/05/19 05:22,On
2026/05/19 05:40,On
2026/05/19 05:41,On
2026/05/19 05:42,On
2026/05/19 06:00,On
2026/05/19 06:01,On
2026/05/19 06:02,On
2026/05/19 06:20,On
2026/05/19 06:21,On
2026/05/19 06:22,On
2026/05/19 06:40,On
2026/05/19 06:41,On
2026/05/19 06:42,On
2026/05/19 07:00,On
2026/05/19 07:01,On
2026/05/19 07:02,On
2026/05/19 07:20,On
2026/05/19 07:21,On
2026/05/19 07:22,On
2026/05/19 07:40,On
2026/05/19 07:41,On
2026/05/19 07:42,On
2026/05/19 08:00,On
2026/05/19 08:01,On
2026/05/19 08:02,On
2026/05/19 08:20,On
2026/05/19 08:21,On
2026/05/19 08:22,On
2026/05/19 08:40,On
2026/05/19 08:41,On
2026/05/19 08:42,On
2026/05/19 09:00,On
2026/05/19 09:01,On
2026/05/19 09:02,On
2026/05/19 09:20,On
2026/05/19 09:21,On
2026/05/19 09:22,On
2026/05/19 09:40,On
2026/05/19 09:41,On
2026/05/19 09:42,On
2026/05/19 10:00,On
2026/05/19 10:01,On
2026/05/19 10:02,On
2026/05/19 10:20,On
2026/05/19 10:21,On
2026/05/19 10:22,On
2026/05/19 10:40,On
2026/05/19 10:41,On
2026/05/19 10:42,On
2026/05/19 11:00,On
2026/05/19 11:01,On
2026/05/19 11:02,On
2026/05/19 11:20,On
2026/05/19 11:21,On
2026/05/19 11:22,On
2026/05/19 11:40,On
2026/05/19 11:41,On
2026/05/19 11:42,On
2026/05/19 12:00,On
2026/05/19 12:01,On
2026/05/19 12:02,On
2026/05/19 12:20,On
2026/05/19 12:21,On
2026/05/19 12:22,On
2026/05/19 12:40,On
2026/05/19 12:41,On
2026/05/19 12:42,On
2026/05/19 13:00,On
2026/05/19 13:01,On
2026/05/19 13:02,On
2026/05/19 13:20,On
2026/05/19 13:21,On
2026/05/19 13:22,On
2026/05/19 13:40,On
2026/05/19 13:41,On
2026/05/19 13:42,On
2026/05/19 14:00,On
2026/05/19 14:01,On
2026/05/19 14:02,On
2026/05/19 14:20,On
2026/05/19 14:21,On
2026/05/19 14:22,On
2026/05/19 14:40,On
2026/05/19 14:41,On
2026/05/19 14:42,On
2026/05/19 15:00,On
2026/05/19 15:01,On
2026/05/19 15:02,On
2026/05/19 15:20,On
2026/05/19 15:21,On
2026/05/19 15:22,On
2026/05/19 15:40,On
2026/05/19 15:41,On
2026/05/19 15:42,On
2026/05/19 16:00,On
2026/05/19 16:01,On
2026/05/19 16:02,On
2026/05/19 16:20,On
2026/05/19 16:21,On
2026/05/19 16:22,On
2026/05/19 16:40,On
2026/05/19 16:41,On
2026/05/19 16:42,On
2026/05/19 17:00,On
2026/05/19 17:01,On
2026/05/19 17:02,On
2026/05/19 17:20,On
2026/05/19 17:21,On
2026/05/19 17:22,On
2026/05/19 17:40,On
2026/05/19 17:41,On
2026/05/19 17:42,On
2026/05/19 18:00,On
2026/05/19 18:01,On
2026/05/19 18:02,On
2026/05/19 18:20,On
2026/05/19 18:21,On
2026/05/19 18:22,On
2026/05/19 18:40,On
2026/05/19 18:41,On
2026/05/19 18:42,On
2026/05/19 19:00,On
2026/05/19 19:01,On
2026/05/19 19:02,On
2026/05/19 19:20,On
2026/05/19 19:21,On
2026/05/19 19:22,On
2026/05/19 19:40,On
2026/05/19 19:41,On
2026/05/19 19:42,On
2026/05/19 20:00,On
2026/05/19 20:01,On
2026/05/19 20:02,On
2026/05/19 20:20,On
2026/05/19 20:21,On
2026/05/19 20:22,On
2026/05/19 20:40,On
2026/05/19 20:41,On
2026/05/19 20:42,On
2026/05/19 21:00,On
2026/05/19 21:01,On
2026/05/19 21:02,On
2026/05/19 21:20,On
2026/05/19 21:21,On
2026/05/19 21:22,On
2026/05/19 21:40,On
2026/05/19 21:41,On
2026/05/19 21:42,On
2026/05/19 22:00,On
2026/05/19 22:01,On
2026/05/19 22:02,On
2026/05/19 22:20,On
2026/05/19 22:21,On
2026/05/19 22:22,On
2026/05/19 22:40,On
2026/05/19 22:41,On
2026/05/19 22:42,On
2026/05/19 23:00,On
2026/05/19 23:01,On
2026/05/19 23:02,On
2026/05/19 23:20,On
2026/05/19 23:21,On
2026/05/19 23:22,On
2026/05/19 23:40,On
2026/05/19 23:41,On
2026/05/19 23:42,On
2026/05/20 00:00,On
2026/05/20 00:01,On
2026/05/20 00:02,On
2026/05/20 00:20,On
2026/05/20 00:21,On
2026/05/20 00:22,On
2026/05/20 00:40,On
2026/05/20 00:41,On
2026/05/20 00:42,On
2026/05/20 01:00,On
2026/05/20 01:01,On
2026/05/20 01:02,On
2026/05/20 01:20,On
2026/05/20 01:21,On
2026/05/20 01:22,On
2026/05/20 01:40,On
2026/05/20 01:41,On
2026/05/20 01:42,On
2026/05/20 02:00,On
2026/05/20 02:01,On
2026/05/20 02:02,On
2026/05/20 02:20,On
2026/05/20 02:21,On
2026/05/20 02:22,On
2026/05/20 02:40,On
2026/05/20 02:41,On
2026/05/20 02:42,On
2026/05/20 03:00,On
2026/05/20 03:01,On
2026/05/20 03:02,On
2026/05/20 03:20,On
2026/05/20 03:21,On
2026/05/20 03:22,On
2026/05/20 03:40,On
2026/05/20 03:41,On
2026/05/20 03:42,On
2026/05/20 04:00,On
2026/05/20 04:01,On
2026/05/20 04:02,On
2026/05/20 04:20,On
2026/05/20 04:21,On
2026/05/20 04:22,On
2026/05/20 04:40,On
2026/05/20 04:41,On
2026/05/20 04:42,On
2026/05/20 05:00,On
2026/05/20 05:01,On
2026/05/20 05:02,On
2026/05/20 05:20,On
2026/05/20 05:21,On
2026/05/20 05:22,On
2026/05/20 05:40,On
2026/05/20 05:41,On
2026/05/20 05:42,On
2026/05/20 06:00,On
2026/05/20 06:01,On
2026/05/20 06:02,On
2026/05/20 06:20,On
2026/05/20 06:21,On
2026/05/20 06:22,On
2026/05/20 06:40,On
2026/05/20 06:41,On
2026/05/20 06:42,On
2026/05/20 07:00,On
2026/05/20 07:01,On
2026/05/20 07:02,On
2026/05/20 07:20,On
2026/05/20 07:21,On
2026/05/20 07:22,On
2026/05/20 07:40,On
2026/05/20 07:41,On
2026/05/20 07:42,On
2026/05/20 08:00,On
2026/05/20 08:01,On
2026/05/20 08:02,On
2026/05/20 08:20,On
2026/05/20 08:21,On
2026/05/20 08:22,On
2026/05/20 08:40,On
2026/05/20 08:41,On
2026/05/20 08:42,On
2026/05/20 09:00,On
2026/05/20 09:01,On
2026/05/20 09:02,On
2026/05/20 09:20,On
2026/05/20 09:21,On
2026/05/20 09:22,On
2026/05/20 11:00,On
2026/05/20 11:01,On
2026/05/20 11:02,On
2026/05/20 11:20,On
2026/05/20 11:21,On
2026/05/20 11:22,On
2026/05/20 11:40,On
2026/05/20 11:41,On
2026/05/20 11:42,On
2026/05/20 12:00,On
2026/05/20 12:01,On
2026/05/20 12:02,On
2026/05/20 12:20,On
2026/05/20 12:21,On
2026/05/20 12:22,On
2026/05/20 12:40,On
2026/05/20 12:41,On
2026/05/20 12:42,On
2026/05/20 13:00,On
2026/05/20 13:01,On
2026/05/20 13:02,On
2026/05/20 13:20,On
2026/05/20 13:21,On
2026/05/20 13:22,On
2026/05/20 13:40,On
2026/05/20 13:41,On
2026/05/20 13:42,On
2026/05/20 14:00,On
2026/05/20 14:01,On
2026/05/20 14:02,On
2026/05/20 14:20,On
2026/05/20 14:21,On
2026/05/20 14:22,On
2026/05/20 14:40,On
2026/05/20 14:41,On
2026/05/20 14:42,On
2026/05/20 15:00,On
2026/05/20 15:01,On
2026/05/20 15:02,On
2026/05/20 15:20,On
2026/05/20 15:21,On
2026/05/20 15:22,On
2026/05/20 15:40,On
2026/05/20 15:41,On
2026/05/20 15:42,On
2026/05/20 16:00,On
2026/05/20 16:01,On
2026/05/20 16:02,On
2026/05/20 16:20,On
2026/05/20 16:21,On
2026/05/20 16:22,On
2026/05/20 16:40,On
2026/05/20 16:41,On
2026/05/20 16:42,On
2026/05/20 17:00,On
2026/05/20 17:01,On
2026/05/20 17:02,On
2026/05/20 17:20,On
2026/05/20 17:21,On
2026/05/20 17:22,On
2026/05/20 17:40,On
2026/05/20 17:41,On
2026/05/20 17:42,On
2026/05/20 18:00,On
2026/05/20 18:01,On
2026/05/20 18:02,On
2026/05/20 18:20,On
2026/05/20 18:21,On
2026/05/20 18:22,On
2026/05/20 18:40,On
2026/05/20 18:41,On
2026/05/20 18:42,On
2026/05/20 19:00,On
2026/05/20 19:01,On
2026/05/20 19:02,On
2026/05/20 19:20,On
2026/05/20 19:21,On
2026/05/20 19:22,On
2026/05/20 19:40,On
2026/05/20 19:41,On
2026/05/20 19:42,On
2026/05/20 20:00,On
2026/05/20 20:01,On
2026/05/20 20:02,On
2026/05/20 20:20,On
2026/05/20 20:21,On
2026/05/20 20:22,On
2026/05/20 20:40,On
2026/05/20 20:41,On
2026/05/20 20:42,On
2026/05/20 21:00,On
2026/05/20 21:01,On
2026/05/20 21:02,On
2026/05/20 21:20,On
2026/05/20 21:21,On
2026/05/20 21:22,On
2026/05/20 21:40,On
2026/05/20 21:41,On
2026/05/20 21:42,On
2026/05/20 22:00,On
2026/05/20 22:01,On
2026/05/20 22:02,On
2026/05/20 22:20,On
2026/05/20 22:21,On
2026/05/20 22:22,On
2026/05/20 22:40,On
2026/05/20 22:41,On
2026/05/20 22:42,On
2026/05/20 23:00,On
2026/05/20 23:01,On
2026/05/20 23:02,On
2026/05/20 23:20,On
2026/05/20 23:21,On
2026/05/20 23:22,On
2026/05/20 23:40,On
2026/05/20 23:41,On
2026/05/20 23:42,On
2026/05/21 00:00,On
2026/05/21 00:01,On
2026/05/21 00:02,On
2026/05/21 00:20,On
2026/05/21 00:21,On
2026/05/21 00:22,On
2026/05/21 00:40,On
2026/05/21 00:41,On
2026/05/21 00:42,On
2026/05/21 01:00,On
2026/05/21 01:01,On
2026/05/21 01:02,On
2026/05/21 01:20,On
2026/05/21 01:21,On
2026/05/21 01:22,On
2026/05/21 01:40,On
2026/05/21 01:41,On
2026/05/21 01:42,On
2026/05/21 02:00,On
2026/05/21 02:01,On
2026/05/21 02:02,On
2026/05/21 02:20,On
2026/05/21 02:21,On
2026/05/21 02:22,On
2026/05/21 02:40,On
2026/05/21 02:41,On
2026/05/21 02:42,On
2026/05/21 03:00,On
2026/05/21 03:01,On
2026/05/21 03:02,On
2026/05/21 03:20,On
2026/05/21 03:21,On
2026/05/21 03:22,On
2026/05/21 03:40,On
2026/05/21 03:41,On
2026/05/21 03:42,On
2026/05/21 04:00,On
2026/05/21 04:01,On
2026/05/21 04:02,On
2026/05/21 04:20,On
2026/05/21 04:21,On
2026/05/21 04:22,On
2026/05/21 04:40,On
2026/05/21 04:41,On
2026/05/21 04:42,On
2026/05/21 05:00,On
2026/05/21 05:01,On
2026/05/21 05:02,On
2026/05/21 05:20,On
2026/05/21 05:21,On
2026/05/21 05:22,On
2026/05/21 05:40,On
2026/05/21 05:41,On
2026/05/21 05:42,On
2026/05/21 06:00,On
2026/05/21 06:01,On
2026/05/21 06:02,On
2026/05/21 06:20,On
2026/05/21 06:21,On
2026/05/21 06:22,On
2026/05/21 06:40,On
2026/05/21 06:41,On
2026/05/21 06:42,On
2026/05/21 07:00,On
2026/05/21 07:01,On
2026/05/21 07:02,On
2026/05/21 07:20,On
2026/05/21 07:21,On
2026/05/21 07:22,On
2026/05/21 07:40,On
2026/05/21 07:41,On
2026/05/21 07:42,On
2026/05/21 08:00,On
2026/05/21 08:01,On
2026/05/21 08:02,On
2026/05/21 08:20,On
2026/05/21 08:21,On
2026/05/21 08:22,On
2026/05/21 08:40,On
2026/05/21 08:41,On
2026/05/21 08:42,On
2026/05/21 09:00,On
2026/05/21 09:01,On
2026/05/21 09:02,On
2026/05/21 09:20,On
2026/05/21 09:21,On
2026/05/21 09:22,On
2026/05/21 09:40,On
2026/05/21 09:41,On
2026/05/21 09:42,On
2026/05/21 10:00,On
2026/05/21 10:01,On
2026/05/21 10:02,On
2026/05/21 10:20,On
2026/05/21 10:21,On
2026/05/21 10:22,On
2026/05/21 15:00,On
2026/05/21 15:01,On
2026/05/21 15:02,On
2026/05/21 15:20,On
2026/05/21 15:21,On
2026/05/21 15:22,On
2026/05/21 15:40,On
2026/05/21 15:41,On
2026/05/21 15:42,On
2026/05/21 16:00,On
2026/05/21 16:01,On
2026/05/21 16:02,On
2026/05/21 16:20,On
2026/05/21 16:21,On
2026/05/21 16:22,On
2026/05/21 16:40,On
2026/05/21 16:41,On
2026/05/21 16:42,On
2026/05/21 17:00,On
2026/05/21 17:01,On
2026/05/21 17:02,On
2026/05/21 17:20,On
2026/05/21 17:21,On
2026/05/21 17:22,On
2026/05/21 17:40,On
2026/05/21 17:41,On
2026/05/21 17:42,On
2026/05/21 18:00,On
2026/05/21 18:01,On
2026/05/21 18:02,On
2026/05/21 18:20,On
2026/05/21 18:21,On
2026/05/21 18:22,On
2026/05/21 18:40,On
2026/05/21 18:41,On
2026/05/21 18:42,On
2026/05/21 19:00,On
2026/05/21 19:01,On
2026/05/21 19:02,On
2026/05/21 19:20,On
2026/05/21 19:21,On
2026/05/21 19:22,On
2026/05/21 19:40,On
2026/05/21 19:41,On
2026/05/21 19:42,On
2026/05/21 20:00,On
2026/05/21 20:01,On
2026/05/21 20:02,On
2026/05/21 20:20,On
2026/05/21 20:21,On
2026/05/21 20:22,On
2026/05/21 20:40,On
2026/05/21 20:41,On
2026/05/21 20:42,On
2026/05/21 21:00,On
2026/05/21 21:01,On
2026/05/21 21:02,On
2026/05/21 21:20,On
2026/05/21 21:21,On
2026/05/21 21:22,On
2026/05/21 21:40,On
2026/05/21 21:41,On
2026/05/21 21:42,On
2026/05/21 22:00,On
2026/05/21 22:01,On
2026/05/21 22:02,On
2026/05/21 22:20,On
2026/05/21 22:21,On
2026/05/21 22:22,On
2026/05/21 22:40,On
2026/05/21 22:41,On
2026/05/21 22:42,On
2026/05/21 23:00,On
2026/05/21 23:01,On
2026/05/21 23:02,On
2026/05/21 23:20,On
2026/05/21 23:21,On
2026/05/21 23:22,On
2026/05/21 23:40,On
2026/05/21 23:41,On
2026/05/21 23:42,On
2026/05/22 00:00,On
2026/05/22 00:01,On
2026/05/22 00:02,On
2026/05/22 00:20,On
2026/05/22 00:21,On
2026/05/22 00:22,On
2026/05/22 00:40,On
2026/05/22 00:41,On
2026/05/22 00:42,On
2026/05/22 01:00,On
2026/05/22 01:01,On
2026/05/22 01:02,On
2026/05/22 01:20,On
2026/05/22 01:21,On
2026/05/22 01:22,On
2026/05/22 01:40,On
2026/05/22 01:41,On
2026/05/22 01:42,On
2026/05/22 02:00,On
2026/05/22 02:01,On
2026/05/22 02:02,On
2026/05/22 02:20,On
2026/05/22 02:21,On
2026/05/22 02:22,On
2026/05/22 02:40,On
2026/05/22 02:41,On
2026/05/22 02:42,On
2026/05/22 03:00,On
2026/05/22 03:01,On
2026/05/22 03:02,On
2026/05/22 03:20,On
2026/05/22 03:21,On
2026/05/22 03:22,On
2026/05/22 03:40,On
2026/05/22 03:41,On
2026/05/22 03:42,On
2026/05/22 04:00,On
2026/05/22 04:01,On
2026/05/22 04:02,On
2026/05/22 04:20,On
2026/05/22 04:21,On
2026/05/22 04:22,On
2026/05/22 04:40,On
2026/05/22 04:41,On
2026/05/22 04:42,On
2026/05/22 05:00,On
2026/05/22 05:01,On
2026/05/22 05:02,On
2026/05/22 05:20,On
2026/05/22 05:21,On
2026/05/22 05:22,On
2026/05/22 05:40,On
2026/05/22 05:41,On
2026/05/22 05:42,On
2026/05/22 06:00,On
2026/05/22 06:01,On
2026/05/22 06:02,On
2026/05/22 06:20,On
2026/05/22 06:21,On
2026/05/22 06:22,On
2026/05/22 06:40,On
2026/05/22 06:41,On
2026/05/22 06:42,On
2026/05/22 07:00,On
2026/05/22 07:01,On
2026/05/22 07:02,On
2026/05/22 07:20,On
2026/05/22 07:21,On
2026/05/22 07:22,On
2026/05/22 07:40,On
2026/05/22 07:41,On
2026/05/22 07:42,On
2026/05/22 08:00,On
2026/05/22 08:01,On
2026/05/22 08:02,On
2026/05/22 08:20,On
2026/05/22 08:21,On
2026/05/22 08:22,On
2026/05/22 08:40,On
2026/05/22 08:41,On
2026/05/22 08:42,On
2026/05/22 09:00,On
2026/05/22 09:01,On
2026/05/22 09:02,On
2026/05/22 09:20,On
2026/05/22 09:21,On
2026/05/22 09:22,On
2026/05/22 09:40,On
2026/05/22 09:41,On
2026/05/22 09:42,On
2026/05/22 10:00,On
2026/05/22 10:01,On
2026/05/22 10:02,On
2026/05/22 10:40,On
2026/05/22 10:41,On
2026/05/22 10:42,On
2026/05/22 11:00,On
2026/05/22 11:01,On
2026/05/22 11:02,On
2026/05/22 11:20,On
2026/05/22 11:21,On
2026/05/22 11:22,On
2026/05/22 11:40,On
2026/05/22 11:41,On
2026/05/22 11:42,On
2026/05/22 12:00,On
2026/05/22 12:01,On
2026/05/22 12:02,On
2026/05/22 12:20,On
2026/05/22 12:21,On
2026/05/22 12:22,On
2026/05/22 12:40,On
2026/05/22 12:41,On
2026/05/22 12:42,On
2026/05/22 13:00,On
2026/05/22 13:01,On
2026/05/22 13:02,On
2026/05/22 13:20,On
2026/05/22 13:21,On
2026/05/22 13:22,On
2026/05/22 13:40,On
2026/05/22 13:41,On
2026/05/22 13:42,On
2026/05/22 14:00,On
2026/05/22 14:01,On
2026/05/22 14:02,On
2026/05/22 14:20,On
2026/05/22 14:21,On
2026/05/22 14:22,On
2026/05/22 14:40,On
2026/05/22 14:41,On
2026/05/22 14:42,On
2026/05/22 15:00,On
2026/05/22 15:01,On
2026/05/22 15:02,On
2026/05/22 15:20,On
2026/05/22 15:21,On
2026/05/22 15:22,On
2026/05/22 15:40,On
2026/05/22 15:41,On
2026/05/22 15:42,On
2026/05/22 16:00,On
2026/05/22 16:01,On
2026/05/22 16:02,On
2026/05/22 16:20,On
2026/05/22 16:21,On
2026/05/22 16:22,On
2026/05/22 16:40,On
2026/05/22 16:41,On
2026/05/22 16:42,On
2026/05/22 17:00,On
2026/05/22 17:01,On
2026/05/22 17:02,On
2026/05/22 17:20,On
2026/05/22 17:21,On
2026/05/22 17:22,On
2026/05/22 17:40,On
2026/05/22 17:41,On
2026/05/22 17:42,On
2026/05/22 18:00,On
2026/05/22 18:01,On
2026/05/22 18:02,On
2026/05/22 18:20,On
2026/05/22 18:21,On
2026/05/22 18:22,On
2026/05/22 18:40,On
2026/05/22 18:41,On
2026/05/22 18:42,On
2026/05/22 19:00,On
2026/05/22 19:01,On
2026/05/22 19:02,On
2026/05/22 19:20,On
2026/05/22 19:21,On
2026/05/22 19:22,On
2026/05/22 19:40,On
2026/05/22 19:41,On
2026/05/22 19:42,On
2026/05/22 20:00,On
2026/05/22 20:01,On
2026/05/22 20:02,On
2026/05/22 20:20,On
2026/05/22 20:21,On
2026/05/22 20:22,On
2026/05/22 20:40,On
2026/05/22 20:41,On
2026/05/22 20:42,On
2026/05/22 21:00,On
2026/05/22 21:01,On
2026/05/22 21:02,On
2026/05/22 21:20,On
2026/05/22 21:21,On
2026/05/22 21:22,On
2026/05/22 21:40,On
2026/05/22 21:41,On
2026/05/22 21:42,On
2026/05/22 22:00,On
2026/05/22 22:01,On
2026/05/22 22:02,On
2026/05/22 22:20,On
2026/05/22 22:21,On
2026/05/22 22:22,On
2026/05/22 22:40,On
2026/05/22 22:41,On
2026/05/22 22:42,On
2026/05/22 23:00,On
2026/05/22 23:01,On
2026/05/22 23:02,On
2026/05/22 23:20,On
2026/05/22 23:21,On
2026/05/22 23:22,On
2026/05/22 23:40,On
2026/05/22 23:41,On
2026/05/22 23:42,On
2026/05/23 00:00,On
2026/05/23 00:01,On
2026/05/23 00:02,On
2026/05/23 00:20,On
2026/05/23 00:21,On
2026/05/23 00:22,On
2026/05/23 00:40,On
2026/05/23 00:41,On
2026/05/23 00:42,On
2026/05/23 01:00,On
2026/05/23 01:01,On
2026/05/23 01:02,On
2026/05/23 01:20,On
2026/05/23 01:21,On
2026/05/23 01:22,On
2026/05/23 01:40,On
2026/05/23 01:41,On
2026/05/23 01:42,On
2026/05/23 02:00,On
2026/05/23 02:01,On
2026/05/23 02:02,On
2026/05/23 02:20,On
2026/05/23 02:21,On
2026/05/23 02:22,On
2026/05/23 02:40,On
2026/05/23 02:41,On
2026/05/23 02:42,On
2026/05/23 03:00,On
2026/05/23 03:01,On
2026/05/23 03:02,On
2026/05/23 03:20,On
2026/05/23 03:21,On
2026/05/23 03:22,On
2026/05/23 03:40,On
2026/05/23 03:41,On
2026/05/23 03:42,On
2026/05/23 04:00,On
2026/05/23 04:01,On
2026/05/23 04:02,On
2026/05/23 04:20,On
2026/05/23 04:21,On
2026/05/23 04:22,On
2026/05/23 04:40,On
2026/05/23 04:41,On
2026/05/23 04:42,On
2026/05/23 05:00,On
2026/05/23 05:01,On
2026/05/23 05:02,On
2026/05/23 05:20,On
2026/05/23 05:21,On
2026/05/23 05:22,On
2026/05/23 05:40,On
2026/05/23 05:41,On
2026/05/23 05:42,On
2026/05/23 06:00,On
2026/05/23 06:01,On
2026/05/23 06:02,On
2026/05/23 06:20,On
2026/05/23 06:21,On
2026/05/23 06:22,On
2026/05/23 06:40,On
2026/05/23 06:41,On
2026/05/23 06:42,On
2026/05/23 07:00,On
2026/05/23 07:01,On
2026/05/23 07:02,On
2026/05/23 07:20,On
2026/05/23 07:21,On
2026/05/23 07:22,On
2026/05/23 07:40,On
2026/05/23 07:41,On
2026/05/23 07:42,On
2026/05/23 08:00,On
2026/05/23 08:01,On
2026/05/23 08:02,On
2026/05/23 08:20,On
2026/05/23 08:21,On
2026/05/23 08:22,On
2026/05/23 08:40,On
2026/05/23 08:41,On
2026/05/23 08:42,On
2026/05/23 09:00,On
2026/05/23 09:01,On
2026/05/23 09:02,On
2026/05/23 09:20,On
2026/05/23 09:21,On
2026/05/23 09:22,On
2026/05/23 09:40,On
2026/05/23 09:41,On
2026/05/23 09:42,On
2026/05/23 10:00,On
2026/05/23 10:01,On
2026/05/23 10:02,On
2026/05/23 10:20,On
2026/05/23 10:21,On
2026/05/23 10:22,On
2026/05/23 10:40,On
2026/05/23 10:41,On
2026/05/23 10:42,On
2026/05/23 11:00,On
2026/05/23 11:01,On
2026/05/23 11:02,On
2026/05/23 11:20,On
2026/05/23 11:21,On
2026/05/23 11:22,On
2026/05/23 11:40,On
2026/05/23 11:41,On
2026/05/23 11:42,On
2026/05/23 12:00,On
2026/05/23 12:01,On
2026/05/23 12:02,On
2026/05/23 12:20,On
2026/05/23 12:21,On
2026/05/23 12:22,On
2026/05/23 12:40,On
2026/05/23 12:41,On
2026/05/23 12:42,On
2026/05/23 13:00,On
2026/05/23 13:01,On
2026/05/23 13:02,On
2026/05/23 13:20,On
2026/05/23 13:21,On
2026/05/23 13:22,On
2026/05/23 13:40,On
2026/05/23 13:41,On
2026/05/23 13:42,On
2026/05/23 14:00,On
2026/05/23 14:01,On
2026/05/23 14:02,On
2026/05/23 14:20,On
2026/05/23 14:21,On
2026/05/23 14:22,On
2026/05/23 14:40,On
2026/05/23 14:41,On
2026/05/23 14:42,On
2026/05/23 15:00,On
2026/05/23 15:01,On
2026/05/23 15:02,On
2026/05/23 15:20,On
2026/05/23 15:21,On
2026/05/23 15:22,On
2026/05/23 15:40,On
2026/05/23 15:41,On
2026/05/23 15:42,On
2026/05/23 16:00,On
2026/05/23 16:01,On
2026/05/23 16:02,On
2026/05/23 16:20,On
2026/05/23 16:21,On
2026/05/23 16:22,On
2026/05/23 16:40,On
2026/05/23 16:41,On
2026/05/23 16:42,On
2026/05/23 17:00,On
2026/05/23 17:01,On
2026/05/23 17:02,On
2026/05/23 17:20,On
2026/05/23 17:21,On
2026/05/23 17:22,On
2026/05/23 17:40,On
2026/05/23 17:41,On
2026/05/23 17:42,On
2026/05/23 18:00,On
2026/05/23 18:01,On
2026/05/23 18:02,On
2026/05/23 18:20,On
2026/05/23 18:21,On
2026/05/23 18:22,On
2026/05/23 18:40,On
2026/05/23 18:41,On
2026/05/23 18:42,On
2026/05/23 19:00,On
2026/05/23 19:01,On
2026/05/23 19:02,On
2026/05/23 19:20,On
2026/05/23 19:21,On
2026/05/23 19:22,On
2026/05/23 19:40,On
2026/05/23 19:41,On
2026/05/23 19:42,On
2026/05/23 20:00,On
2026/05/23 20:01,On
2026/05/23 20:02,On
2026/05/23 20:20,On
2026/05/23 20:21,On
2026/05/23 20:22,On
2026/05/23 20:40,On
2026/05/23 20:41,On
2026/05/23 20:42,On
2026/05/23 21:00,On
2026/05/23 21:01,On
2026/05/23 21:02,On
2026/05/23 21:20,On
2026/05/23 21:21,On
2026/05/23 21:22,On
2026/05/23 21:40,On
2026/05/23 21:41,On
2026/05/23 21:42,On
2026/05/23 22:00,On
2026/05/23 22:01,On
2026/05/23 22:02,On
2026/05/23 22:20,On
2026/05/23 22:21,On
2026/05/23 22:22,On
2026/05/23 22:40,On
2026/05/23 22:41,On
2026/05/23 22:42,On
2026/05/23 23:00,On
2026/05/23 23:01,On
2026/05/23 23:02,On
2026/05/23 23:20,On
2026/05/23 23:21,On
2026/05/23 23:22,On
2026/05/23 23:40,On
2026/05/23 23:41,On
2026/05/23 23:42,On
2026/05/24 00:00,On
2026/05/24 00:01,On
2026/05/24 00:02,On
2026/05/24 00:20,On
2026/05/24 00:21,On
2026/05/24 00:22,On
2026/05/24 00:40,On
2026/05/24 00:41,On
2026/05/24 00:42,On
2026/05/24 01:00,On
2026/05/24 01:01,On
2026/05/24 01:02,On
2026/05/24 01:20,On
2026/05/24 01:21,On
2026/05/24 01:22,On
2026/05/24 01:40,On
2026/05/24 01:41,On
2026/05/24 01:42,On
2026/05/24 02:00,On
2026/05/24 02:01,On
2026/05/24 02:02,On
2026/05/24 02:20,On
2026/05/24 02:21,On
2026/05/24 02:22,On
2026/05/24 02:40,On
2026/05/24 02:41,On
2026/05/24 02:42,On
2026/05/24 03:00,On
2026/05/24 03:01,On
2026/05/24 03:02,On
2026/05/24 03:20,On
2026/05/24 03:21,On
2026/05/24 03:22,On
2026/05/24 03:40,On
2026/05/24 03:41,On
2026/05/24 03:42,On
2026/05/24 04:00,On
2026/05/24 04:01,On
2026/05/24 04:02,On
2026/05/24 04:20,On
2026/05/24 04:21,On
2026/05/24 04:22,On
2026/05/24 04:40,On
2026/05/24 04:41,On
2026/05/24 04:42,On
2026/05/24 05:00,On
2026/05/24 05:01,On
2026/05/24 05:02,On
2026/05/24 05:20,On
2026/05/24 05:21,On
2026/05/24 05:22,On
2026/05/24 05:40,On
2026/05/24 05:41,On
2026/05/24 05:42,On
2026/05/24 06:00,On
2026/05/24 06:01,On
2026/05/24 06:02,On
2026/05/24 06:20,On
2026/05/24 06:21,On
2026/05/24 06:22,On
2026/05/24 06:40,On
2026/05/24 06:41,On
2026/05/24 06:42,On
2026/05/24 07:00,On
2026/05/24 07:01,On
2026/05/24 07:02,On
2026/05/24 07:20,On
2026/05/24 07:21,On
2026/05/24 07:22,On
2026/05/24 07:40,On
2026/05/24 07:41,On
2026/05/24 07:42,On
2026/05/24 08:00,On
2026/05/24 08:01,On
2026/05/24 08:02,On
2026/05/24 08:20,On
2026/05/24 08:21,On
2026/05/24 08:22,On
2026/05/24 08:40,On
2026/05/24 08:41,On
2026/05/24 08:42,On
2026/05/24 09:00,On
2026/05/24 09:01,On
2026/05/24 09:02,On
2026/05/24 09:20,On
2026/05/24 09:21,On
2026/05/24 09:22,On
2026/05/24 09:40,On
2026/05/24 09:41,On
2026/05/24 09:42,On
2026/05/24 10:00,On
2026/05/24 10:01,On
2026/05/24 10:02,On
2026/05/24 10:20,On
2026/05/24 10:21,On
2026/05/24 10:22,On
2026/05/24 10:40,On
2026/05/24 10:41,On
2026/05/24 10:42,On
2026/05/24 11:00,On
2026/05/24 11:01,On
2026/05/24 11:02,On
2026/05/24 11:20,On
2026/05/24 11:21,On
2026/05/24 11:22,On
2026/05/24 11:40,On
2026/05/24 11:41,On
2026/05/24 11:42,On
2026/05/24 12:00,On
2026/05/24 12:01,On
2026/05/24 12:02,On
2026/05/24 12:20,On
2026/05/24 12:21,On
2026/05/24 12:22,On
2026/05/24 12:40,On
2026/05/24 12:41,On
2026/05/24 12:42,On
2026/05/24 13:00,On
2026/05/24 13:01,On
2026/05/24 13:02,On
2026/05/24 13:20,On
2026/05/24 13:21,On
2026/05/24 13:22,On
2026/05/24 13:40,On
2026/05/24 13:41,On
2026/05/24 13:42,On
2026/05/24 14:00,On
2026/05/24 14:01,On
2026/05/24 14:02,On
2026/05/24 14:20,On
2026/05/24 14:21,On
2026/05/24 14:22,On
2026/05/24 14:40,On
2026/05/24 14:41,On
2026/05/24 14:42,On
2026/05/24 15:00,On
2026/05/24 15:01,On
2026/05/24 15:02,On
2026/05/24 15:20,On
2026/05/24 15:21,On
2026/05/24 15:22,On
2026/05/24 15:40,On
2026/05/24 15:41,On
2026/05/24 15:42,On
2026/05/24 16:00,On
2026/05/24 16:01,On
2026/05/24 16:02,On
2026/05/24 16:20,On
2026/05/24 16:21,On
2026/05/24 16:22,On
2026/05/24 16:40,On
2026/05/24 16:41,On
2026/05/24 16:42,On
2026/05/24 17:00,On
2026/05/24 17:01,On
2026/05/24 17:02,On
2026/05/24 17:20,On
2026/05/24 17:21,On
2026/05/24 17:22,On
2026/05/24 17:40,On
2026/05/24 17:41,On
2026/05/24 17:42,On
2026/05/24 18:00,On
2026/05/24 18:01,On
2026/05/24 18:02,On
2026/05/24 18:20,On
2026/05/24 18:21,On
2026/05/24 18:22,On
2026/05/24 18:40,On
2026/05/24 18:41,On
2026/05/24 18:42,On
2026/05/24 19:00,On
2026/05/24 19:01,On
2026/05/24 19:02,On
2026/05/24 19:20,On
2026/05/24 19:21,On
2026/05/24 19:22,On
2026/05/24 19:40,On
2026/05/24 19:41,On
2026/05/24 19:42,On
2026/05/24 20:00,On
2026/05/24 20:01,On
2026/05/24 20:02,On
2026/05/24 20:20,On
2026/05/24 20:21,On
2026/05/24 20:22,On
2026/05/24 20:40,On
2026/05/24 20:41,On
2026/05/24 20:42,On
2026/05/24 21:00,On
2026/05/24 21:01,On
2026/05/24 21:02,On
2026/05/24 21:20,On
2026/05/24 21:21,On
2026/05/24 21:22,On
2026/05/24 21:40,On
2026/05/24 21:41,On
2026/05/24 21:42,On
2026/05/24 22:00,On
2026/05/24 22:01,On
2026/05/24 22:02,On
2026/05/24 22:20,On
2026/05/24 22:21,On
2026/05/24 22:22,On
2026/05/24 22:40,On
2026/05/24 22:41,On
2026/05/24 22:42,On
2026/05/24 23:00,On
2026/05/24 23:01,On
2026/05/24 23:02,On
2026/05/24 23:20,On
2026/05/24 23:21,On
2026/05/24 23:22,On
2026/05/24 23:40,On
2026/05/24 23:41,On
2026/05/24 23:42,On
2026/05/25 00:00,On
2026/05/25 00:01,On
2026/05/25 00:02,On
2026/05/25 00:20,On
2026/05/25 00:21,On
2026/05/25 00:22,On
2026/05/25 00:40,On
2026/05/25 00:41,On
2026/05/25 00:42,On
2026/05/25 01:00,On
2026/05/25 01:01,On
2026/05/25 01:02,On
2026/05/25 01:20,On
2026/05/25 01:21,On
2026/05/25 01:22,On
2026/05/25 01:40,On
2026/05/25 01:41,On
2026/05/25 01:42,On
2026/05/25 02:00,On
2026/05/25 02:01,On
2026/05/25 02:02,On
2026/05/25 02:20,On
2026/05/25 02:21,On
2026/05/25 02:22,On
2026/05/25 02:40,On
2026/05/25 02:41,On
2026/05/25 02:42,On
2026/05/25 03:00,On
2026/05/25 03:01,On
2026/05/25 03:02,On
2026/05/25 03:20,On
2026/05/25 03:21,On
2026/05/25 03:22,On
2026/05/25 03:40,On
2026/05/25 03:41,On
2026/05/25 03:42,On
2026/05/25 04:00,On
2026/05/25 04:01,On
2026/05/25 04:02,On
2026/05/25 04:20,On
2026/05/25 04:21,On
2026/05/25 04:22,On
2026/05/25 04:40,On
2026/05/25 04:41,On
2026/05/25 04:42,On
2026/05/25 05:00,On
2026/05/25 05:01,On
2026/05/25 05:02,On
2026/05/25 05:20,On
2026/05/25 05:21,On
2026/05/25 05:22,On
2026/05/25 05:40,On
2026/05/25 05:41,On
2026/05/25 05:42,On
2026/05/25 06:00,On
2026/05/25 06:01,On
2026/05/25 06:02,On
2026/05/25 06:20,On
2026/05/25 06:21,On
2026/05/25 06:22,On
2026/05/25 06:40,On
2026/05/25 06:41,On
2026/05/25 06:42,On
2026/05/25 07:00,On
2026/05/25 07:01,On
2026/05/25 07:02,On
2026/05/25 07:20,On
2026/05/25 07:21,On
2026/05/25 07:22,On
2026/05/25 07:40,On
2026/05/25 07:41,On
2026/05/25 07:42,On
2026/05/25 08:00,On
2026/05/25 08:01,On
2026/05/25 08:02,On
2026/05/25 08:20,On
2026/05/25 08:21,On
2026/05/25 08:22,On
2026/05/25 08:40,On
2026/05/25 08:41,On
2026/05/25 08:42,On
2026/05/25 09:00,On
2026/05/25 09:01,On
2026/05/25 09:02,On
2026/05/25 09:20,On
2026/05/25 09:21,On
2026/05/25 09:22,On
2026/05/25 09:40,On
2026/05/25 09:41,On
2026/05/25 09:42,On
2026/05/25 10:00,On
2026/05/25 10:01,On
2026/05/25 10:02,On
2026/05/25 10:20,On
2026/05/25 10:21,On
2026/05/25 10:22,On
2026/05/25 10:40,On
2026/05/25 10:41,On
2026/05/25 10:42,On
2026/05/25 11:00,On
2026/05/25 11:01,On
2026/05/25 11:02,On
2026/05/25 11:20,On
2026/05/25 11:21,On
2026/05/25 11:22,On
2026/05/25 11:40,On
2026/05/25 11:41,On
2026/05/25 11:42,On
2026/05/25 12:00,On
2026/05/25 12:01,On
2026/05/25 12:02,On
2026/05/25 12:20,On
2026/05/25 12:21,On
2026/05/25 12:22,On
2026/05/25 12:40,On
2026/05/25 12:41,On
2026/05/25 12:42,On
2026/05/25 13:00,On
2026/05/25 13:01,On
2026/05/25 13:02,On
2026/05/25 13:20,On
2026/05/25 13:21,On
2026/05/25 13:22,On
2026/05/25 13:40,On
2026/05/25 13:41,On
2026/05/25 13:42,On
2026/05/25 14:00,On
2026/05/25 14:01,On
2026/05/25 14:02,On
2026/05/25 14:20,On
2026/05/25 14:21,On
2026/05/25 14:22,On
2026/05/25 14:40,On
2026/05/25 14:41,On
2026/05/25 14:42,On
2026/05/25 15:00,On
2026/05/25 15:01,On
2026/05/25 15:02,On
2026/05/25 15:20,On
2026/05/25 15:21,On
2026/05/25 15:22,On
2026/05/25 15:40,On
2026/05/25 15:41,On
2026/05/25 15:42,On
2026/05/25 16:00,On
2026/05/25 16:01,On
2026/05/25 16:02,On
2026/05/25 16:20,On
2026/05/25 16:21,On
2026/05/25 16:22,On
2026/05/25 16:40,On
2026/05/25 16:41,On
2026/05/25 16:42,On
2026/05/25 17:00,On
2026/05/25 17:01,On
2026/05/25 17:02,On
2026/05/25 17:20,On
2026/05/25 17:21,On
2026/05/25 17:22,On
2026/05/25 17:40,On
2026/05/25 17:41,On
2026/05/25 17:42,On
2026/05/25 18:00,On
2026/05/25 18:01,On
2026/05/25 18:02,On
2026/05/25 18:20,On
2026/05/25 18:21,On
2026/05/25 18:22,On
2026/05/25 18:40,On
2026/05/25 18:41,On
2026/05/25 18:42,On
2026/05/25 19:00,On
2026/05/25 19:01,On
2026/05/25 19:02,On
2026/05/25 19:20,On
2026/05/25 19:21,On
2026/05/25 19:22,On
2026/05/25 19:40,On
2026/05/25 19:41,On
2026/05/25 19:42,On
2026/05/25 20:00,On
2026/05/25 20:01,On
2026/05/25 20:02,On
2026/05/25 20:20,On
2026/05/25 20:21,On
2026/05/25 20:22,On
2026/05/25 20:40,On
2026/05/25 20:41,On
2026/05/25 20:42,On
2026/05/25 21:00,On
2026/05/25 21:01,On
2026/05/25 21:02,On
2026/05/25 21:20,On
2026/05/25 21:21,On
2026/05/25 21:22,On
2026/05/25 21:40,On
2026/05/25 21:41,On
2026/05/25 21:42,On
2026/05/25 22:00,On
2026/05/25 22:01,On
2026/05/25 22:02,On
2026/05/25 22:20,On
2026/05/25 22:21,On
2026/05/25 22:22,On
2026/05/25 22:40,On
2026/05/25 22:41,On
2026/05/25 22:42,On
2026/05/25 23:00,On
2026/05/25 23:01,On
2026/05/25 23:02,On
2026/05/25 23:20,On
2026/05/25 23:21,On
2026/05/25 23:22,On
2026/05/25 23:40,On
2026/05/25 23:41,On
2026/05/25 23:42,On
2026/05/26 00:00,On
2026/05/26 00:01,On
2026/05/26 00:02,On
2026/05/26 00:20,On
2026/05/26 00:21,On
2026/05/26 00:22,On
2026/05/26 00:40,On
2026/05/26 00:41,On
2026/05/26 00:42,On
2026/05/26 01:00,On
2026/05/26 01:01,On
2026/05/26 01:02,On
2026/05/26 01:20,On
2026/05/26 01:21,On
2026/05/26 01:22,On
2026/05/26 01:40,On
2026/05/26 01:41,On
2026/05/26 01:42,On
2026/05/26 02:00,On
2026/05/26 02:01,On
2026/05/26 02:02,On
2026/05/26 02:20,On
2026/05/26 02:21,On
2026/05/26 02:22,On
2026/05/26 02:40,On
2026/05/26 02:41,On
2026/05/26 02:42,On
2026/05/26 03:00,On
2026/05/26 03:01,On
2026/05/26 03:02,On
2026/05/26 03:20,On
2026/05/26 03:21,On
2026/05/26 03:22,On
2026/05/26 03:40,On
2026/05/26 03:41,On
2026/05/26 03:42,On
2026/05/26 04:00,On
2026/05/26 04:01,On
2026/05/26 04:02,On
2026/05/26 04:20,On
2026/05/26 04:21,On
2026/05/26 04:22,On
2026/05/26 04:40,On
2026/05/26 04:41,On
2026/05/26 04:42,On
2026/05/26 05:00,On
2026/05/26 05:01,On
2026/05/26 05:02,On
2026/05/26 05:20,On
2026/05/26 05:21,On
2026/05/26 05:22,On
2026/05/26 05:40,On
2026/05/26 05:41,On
2026/05/26 05:42,On
2026/05/26 06:00,On
2026/05/26 06:01,On
2026/05/26 06:02,On
2026/05/26 06:20,On
2026/05/26 06:21,On
2026/05/26 06:22,On
2026/05/26 06:40,On
2026/05/26 06:41,On
2026/05/26 06:42,On
2026/05/26 07:00,On
2026/05/26 07:01,On
2026/05/26 07:02,On
2026/05/26 07:20,On
2026/05/26 07:21,On
2026/05/26 07:22,On
2026/05/26 07:40,On
2026/05/26 07:41,On
2026/05/26 07:42,On
2026/05/26 08:00,On
2026/05/26 08:01,On
2026/05/26 08:02,On
2026/05/26 08:20,On
2026/05/26 08:21,On
2026/05/26 08:22,On
2026/05/26 08:40,On
2026/05/26 08:41,On
2026/05/26 08:42,On
2026/05/26 09:00,On
2026/05/26 09:01,On
2026/05/26 09:02,On
2026/05/26 09:20,On
2026/05/26 09:21,On
2026/05/26 09:22,On
2026/05/26 09:40,On
2026/05/26 09:41,On
2026/05/26 09:42,On
2026/05/26 10:00,On
2026/05/26 10:01,On
2026/05/26 10:02,On
2026/05/26 10:20,On
2026/05/26 10:21,On
2026/05/26 10:22,On
2026/05/26 10:40,On
2026/05/26 10:41,On
2026/05/26 10:42,On
2026/05/26 11:00,On
2026/05/26 11:01,On
2026/05/26 11:02,On
2026/05/26 11:20,On
2026/05/26 11:21,On
2026/05/26 11:22,On
2026/05/26 11:40,On
2026/05/26 11:41,On
2026/05/26 11:42,On
2026/05/26 12:00,On
2026/05/26 12:01,On
2026/05/26 12:02,On
2026/05/26 12:20,On
2026/05/26 12:21,On
2026/05/26 12:22,On
2026/05/26 12:40,On
2026/05/26 12:41,On
2026/05/26 12:42,On
2026/05/26 13:00,On
2026/05/26 13:01,On
2026/05/26 13:02,On
2026/05/26 13:20,On
2026/05/26 13:21,On
2026/05/26 13:22,On
2026/05/26 13:40,On
2026/05/26 13:41,On
2026/05/26 13:42,On
2026/05/26 14:00,On
2026/05/26 14:01,On
2026/05/26 14:02,On
2026/05/26 14:20,On
2026/05/26 14:21,On
2026/05/26 14:22,On
2026/05/26 14:40,On
2026/05/26 14:41,On
2026/05/26 14:42,On
2026/05/26 15:00,On
2026/05/26 15:01,On
2026/05/26 15:02,On
2026/05/26 15:20,On
2026/05/26 15:21,On
2026/05/26 15:22,On
2026/05/26 15:40,On
2026/05/26 15:41,On
2026/05/26 15:42,On
2026/05/26 16:00,On
2026/05/26 16:01,On
2026/05/26 16:02,On
2026/05/26 16:20,On
2026/05/26 16:21,On
2026/05/26 16:22,On
2026/05/26 16:40,On
2026/05/26 16:41,On
2026/05/26 16:42,On
2026/05/26 17:00,On
2026/05/26 17:01,On
2026/05/26 17:02,On
2026/05/26 17:20,On
2026/05/26 17:21,On
2026/05/26 17:22,On
2026/05/26 17:40,On
2026/05/26 17:41,On
2026/05/26 17:42,On
2026/05/26 18:00,On
2026/05/26 18:01,On
2026/05/26 18:02,On
2026/05/26 18:20,On
2026/05/26 18:21,On
2026/05/26 18:22,On
2026/05/26 18:40,On
2026/05/26 18:41,On
2026/05/26 18:42,On
2026/05/26 19:00,On
2026/05/26 19:01,On
2026/05/26 19:02,On
2026/05/26 19:20,On
2026/05/26 19:21,On
2026/05/26 19:22,On
2026/05/26 19:40,On
2026/05/26 19:41,On
2026/05/26 19:42,On
2026/05/26 20:00,On
2026/05/26 20:01,On
2026/05/26 20:02,On
2026/05/26 20:20,On
2026/05/26 20:21,On
2026/05/26 20:22,On
2026/05/26 20:40,On
2026/05/26 20:41,On
2026/05/26 20:42,On
2026/05/26 21:00,On
2026/05/26 21:01,On
2026/05/26 21:02,On
2026/05/26 21:20,On
2026/05/26 21:21,On
2026/05/26 21:22,On
2026/05/26 21:40,On
2026/05/26 21:41,On
2026/05/26 21:42,On
2026/05/26 22:00,On
2026/05/26 22:01,On
2026/05/26 22:02,On
2026/05/26 22:20,On
2026/05/26 22:21,On
2026/05/26 22:22,On
2026/05/26 22:40,On
2026/05/26 22:41,On
2026/05/26 22:42,On
2026/05/26 23:00,On
2026/05/26 23:01,On
2026/05/26 23:02,On
2026/05/26 23:20,On
2026/05/26 23:21,On
2026/05/26 23:22,On
2026/05/26 23:40,On
2026/05/26 23:41,On
2026/05/26 23:42,On
2026/05/27 00:00,On
2026/05/27 00:01,On
2026/05/27 00:02,On
2026/05/27 00:20,On
2026/05/27 00:21,On
2026/05/27 00:22,On
2026/05/27 00:40,On
2026/05/27 00:41,On
2026/05/27 00:42,On
2026/05/27 01:00,On
2026/05/27 01:01,On
2026/05/27 01:02,On
2026/05/27 01:20,On
2026/05/27 01:21,On
2026/05/27 01:22,On
2026/05/27 01:40,On
2026/05/27 01:41,On
2026/05/27 01:42,On
2026/05/27 02:00,On
2026/05/27 02:01,On
2026/05/27 02:02,On
2026/05/27 02:20,On
2026/05/27 02:21,On
2026/05/27 02:22,On
2026/05/27 02:40,On
2026/05/27 02:41,On
2026/05/27 02:42,On
2026/05/27 03:00,On
2026/05/27 03:01,On
2026/05/27 03:02,On
2026/05/27 03:20,On
2026/05/27 03:21,On
2026/05/27 03:22,On
2026/05/27 03:40,On
2026/05/27 03:41,On
2026/05/27 03:42,On
2026/05/27 04:00,On
2026/05/27 04:01,On
2026/05/27 04:02,On
2026/05/27 04:20,On
2026/05/27 04:21,On
2026/05/27 04:22,On
2026/05/27 04:40,On
2026/05/27 04:41,On
2026/05/27 04:42,On
2026/05/27 05:00,On
2026/05/27 05:01,On
2026/05/27 05:02,On
2026/05/27 05:20,On
2026/05/27 05:21,On
2026/05/27 05:22,On
2026/05/27 05:40,On
2026/05/27 05:41,On
2026/05/27 05:42,On
2026/05/27 06:00,On
2026/05/27 06:01,On
2026/05/27 06:02,On
2026/05/27 06:20,On
2026/05/27 06:21,On
2026/05/27 06:22,On
2026/05/27 06:40,On
2026/05/27 06:41,On
2026/05/27 06:42,On
2026/05/27 07:00,On
2026/05/27 07:01,On
2026/05/27 07:02,On
2026/05/27 07:20,On
2026/05/27 07:21,On
2026/05/27 07:22,On
2026/05/27 07:40,On
2026/05/27 07:41,On
2026/05/27 07:42,On
2026/05/27 08:00,On
2026/05/27 08:01,On
2026/05/27 08:02,On
2026/05/27 08:20,On
2026/05/27 08:21,On
2026/05/27 08:22,On
2026/05/27 08:40,On
2026/05/27 08:41,On
2026/05/27 08:42,On
2026/05/27 09:00,On
2026/05/27 09:01,On
2026/05/27 09:02,On
2026/05/27 09:20,On
2026/05/27 09:21,On
2026/05/27 09:22,On
2026/05/27 09:40,On
2026/05/27 09:41,On
2026/05/27 09:42,On
2026/05/27 10:00,On
2026/05/27 10:01,On
2026/05/27 10:02,On
2026/05/27 10:20,On
2026/05/27 10:21,On
2026/05/27 10:22,On
2026/05/27 10:40,On
2026/05/27 10:41,On
2026/05/27 10:42,On
2026/05/27 11:00,On
2026/05/27 11:01,On
2026/05/27 11:02,On
2026/05/27 11:20,On
2026/05/27 11:21,On
2026/05/27 11:22,On
2026/05/27 11:40,On
2026/05/27 11:41,On
2026/05/27 11:42,On
2026/05/27 12:00,On
2026/05/27 12:01,On
2026/05/27 12:02,On
2026/05/27 12:20,On
2026/05/27 12:21,On
2026/05/27 12:22,On
2026/05/27 12:40,On
2026/05/27 12:41,On
2026/05/27 12:42,On
2026/05/27 13:00,On
2026/05/27 13:01,On
2026/05/27 13:02,On
2026/05/27 13:20,On
2026/05/27 13:21,On
2026/05/27 13:22,On
2026/05/27 13:40,On
2026/05/27 13:41,On
2026/05/27 13:42,On
2026/05/27 14:00,On
2026/05/27 14:01,On
2026/05/27 14:02,On
2026/05/27 14:20,On
2026/05/27 14:21,On
2026/05/27 14:22,On
2026/05/27 14:40,On
2026/05/27 14:41,On
2026/05/27 14:42,On
2026/05/27 15:00,On
2026/05/27 15:01,On
2026/05/27 15:02,On
2026/05/27 15:20,On
2026/05/27 15:21,On
2026/05/27 15:22,On
2026/05/27 15:40,On
2026/05/27 15:41,On
2026/05/27 15:42,On
2026/05/27 16:00,On
2026/05/27 16:01,On
2026/05/27 16:02,On
2026/05/27 16:20,On
2026/05/27 16:21,On
2026/05/27 16:22,On
2026/05/27 16:40,On
2026/05/27 16:41,On
2026/05/27 16:42,On
2026/05/27 17:00,On
2026/05/27 17:01,On
2026/05/27 17:02,On
2026/05/27 17:20,On
2026/05/27 17:21,On
2026/05/27 17:22,On
2026/05/27 17:40,On
2026/05/27 17:41,On
2026/05/27 17:42,On
2026/05/27 18:00,On
2026/05/27 18:01,On
2026/05/27 18:02,On
2026/05/27 18:20,On
2026/05/27 18:21,On
2026/05/27 18:22,On
2026/05/27 18:40,On
2026/05/27 18:41,On
2026/05/27 18:42,On
2026/05/27 19:00,On
2026/05/27 19:01,On
2026/05/27 19:02,On
2026/05/27 19:20,On
2026/05/27 19:21,On
2026/05/27 19:22,On
2026/05/27 19:40,On
2026/05/27 19:41,On
2026/05/27 19:42,On
2026/05/27 20:00,On
2026/05/27 20:01,On
2026/05/27 20:02,On
2026/05/27 20:20,On
2026/05/27 20:21,On
2026/05/27 20:22,On
2026/05/27 20:40,On
2026/05/27 20:41,On
2026/05/27 20:42,On
2026/05/27 21:00,On
2026/05/27 21:01,On
2026/05/27 21:02,On
2026/05/27 21:20,On
2026/05/27 21:21,On
2026/05/27 21:22,On
2026/05/27 21:40,On
2026/05/27 21:41,On
2026/05/27 21:42,On
2026/05/27 22:00,On
2026/05/27 22:01,On
2026/05/27 22:02,On
2026/05/27 22:20,On
2026/05/27 22:21,On
2026/05/27 22:22,On
2026/05/27 22:40,On
2026/05/27 22:41,On
2026/05/27 22:42,On
2026/05/27 23:00,On
2026/05/27 23:01,On
2026/05/27 23:02,On
2026/05/27 23:20,On
2026/05/27 23:21,On
2026/05/27 23:22,On
2026/05/27 23:40,On
2026/05/27 23:41,On
2026/05/27 23:42,On
2026/05/28 00:00,On
2026/05/28 00:01,On
2026/05/28 00:02,On
2026/05/28 00:20,On
2026/05/28 00:21,On
2026/05/28 00:22,On
2026/05/28 00:40,On
2026/05/28 00:41,On
2026/05/28 00:42,On
2026/05/28 01:00,On
2026/05/28 01:01,On
2026/05/28 01:02,On
2026/05/28 01:20,On
2026/05/28 01:21,On
2026/05/28 01:22,On
2026/05/28 01:40,On
2026/05/28 01:41,On
2026/05/28 01:42,On
2026/05/28 02:00,On
2026/05/28 02:01,On
2026/05/28 02:02,On
2026/05/28 02:20,On
2026/05/28 02:21,On
2026/05/28 02:22,On
2026/05/28 02:40,On
2026/05/28 02:41,On
2026/05/28 02:42,On
2026/05/28 03:00,On
2026/05/28 03:01,On
2026/05/28 03:02,On
2026/05/28 03:20,On
2026/05/28 03:21,On
2026/05/28 03:22,On
2026/05/28 03:40,On
2026/05/28 03:41,On
2026/05/28 03:42,On
2026/05/28 04:00,On
2026/05/28 04:01,On
2026/05/28 04:02,On
2026/05/28 04:20,On
2026/05/28 04:21,On
2026/05/28 04:22,On
2026/05/28 04:40,On
2026/05/28 04:41,On
2026/05/28 04:42,On
2026/05/28 05:00,On
2026/05/28 05:01,On
2026/05/28 05:02,On
2026/05/28 05:20,On
2026/05/28 05:21,On
2026/05/28 05:22,On
2026/05/28 05:40,On
2026/05/28 05:41,On
2026/05/28 05:42,On
2026/05/28 06:00,On
2026/05/28 06:01,On
2026/05/28 06:02,On
2026/05/28 06:20,On
2026/05/28 06:21,On
2026/05/28 06:22,On
2026/05/28 06:40,On
2026/05/28 06:41,On
2026/05/28 06:42,On
2026/05/28 07:00,On
2026/05/28 07:01,On
2026/05/28 07:02,On
2026/05/28 07:20,On
2026/05/28 07:21,On
2026/05/28 07:22,On
2026/05/28 07:40,On
2026/05/28 07:41,On
2026/05/28 07:42,On
2026/05/28 08:00,On
2026/05/28 08:01,On
2026/05/28 08:02,On
2026/05/28 08:20,On
2026/05/28 08:21,On
2026/05/28 08:22,On
2026/05/28 08:40,On
2026/05/28 08:41,On
2026/05/28 08:42,On
2026/05/28 09:00,On
2026/05/28 09:01,On
2026/05/28 09:02,On
2026/05/28 09:20,On
2026/05/28 09:21,On
2026/05/28 09:22,On
2026/05/28 09:40,On
2026/05/28 09:41,On
2026/05/28 09:42,On
2026/05/28 10:00,On
2026/05/28 10:01,On
2026/05/28 10:02,On
2026/05/28 10:20,On
2026/05/28 10:21,On
2026/05/28 10:22,On
2026/05/28 10:40,On
2026/05/28 10:41,On
2026/05/28 10:42,On
2026/05/28 11:00,On
2026/05/28 11:01,On
2026/05/28 11:02,On
2026/05/28 11:20,On
2026/05/28 11:21,On
2026/05/28 11:22,On
2026/05/28 11:40,On
2026/05/28 11:41,On
2026/05/28 11:42,On
2026/05/28 12:00,On
2026/05/28 12:01,On
2026/05/28 12:02,On
2026/05/28 12:20,On
2026/05/28 12:21,On
2026/05/28 12:22,On
2026/05/28 12:40,On
2026/05/28 12:41,On
2026/05/28 12:42,On
2026/05/28 13:00,On
2026/05/28 13:01,On
2026/05/28 13:02,On
2026/05/28 13:20,On
2026/05/28 13:21,On
2026/05/28 13:22,On
2026/05/28 13:40,On
2026/05/28 13:41,On
2026/05/28 13:42,On
2026/05/28 14:00,On
2026/05/28 14:01,On
2026/05/28 14:02,On
2026/05/28 14:20,On
2026/05/28 14:21,On
2026/05/28 14:22,On
2026/05/28 15:20,On
2026/05/28 15:21,On
2026/05/28 15:22,On
2026/05/28 15:40,On
2026/05/28 15:41,On
2026/05/28 15:42,On
2026/05/28 16:00,On
2026/05/28 16:01,On
2026/05/28 16:02,On
2026/05/28 16:20,On
2026/05/28 16:21,On
2026/05/28 16:22,On
2026/05/28 16:40,On
2026/05/28 16:41,On
2026/05/28 16:42,On
2026/05/28 17:00,On
2026/05/28 17:01,On
2026/05/28 17:02,On
2026/05/28 17:20,On
2026/05/28 17:21,On
2026/05/28 17:22,On
2026/05/28 17:40,On
2026/05/28 17:41,On
2026/05/28 17:42,On
2026/05/28 18:00,On
2026/05/28 18:01,On
2026/05/28 18:02,On
2026/05/28 18:20,On
2026/05/28 18:21,On
2026/05/28 18:22,On
2026/05/28 18:40,On
2026/05/28 18:41,On
2026/05/28 18:42,On
2026/05/28 19:00,On
2026/05/28 19:01,On
2026/05/28 19:02,On
2026/05/28 19:20,On
2026/05/28 19:21,On
2026/05/28 19:22,On
2026/05/28 19:40,On
2026/05/28 19:41,On
2026/05/28 19:42,On
2026/05/28 20:00,On
2026/05/28 20:01,On
2026/05/28 20:02,On
2026/05/28 20:20,On
2026/05/28 20:21,On
2026/05/28 20:22,On
2026/05/28 20:40,On
2026/05/28 20:41,On
2026/05/28 20:42,On
2026/05/28 21:00,On
2026/05/28 21:01,On
2026/05/28 21:02,On
2026/05/28 21:20,On
2026/05/28 21:21,On
2026/05/28 21:22,On
2026/05/28 21:40,On
2026/05/28 21:41,On
2026/05/28 21:42,On
2026/05/28 22:00,On
2026/05/28 22:01,On
2026/05/28 22:02,On
2026/05/28 22:20,On
2026/05/28 22:21,On
2026/05/28 22:22,On
2026/05/28 22:40,On
2026/05/28 22:41,On
2026/05/28 22:42,On
2026/05/28 23:00,On
2026/05/28 23:01,On
2026/05/28 23:02,On
2026/05/28 23:20,On
2026/05/28 23:21,On
2026/05/28 23:22,On
2026/05/28 23:40,On
2026/05/28 23:41,On
2026/05/28 23:42,On
2026/05/29 00:00,On
2026/05/29 00:01,On
2026/05/29 00:02,On
2026/05/29 00:20,On
2026/05/29 00:21,On
2026/05/29 00:22,On
2026/05/29 00:40,On
2026/05/29 00:41,On
2026/05/29 00:42,On
2026/05/29 01:00,On
2026/05/29 01:01,On
2026/05/29 01:02,On
2026/05/29 01:20,On
2026/05/29 01:21,On
2026/05/29 01:22,On
2026/05/29 01:40,On
2026/05/29 01:41,On
2026/05/29 01:42,On
2026/05/29 02:00,On
2026/05/29 02:01,On
2026/05/29 02:02,On
2026/05/29 02:20,On
2026/05/29 02:21,On
2026/05/29 02:22,On
2026/05/29 02:40,On
2026/05/29 02:41,On
2026/05/29 02:42,On
2026/05/29 03:00,On
2026/05/29 03:01,On
2026/05/29 03:02,On
2026/05/29 03:20,On
2026/05/29 03:21,On
2026/05/29 03:22,On
2026/05/29 03:40,On
2026/05/29 03:41,On
2026/05/29 03:42,On
2026/05/29 04:00,On
2026/05/29 04:01,On
2026/05/29 04:02,On
2026/05/29 04:20,On
2026/05/29 04:21,On
2026/05/29 04:22,On
2026/05/29 04:40,On
2026/05/29 04:41,On
2026/05/29 04:42,On
2026/05/29 05:00,On
2026/05/29 05:01,On
2026/05/29 05:02,On
2026/05/29 05:20,On
2026/05/29 05:21,On
2026/05/29 05:22,On
2026/05/29 05:40,On
2026/05/29 05:41,On
2026/05/29 05:42,On
2026/05/29 06:00,On
2026/05/29 06:01,On
2026/05/29 06:02,On
2026/05/29 06:20,On
2026/05/29 06:21,On
2026/05/29 06:22,On
2026/05/29 06:40,On
2026/05/29 06:41,On
2026/05/29 06:42,On
2026/05/29 07:00,On
2026/05/29 07:01,On
2026/05/29 07:02,On
2026/05/29 07:20,On
2026/05/29 07:21,On
2026/05/29 07:22,On
2026/05/29 07:40,On
2026/05/29 07:41,On
2026/05/29 07:42,On
2026/05/29 08:00,On
2026/05/29 08:01,On
2026/05/29 08:02,On
2026/05/29 08:20,On
2026/05/29 08:21,On
2026/05/29 08:22,On
2026/05/29 08:40,On
2026/05/29 08:41,On
2026/05/29 08:42,On
2026/05/29 09:00,On
2026/05/29 09:01,On
2026/05/29 09:02,On
2026/05/29 09:20,On
2026/05/29 09:21,On
2026/05/29 09:22,On
2026/05/29 09:40,On
2026/05/29 09:41,On
2026/05/29 09:42,On
2026/05/29 10:00,On
2026/05/29 10:01,On
2026/05/29 10:02,On
2026/05/29 10:20,On
2026/05/29 10:21,On
2026/05/29 10:22,On
2026/05/29 10:40,On
2026/05/29 10:41,On
2026/05/29 10:42,On
2026/05/29 11:00,On
2026/05/29 11:01,On
2026/05/29 11:02,On
2026/05/29 11:20,On
2026/05/29 11:21,On
2026/05/29 11:22,On
2026/05/29 11:40,On
2026/05/29 11:41,On
2026/05/29 11:42,On
2026/05/29 12:00,On
2026/05/29 12:01,On
2026/05/29 12:02,On
2026/05/29 12:20,On
2026/05/29 12:21,On
2026/05/29 12:22,On
2026/05/29 12:40,On
2026/05/29 12:41,On
2026/05/29 12:42,On
2026/05/29 13:00,On
2026/05/29 13:01,On
2026/05/29 13:02,On
2026/05/29 13:20,On
2026/05/29 13:21,On
2026/05/29 13:22,On
2026/05/29 13:40,On
2026/05/29 13:41,On
2026/05/29 13:42,On
2026/05/29 14:00,On
2026/05/29 14:01,On
2026/05/29 14:02,On
2026/05/29 14:20,On
2026/05/29 14:21,On
2026/05/29 14:22,On
2026/05/29 14:40,On
2026/05/29 14:41,On
2026/05/29 14:42,On
2026/05/29 15:00,On
2026/05/29 15:01,On
2026/05/29 15:02,On
2026/05/29 15:20,On
2026/05/29 15:21,On
2026/05/29 15:22,On
2026/05/29 15:40,On
2026/05/29 15:41,On
2026/05/29 15:42,On
2026/05/29 16:00,On
2026/05/29 16:01,On
2026/05/29 16:02,On
2026/05/29 16:20,On
2026/05/29 16:21,On
2026/05/29 16:22,On
2026/05/29 16:40,On
2026/05/29 16:41,On
2026/05/29 16:42,On
2026/05/29 17:00,On
2026/05/29 17:01,On
2026/05/29 17:02,On
2026/05/29 17:20,On
2026/05/29 17:21,On
2026/05/29 17:22,On
2026/05/29 17:40,On
2026/05/29 17:41,On
2026/05/29 17:42,On
2026/05/29 18:00,On
2026/05/29 18:01,On
2026/05/29 18:02,On
2026/05/29 18:20,On
2026/05/29 18:21,On
2026/05/29 18:22,On
2026/05/29 18:40,On
2026/05/29 18:41,On
2026/05/29 18:42,On
2026/05/29 19:00,On
2026/05/29 19:01,On
2026/05/29 19:02,On
2026/05/29 19:20,On
2026/05/29 19:21,On
2026/05/29 19:22,On
2026/05/29 19:40,On
2026/05/29 19:41,On
2026/05/29 19:42,On
2026/05/29 20:00,On
2026/05/29 20:01,On
2026/05/29 20:02,On
2026/05/29 20:20,On
2026/05/29 20:21,On
2026/05/29 20:22,On
2026/05/29 20:40,On
2026/05/29 20:41,On
2026/05/29 20:42,On
2026/05/29 21:00,On
2026/05/29 21:01,On
2026/05/29 21:02,On
2026/05/29 21:20,On
2026/05/29 21:21,On
2026/05/29 21:22,On
2026/05/29 21:40,On
2026/05/29 21:41,On
2026/05/29 21:42,On
2026/05/29 22:00,On
2026/05/29 22:01,On
2026/05/29 22:02,On
2026/05/29 22:20,On
2026/05/29 22:21,On
2026/05/29 22:22,On
2026/05/29 22:40,On
2026/05/29 22:41,On
2026/05/29 22:42,On
2026/05/29 23:00,On
2026/05/29 23:01,On
2026/05/29 23:02,On
2026/05/29 23:20,On
2026/05/29 23:21,On
2026/05/29 23:22,On
2026/05/29 23:40,On
2026/05/29 23:41,On
2026/05/29 23:42,On
2026/05/30 00:00,On
2026/05/30 00:01,On
2026/05/30 00:02,On
2026/05/30 00:20,On
2026/05/30 00:21,On
2026/05/30 00:22,On
2026/05/30 00:40,On
2026/05/30 00:41,On
2026/05/30 00:42,On
2026/05/30 01:00,On
2026/05/30 01:01,On
2026/05/30 01:02,On
2026/05/30 01:20,On
2026/05/30 01:21,On
2026/05/30 01:22,On
2026/05/30 01:40,On
2026/05/30 01:41,On
2026/05/30 01:42,On
2026/05/30 02:00,On
2026/05/30 02:01,On
2026/05/30 02:02,On
2026/05/30 02:20,On
2026/05/30 02:21,On
2026/05/30 02:22,On
2026/05/30 02:40,On
2026/05/30 02:41,On
2026/05/30 02:42,On
2026/05/30 03:00,On
2026/05/30 03:01,On
2026/05/30 03:02,On
2026/05/30 03:20,On
2026/05/30 03:21,On
2026/05/30 03:22,On
2026/05/30 03:40,On
2026/05/30 03:41,On
2026/05/30 03:42,On
2026/05/30 04:00,On
2026/05/30 04:01,On
2026/05/30 04:02,On
2026/05/30 04:20,On
2026/05/30 04:21,On
2026/05/30 04:22,On
2026/05/30 04:40,On
2026/05/30 04:41,On
2026/05/30 04:42,On
2026/05/30 05:00,On
2026/05/30 05:01,On
2026/05/30 05:02,On
2026/05/30 05:20,On
2026/05/30 05:21,On
2026/05/30 05:22,On
2026/05/30 05:40,On
2026/05/30 05:41,On
2026/05/30 05:42,On
2026/05/30 06:00,On
2026/05/30 06:01,On
2026/05/30 06:02,On
2026/05/30 06:20,On
2026/05/30 06:21,On
2026/05/30 06:22,On
2026/05/30 06:40,On
2026/05/30 06:41,On
2026/05/30 06:42,On
2026/05/30 07:00,On
2026/05/30 07:01,On
2026/05/30 07:02,On
2026/05/30 07:20,On
2026/05/30 07:21,On
2026/05/30 07:22,On
2026/05/30 07:40,On
2026/05/30 07:41,On
2026/05/30 07:42,On
2026/05/30 08:00,On
2026/05/30 08:01,On
2026/05/30 08:02,On
2026/05/30 08:20,On
2026/05/30 08:21,On
2026/05/30 08:22,On
2026/05/30 08:40,On
2026/05/30 08:41,On
2026/05/30 08:42,On
2026/05/30 09:00,On
2026/05/30 09:01,On
2026/05/30 09:02,On
2026/05/30 09:20,On
2026/05/30 09:21,On
2026/05/30 09:22,On
2026/05/30 09:40,On
2026/05/30 09:41,On
2026/05/30 09:42,On
2026/05/30 10:00,On
2026/05/30 10:01,On
2026/05/30 10:02,On
2026/05/30 10:20,On
2026/05/30 10:21,On
2026/05/30 10:22,On
2026/05/30 10:40,On
2026/05/30 10:41,On
2026/05/30 10:42,On
2026/05/30 11:00,On
2026/05/30 11:01,On
2026/05/30 11:02,On
2026/05/30 11:20,On
2026/05/30 11:21,On
2026/05/30 11:22,On
2026/05/30 11:40,On
2026/05/30 11:41,On
2026/05/30 11:42,On
2026/05/30 12:00,On
2026/05/30 12:01,On
2026/05/30 12:02,On
2026/05/30 12:20,On
2026/05/30 12:21,On
2026/05/30 12:22,On
2026/05/30 12:40,On
2026/05/30 12:41,On
2026/05/30 12:42,On
2026/05/30 13:00,On
2026/05/30 13:01,On
2026/05/30 13:02,On
2026/05/30 13:20,On
2026/05/30 13:21,On
2026/05/30 13:22,On
2026/05/30 13:40,On
2026/05/30 13:41,On
2026/05/30 13:42,On
2026/05/30 14:00,On
2026/05/30 14:01,On
2026/05/30 14:02,On
2026/05/30 14:20,On
2026/05/30 14:21,On
2026/05/30 14:22,On
2026/05/30 14:40,On
2026/05/30 14:41,On
2026/05/30 14:42,On
2026/05/30 15:00,On
2026/05/30 15:01,On
2026/05/30 15:02,On
2026/05/30 15:20,On
2026/05/30 15:21,On
2026/05/30 15:22,On
2026/05/30 15:40,On
2026/05/30 15:41,On
2026/05/30 15:42,On
2026/05/30 16:00,On
2026/05/30 16:01,On
2026/05/30 16:02,On
2026/05/30 16:20,On
2026/05/30 16:21,On
2026/05/30 16:22,On
2026/05/30 16:40,On
2026/05/30 16:41,On
2026/05/30 16:42,On
2026/05/30 17:00,On
2026/05/30 17:01,On
2026/05/30 17:02,On
2026/05/30 17:20,On
2026/05/30 17:21,On
2026/05/30 17:22,On
2026/05/30 17:40,On
2026/05/30 17:41,On
2026/05/30 17:42,On
2026/05/30 18:00,On
2026/05/30 18:01,On
2026/05/30 18:02,On
2026/05/30 18:20,On
2026/05/30 18:21,On
2026/05/30 18:22,On
2026/05/30 18:40,On
2026/05/30 18:41,On
2026/05/30 18:42,On
2026/05/30 19:00,On
2026/05/30 19:01,On
2026/05/30 19:02,On
2026/05/30 19:20,On
2026/05/30 19:21,On
2026/05/30 19:22,On
2026/05/30 19:40,On
2026/05/30 19:41,On
2026/05/30 19:42,On
2026/05/30 20:00,On
2026/05/30 20:01,On
2026/05/30 20:02,On
2026/05/30 20:20,On
2026/05/30 20:21,On
2026/05/30 20:22,On
2026/05/30 20:40,On
2026/05/30 20:41,On
2026/05/30 20:42,On
2026/05/30 21:00,On
2026/05/30 21:01,On
2026/05/30 21:02,On
2026/05/30 21:20,On
2026/05/30 21:21,On
2026/05/30 21:22,On
2026/05/30 21:40,On
2026/05/30 21:41,On
2026/05/30 21:42,On
2026/05/30 22:00,On
2026/05/30 22:01,On
2026/05/30 22:02,On
2026/05/30 22:20,On
2026/05/30 22:21,On
2026/05/30 22:22,On
2026/05/30 22:40,On
2026/05/30 22:41,On
2026/05/30 22:42,On
2026/05/30 23:00,On
2026/05/30 23:01,On
2026/05/30 23:02,On
2026/05/30 23:20,On
2026/05/30 23:21,On
2026/05/30 23:22,On
2026/05/30 23:40,On
2026/05/30 23:41,On
2026/05/30 23:42,On
2026/05/31 00:00,On
2026/05/31 00:01,On
2026/05/31 00:02,On
2026/05/31 00:20,On
2026/05/31 00:21,On
2026/05/31 00:22,On
2026/05/31 00:40,On
2026/05/31 00:41,On
2026/05/31 00:42,On
2026/05/31 01:00,On
2026/05/31 01:01,On
2026/05/31 01:02,On
2026/05/31 01:20,On
2026/05/31 01:21,On
2026/05/31 01:22,On
2026/05/31 01:40,On
2026/05/31 01:41,On
2026/05/31 01:42,On
2026/05/31 02:00,On
2026/05/31 02:01,On
2026/05/31 02:02,On
2026/05/31 02:20,On
2026/05/31 02:21,On
2026/05/31 02:22,On
2026/05/31 02:40,On
2026/05/31 02:41,On
2026/05/31 02:42,On
2026/05/31 03:00,On
2026/05/31 03:01,On
2026/05/31 03:02,On
2026/05/31 03:20,On
2026/05/31 03:21,On
2026/05/31 03:22,On
2026/05/31 03:40,On
2026/05/31 03:41,On
2026/05/31 03:42,On
2026/05/31 04:00,On
2026/05/31 04:01,On
2026/05/31 04:02,On
2026/05/31 04:20,On
2026/05/31 04:21,On
2026/05/31 04:22,On
2026/05/31 04:40,On
2026/05/31 04:41,On
2026/05/31 04:42,On
2026/05/31 05:00,On
2026/05/31 05:01,On
2026/05/31 05:02,On
2026/05/31 05:20,On
2026/05/31 05:21,On
2026/05/31 05:22,On
2026/05/31 05:40,On
2026/05/31 05:41,On
2026/05/31 05:42,On
2026/05/31 06:00,On
2026/05/31 06:01,On
2026/05/31 06:02,On
2026/05/31 06:20,On
2026/05/31 06:21,On
2026/05/31 06:22,On
2026/05/31 06:40,On
2026/05/31 06:41,On
2026/05/31 06:42,On
2026/05/31 07:00,On
2026/05/31 07:01,On
2026/05/31 07:02,On
2026/05/31 07:20,On
2026/05/31 07:21,On
2026/05/31 07:22,On
2026/05/31 07:40,On
2026/05/31 07:41,On
2026/05/31 07:42,On
2026/05/31 08:00,On
2026/05/31 08:01,On
2026/05/31 08:02,On
2026/05/31 08:20,On
2026/05/31 08:21,On
2026/05/31 08:22,On
2026/05/31 08:40,On
2026/05/31 08:41,On
2026/05/31 08:42,On
2026/05/31 09:00,On
2026/05/31 09:01,On
2026/05/31 09:02,On
2026/05/31 09:20,On
2026/05/31 09:21,On
2026/05/31 09:22,On
2026/05/31 09:40,On
2026/05/31 09:41,On
2026/05/31 09:42,On
2026/05/31 10:00,On
2026/05/31 10:01,On
2026/05/31 10:02,On
2026/05/31 10:20,On
2026/05/31 10:21,On
2026/05/31 10:22,On
2026/05/31 10:40,On
2026/05/31 10:41,On
2026/05/31 10:42,On
2026/05/31 11:00,On
2026/05/31 11:01,On
2026/05/31 11:02,On
2026/05/31 11:20,On
2026/05/31 11:21,On
2026/05/31 11:22,On
2026/05/31 11:40,On
2026/05/31 11:41,On
2026/05/31 11:42,On
2026/05/31 12:00,On
2026/05/31 12:01,On
2026/05/31 12:02,On
2026/05/31 12:20,On
2026/05/31 12:21,On
2026/05/31 12:22,On
2026/05/31 12:40,On
2026/05/31 12:41,On
2026/05/31 12:42,On
2026/05/31 13:00,On
2026/05/31 13:01,On
2026/05/31 13:02,On
2026/05/31 13:20,On
2026/05/31 13:21,On
2026/05/31 13:22,On
2026/05/31 13:40,On
2026/05/31 13:41,On
2026/05/31 13:42,On
2026/05/31 14:00,On
2026/05/31 14:01,On
2026/05/31 14:02,On
2026/05/31 14:20,On
2026/05/31 14:21,On
2026/05/31 14:22,On
2026/05/31 14:40,On
2026/05/31 14:41,On
2026/05/31 14:42,On
2026/05/31 15:00,On
2026/05/31 15:01,On
2026/05/31 15:02,On
2026/05/31 15:20,On
2026/05/31 15:21,On
2026/05/31 15:22,On
2026/05/31 15:40,On
2026/05/31 15:41,On
2026/05/31 15:42,On
2026/05/31 16:00,On
2026/05/31 16:01,On
2026/05/31 16:02,On
2026/05/31 16:20,On
2026/05/31 16:21,On
2026/05/31 16:22,On
2026/05/31 16:40,On
2026/05/31 16:41,On
2026/05/31 16:42,On
2026/05/31 17:00,On
2026/05/31 17:01,On
2026/05/31 17:02,On
2026/05/31 17:20,On
2026/05/31 17:21,On
2026/05/31 17:22,On
2026/05/31 17:40,On
2026/05/31 17:41,On
2026/05/31 17:42,On
2026/05/31 18:00,On
2026/05/31 18:01,On
2026/05/31 18:02,On
2026/05/31 18:20,On
2026/05/31 18:21,On
2026/05/31 18:22,On
2026/05/31 18:40,On
2026/05/31 18:41,On
2026/05/31 18:42,On
2026/05/31 19:00,On
2026/05/31 19:01,On
2026/05/31 19:02,On
2026/05/31 19:20,On
2026/05/31 19:21,On
2026/05/31 19:22,On
2026/05/31 19:40,On
2026/05/31 19:41,On
2026/05/31 19:42,On
2026/05/31 20:00,On
2026/05/31 20:01,On
2026/05/31 20:02,On
2026/05/31 20:20,On
2026/05/31 20:21,On
2026/05/31 20:22,On
2026/05/31 20:40,On
2026/05/31 20:41,On
2026/05/31 20:42,On
2026/05/31 21:00,On
2026/05/31 21:01,On
2026/05/31 21:02,On
2026/05/31 21:20,On
2026/05/31 21:21,On
2026/05/31 21:22,On
2026/05/31 21:40,On
2026/05/31 21:41,On
2026/05/31 21:42,On
2026/05/31 22:00,On
2026/05/31 22:01,On
2026/05/31 22:02,On
2026/05/31 22:20,On
2026/05/31 22:21,On
2026/05/31 22:22,On
2026/05/31 22:40,On
2026/05/31 22:41,On
2026/05/31 22:42,On
2026/05/31 23:00,On
2026/05/31 23:01,On
2026/05/31 23:02,On
2026/05/31 23:20,On
2026/05/31 23:21,On
2026/05/31 23:22,On
2026/05/31 23:40,On
2026/05/31 23:41,On
2026/05/31 23:42,On
2026/06/01 00:00,On
2026/06/01 00:01,On
2026/06/01 00:02,On
2026/06/01 00:20,On
2026/06/01 00:21,On
2026/06/01 00:22,On
2026/06/01 00:40,On
2026/06/01 00:41,On
2026/06/01 00:42,On
2026/06/01 01:00,On
2026/06/01 01:01,On
2026/06/01 01:02,On
2026/06/01 01:20,On
2026/06/01 01:21,On
2026/06/01 01:22,On
2026/06/01 01:40,On
2026/06/01 01:41,On
2026/06/01 01:42,On
2026/06/01 02:00,On
2026/06/01 02:01,On
2026/06/01 02:02,On
2026/06/01 02:20,On
2026/06/01 02:21,On
2026/06/01 02:22,On
2026/06/01 02:40,On
2026/06/01 02:41,On
2026/06/01 02:42,On
2026/06/01 03:00,On
2026/06/01 03:01,On
2026/06/01 03:02,On
2026/06/01 03:20,On
2026/06/01 03:21,On
2026/06/01 03:22,On
2026/06/01 03:40,On
2026/06/01 03:41,On
2026/06/01 03:42,On
2026/06/01 04:00,On
2026/06/01 04:01,On
2026/06/01 04:02,On
2026/06/01 04:20,On
2026/06/01 04:21,On
2026/06/01 04:22,On
2026/06/01 04:40,On
2026/06/01 04:41,On
2026/06/01 04:42,On
2026/06/01 05:00,On
2026/06/01 05:01,On
2026/06/01 05:02,On
2026/06/01 05:20,On
2026/06/01 05:21,On
2026/06/01 05:22,On
2026/06/01 05:40,On
2026/06/01 05:41,On
2026/06/01 05:42,On
2026/06/01 06:00,On
2026/06/01 06:01,On
2026/06/01 06:02,On
2026/06/01 06:20,On
2026/06/01 06:21,On
2026/06/01 06:22,On
2026/06/01 06:40,On
2026/06/01 06:41,On
2026/06/01 06:42,On
2026/06/01 07:00,On
2026/06/01 07:01,On
2026/06/01 07:02,On
2026/06/01 07:20,On
2026/06/01 07:21,On
2026/06/01 07:22,On
2026/06/01 07:40,On
2026/06/01 07:41,On
2026/06/01 07:42,On
2026/06/01 08:00,On
2026/06/01 08:01,On
2026/06/01 08:02,On
2026/06/01 08:20,On
2026/06/01 08:21,On
2026/06/01 09:00,On
2026/06/01 09:01,On
2026/06/01 09:02,On
2026/06/01 09:20,On
2026/06/01 09:21,On
2026/06/01 09:22,On
2026/06/01 09:40,On
2026/06/01 09:41,On
2026/06/01 09:42,On
2026/06/01 10:00,On
2026/06/01 10:01,On
2026/06/01 10:02,On
2026/06/01 10:20,On
2026/06/01 10:21,On
2026/06/01 10:22,On
2026/06/01 10:40,On
2026/06/01 10:41,On
2026/06/01 10:42,On
2026/06/01 11:00,On
2026/06/01 11:01,On
2026/06/01 11:02,On
2026/06/01 11:20,On
2026/06/01 11:21,On
2026/06/01 11:22,On
2026/06/01 11:40,On
2026/06/01 11:41,On
2026/06/01 11:42,On
2026/06/01 12:00,On
2026/06/01 12:01,On
2026/06/01 12:02,On
2026/06/01 12:20,On
2026/06/01 12:21,On
2026/06/01 12:22,On
2026/06/01 12:40,On
2026/06/01 12:41,On
2026/06/01 12:42,On
2026/06/01 13:00,On
2026/06/01 13:01,On
2026/06/01 13:02,On
2026/06/01 13:20,On
2026/06/01 13:21,On
2026/06/01 13:22,On
2026/06/01 13:40,On
2026/06/01 13:41,On
2026/06/01 13:42,On
2026/06/01 14:00,On
2026/06/01 14:01,On
2026/06/01 14:02,On
2026/06/01 14:20,On
2026/06/01 14:21,On
2026/06/01 14:22,On
2026/06/01 14:40,On
2026/06/01 14:41,On
2026/06/01 14:42,On
2026/06/01 15:00,On
2026/06/01 15:01,On
2026/06/01 15:02,On
2026/06/01 15:20,On
2026/06/01 15:21,On
2026/06/01 15:22,On
2026/06/01 15:40,On
2026/06/01 15:41,On
2026/06/01 15:42,On
2026/06/01 16:00,On
2026/06/01 16:01,On
2026/06/01 16:02,On
2026/06/01 16:20,On
2026/06/01 16:21,On
2026/06/01 16:22,On
2026/06/01 16:40,On
2026/06/01 16:41,On
2026/06/01 16:42,On
2026/06/01 17:00,On
2026/06/01 17:01,On
2026/06/01 17:02,On
2026/06/01 17:20,On
2026/06/01 17:21,On
2026/06/01 17:22,On
2026/06/01 17:40,On
2026/06/01 17:41,On
2026/06/01 17:42,On
2026/06/01 18:00,On
2026/06/01 18:01,On
2026/06/01 18:02,On
2026/06/01 18:20,On
2026/06/01 18:21,On
2026/06/01 18:22,On
2026/06/01 18:40,On
2026/06/01 18:41,On
2026/06/01 18:42,On
2026/06/01 19:00,On
2026/06/01 19:01,On
2026/06/01 19:02,On
2026/06/01 19:20,On
2026/06/01 19:21,On
2026/06/01 19:22,On
2026/06/01 19:40,On
2026/06/01 19:41,On
2026/06/01 19:42,On
2026/06/01 20:00,On
2026/06/01 20:01,On
2026/06/01 20:02,On
2026/06/01 20:20,On
2026/06/01 20:21,On
2026/06/01 20:22,On
2026/06/01 20:40,On
2026/06/01 20:41,On
2026/06/01 20:42,On
2026/06/01 21:00,On
2026/06/01 21:01,On
2026/06/01 21:02,On
2026/06/01 21:20,On
2026/06/01 21:21,On
2026/06/01 21:22,On
2026/06/01 21:40,On
2026/06/01 21:41,On
2026/06/01 21:42,On
2026/06/01 22:00,On
2026/06/01 22:01,On
2026/06/01 22:02,On
2026/06/01 22:20,On
2026/06/01 22:21,On
2026/06/01 22:22,On
2026/06/01 22:40,On
2026/06/01 22:41,On
2026/06/01 22:42,On
2026/06/01 23:00,On
2026/06/01 23:01,On
2026/06/01 23:02,On
2026/06/01 23:20,On
2026/06/01 23:21,On
2026/06/01 23:22,On
2026/06/01 23:40,On
2026/06/01 23:41,On
2026/06/01 23:42,On
2026/06/02 00:00,On
2026/06/02 00:01,On
2026/06/02 00:02,On
2026/06/02 00:20,On
2026/06/02 00:21,On
2026/06/02 00:22,On
2026/06/02 00:40,On
2026/06/02 00:41,On
2026/06/02 00:42,On
2026/06/02 01:00,On
2026/06/02 01:01,On
2026/06/02 01:02,On
2026/06/02 01:20,On
2026/06/02 01:21,On
2026/06/02 01:22,On
2026/06/02 01:40,On
2026/06/02 01:41,On
2026/06/02 01:42,On
2026/06/02 02:00,On
2026/06/02 02:01,On
2026/06/02 02:02,On
2026/06/02 02:20,On
2026/06/02 02:21,On
2026/06/02 02:22,On
2026/06/02 02:40,On
2026/06/02 02:41,On
2026/06/02 02:42,On
2026/06/02 03:00,On
2026/06/02 03:01,On
2026/06/02 03:02,On
2026/06/02 03:20,On
2026/06/02 03:21,On
2026/06/02 03:22,On
2026/06/02 03:40,On
2026/06/02 03:41,On
2026/06/02 03:42,On
2026/06/02 04:00,On
2026/06/02 04:01,On
2026/06/02 04:02,On
2026/06/02 04:20,On
2026/06/02 04:21,On
2026/06/02 04:22,On
2026/06/02 04:40,On
2026/06/02 04:41,On
2026/06/02 04:42,On
2026/06/02 05:00,On
2026/06/02 05:01,On
2026/06/02 05:02,On
2026/06/02 05:20,On
2026/06/02 05:21,On
2026/06/02 05:22,On
2026/06/02 05:40,On
2026/06/02 05:41,On
2026/06/02 05:42,On
2026/06/02 06:00,On
2026/06/02 06:01,On
2026/06/02 06:02,On
2026/06/02 06:20,On
2026/06/02 06:21,On
2026/06/02 06:22,On
2026/06/02 06:40,On
2026/06/02 06:41,On
2026/06/02 06:42,On
2026/06/02 07:00,On
2026/06/02 07:01,On
2026/06/02 07:02,On
2026/06/02 07:20,On
2026/06/02 07:21,On
2026/06/02 07:22,On
2026/06/02 07:40,On
2026/06/02 07:41,On
2026/06/02 07:42,On
2026/06/02 08:00,On
2026/06/02 08:01,On
2026/06/02 08:02,On
2026/06/02 08:20,On
2026/06/02 08:21,On
2026/06/02 08:22,On
2026/06/02 08:40,On
2026/06/02 08:41,On
2026/06/02 08:42,On
2026/06/02 09:00,On
2026/06/02 09:01,On
2026/06/02 09:02,On
2026/06/02 09:20,On
2026/06/02 09:21,On
2026/06/02 09:22,On
2026/06/02 09:40,On
2026/06/02 09:41,On
2026/06/02 09:42,On
2026/06/02 10:00,On
2026/06/02 10:01,On
2026/06/02 10:02,On
2026/06/02 10:20,On
2026/06/02 10:21,On
2026/06/02 10:22,On
2026/06/02 10:40,On
2026/06/02 10:41,On
2026/06/02 10:42,On
2026/06/02 11:00,On
2026/06/02 11:01,On
2026/06/02 11:02,On
2026/06/02 11:20,On
2026/06/02 11:21,On
2026/06/02 11:22,On
2026/06/02 11:40,On
2026/06/02 11:41,On
2026/06/02 11:42,On
2026/06/02 12:00,On
2026/06/02 12:01,On
2026/06/02 12:02,On
2026/06/02 12:20,On
2026/06/02 12:21,On
2026/06/02 12:22,On
2026/06/02 12:40,On
2026/06/02 12:41,On
2026/06/02 12:42,On
2026/06/02 13:00,On
2026/06/02 13:01,On
2026/06/02 13:02,On
2026/06/02 13:20,On
2026/06/02 13:21,On
2026/06/02 13:22,On
2026/06/02 14:00,On
2026/06/02 14:01,On
2026/06/02 14:02,On
2026/06/02 14:20,On
2026/06/02 14:21,On
2026/06/02 14:22,On
2026/06/02 14:40,On
2026/06/02 14:41,On
2026/06/02 14:42,On
2026/06/02 15:00,On
2026/06/02 15:01,On
2026/06/02 15:02,On
2026/06/02 15:20,On
2026/06/02 15:21,On
2026/06/02 15:22,On
2026/06/02 15:40,On
2026/06/02 15:41,On
2026/06/02 15:42,On
2026/06/02 16:00,On
2026/06/02 16:01,On
2026/06/02 16:02,On
2026/06/02 16:20,On
2026/06/02 16:21,On
2026/06/02 16:22,On
2026/06/02 16:40,On
2026/06/02 16:41,On
2026/06/02 16:42,On
2026/06/02 17:00,On
2026/06/02 17:01,On
2026/06/02 17:02,On
2026/06/02 17:20,On
2026/06/02 17:21,On
2026/06/02 17:22,On
2026/06/02 17:40,On
2026/06/02 17:41,On
2026/06/02 17:42,On
2026/06/02 18:00,On
2026/06/02 18:01,On
2026/06/02 18:02,On
2026/06/02 18:20,On
2026/06/02 18:21,On
2026/06/02 18:22,On
2026/06/02 18:40,On
2026/06/02 18:41,On
2026/06/02 18:42,On
2026/06/02 19:00,On
2026/06/02 19:01,On
2026/06/02 19:02,On
2026/06/02 19:20,On
2026/06/02 19:21,On
2026/06/02 19:22,On
2026/06/02 19:40,On
2026/06/02 19:41,On
2026/06/02 19:42,On
2026/06/02 20:00,On
2026/06/02 20:01,On
2026/06/02 20:02,On
2026/06/02 20:20,On
2026/06/02 20:21,On
2026/06/02 20:22,On
2026/06/02 20:40,On
2026/06/02 20:41,On
2026/06/02 20:42,On
2026/06/02 21:00,On
2026/06/02 21:01,On
2026/06/02 21:02,On
2026/06/02 21:20,On
2026/06/02 21:21,On
2026/06/02 21:22,On
2026/06/02 21:40,On
2026/06/02 21:41,On
2026/06/02 21:42,On
2026/06/02 22:00,On
2026/06/02 22:01,On
2026/06/02 22:02,On
2026/06/02 22:20,On
2026/06/02 22:21,On
2026/06/02 22:22,On
2026/06/02 22:40,On
2026/06/02 22:41,On
2026/06/02 22:42,On
2026/06/02 23:00,On
2026/06/02 23:01,On
2026/06/02 23:02,On
2026/06/02 23:20,On
2026/06/02 23:21,On
2026/06/02 23:22,On
2026/06/02 23:40,On
2026/06/02 23:41,On
2026/06/02 23:42,On
2026/06/03 00:00,On
2026/06/03 00:01,On
2026/06/03 00:02,On
2026/06/03 00:20,On
2026/06/03 00:21,On
2026/06/03 00:22,On
2026/06/03 00:40,On
2026/06/03 00:41,On
2026/06/03 00:42,On
2026/06/03 01:00,On
2026/06/03 01:01,On
2026/06/03 01:02,On
2026/06/03 01:20,On
2026/06/03 01:21,On
2026/06/03 01:22,On
2026/06/03 01:40,On
2026/06/03 01:41,On
2026/06/03 01:42,On
2026/06/03 02:00,On
2026/06/03 02:01,On
2026/06/03 02:02,On
2026/06/03 02:20,On
2026/06/03 02:21,On
2026/06/03 02:22,On
2026/06/03 02:40,On
2026/06/03 02:41,On
2026/06/03 02:42,On
2026/06/03 03:00,On
2026/06/03 03:01,On
2026/06/03 03:02,On
2026/06/03 03:20,On
2026/06/03 03:21,On
2026/06/03 03:22,On
2026/06/03 03:40,On
2026/06/03 03:41,On
2026/06/03 03:42,On
2026/06/03 04:00,On
2026/06/03 04:01,On
2026/06/03 04:02,On
2026/06/03 04:20,On
2026/06/03 04:21,On
2026/06/03 04:22,On
2026/06/03 04:40,On
2026/06/03 04:41,On
2026/06/03 04:42,On
2026/06/03 05:00,On
2026/06/03 05:01,On
2026/06/03 05:02,On
2026/06/03 05:20,On
2026/06/03 05:21,On
2026/06/03 05:22,On
2026/06/03 05:40,On
2026/06/03 05:41,On
2026/06/03 05:42,On
2026/06/03 06:00,On
2026/06/03 06:01,On
2026/06/03 06:02,On
2026/06/03 06:20,On
2026/06/03 06:21,On
2026/06/03 06:22,On
2026/06/03 06:40,On
2026/06/03 06:41,On
2026/06/03 06:42,On
2026/06/03 07:00,On
2026/06/03 07:01,On
2026/06/03 07:02,On
2026/06/03 07:20,On
2026/06/03 07:21,On
2026/06/03 07:22,On
2026/06/03 07:40,On
2026/06/03 07:41,On
2026/06/03 07:42,On
2026/06/03 08:00,On
2026/06/03 08:01,On
2026/06/03 08:02,On
2026/06/03 08:20,On
2026/06/03 08:21,On
2026/06/03 08:22,On
2026/06/03 08:40,On
2026/06/03 08:41,On
2026/06/03 08:42,On
2026/06/03 09:00,On
2026/06/03 09:01,On
2026/06/03 09:02,On
2026/06/03 09:20,On
2026/06/03 09:21,On
2026/06/03 09:22,On
2026/06/03 09:40,On
2026/06/03 09:41,On
2026/06/03 09:42,On
2026/06/03 10:00,On
2026/06/03 10:01,On
2026/06/03 10:02,On
2026/06/03 10:20,On
2026/06/03 10:21,On
2026/06/03 10:22,On
2026/06/03 10:40,On
2026/06/03 10:41,On
2026/06/03 10:42,On
2026/06/03 11:00,On
2026/06/03 11:01,On
2026/06/03 11:02,On
2026/06/03 11:20,On
2026/06/03 11:21,On
2026/06/03 11:22,On
2026/06/03 11:40,On
2026/06/03 11:41,On
2026/06/03 11:42,On
2026/06/03 12:00,On
2026/06/03 12:01,On
2026/06/03 12:02,On
2026/06/03 12:20,On
2026/06/03 12:21,On
2026/06/03 12:22,On
2026/06/03 12:40,On
2026/06/03 12:41,On
2026/06/03 12:42,On
2026/06/03 13:00,On
2026/06/03 13:01,On
2026/06/03 13:02,On
2026/06/03 13:20,On
2026/06/03 13:21,On
2026/06/03 13:22,On
2026/06/03 13:40,On
2026/06/03 13:41,On
2026/06/03 13:42,On
2026/06/03 14:00,On
2026/06/03 14:01,On
2026/06/03 14:02,On
2026/06/03 14:20,On
2026/06/03 14:21,On
2026/06/03 14:22,On
2026/06/03 14:40,On
2026/06/03 14:41,On
2026/06/03 14:42,On
2026/06/03 15:00,On
2026/06/03 15:01,On
2026/06/03 15:02,On
2026/06/03 15:20,On
2026/06/03 15:21,On
2026/06/03 15:22,On
2026/06/03 15:40,On
2026/06/03 15:41,On
2026/06/03 15:42,On
2026/06/03 16:00,On
2026/06/03 16:01,On
2026/06/03 16:02,On
2026/06/03 16:20,On
2026/06/03 16:21,On
2026/06/03 16:22,On
2026/06/03 16:40,On
2026/06/03 16:41,On
2026/06/03 16:42,On
2026/06/03 17:00,On
2026/06/03 17:01,On
2026/06/03 17:02,On
2026/06/03 17:20,On
2026/06/03 17:21,On
2026/06/03 17:22,On
2026/06/03 17:40,On
2026/06/03 17:41,On
2026/06/03 17:42,On
2026/06/03 18:00,On
2026/06/03 18:01,On
2026/06/03 18:02,On
2026/06/03 18:20,On
2026/06/03 18:21,On
2026/06/03 18:22,On
2026/06/03 18:40,On
2026/06/03 18:41,On
2026/06/03 18:42,On
2026/06/03 19:00,On
2026/06/03 19:01,On
2026/06/03 19:02,On
2026/06/03 19:20,On
2026/06/03 19:21,On
2026/06/03 19:22,On
2026/06/03 19:40,On
2026/06/03 19:41,On
2026/06/03 19:42,On
2026/06/03 20:00,On
2026/06/03 20:01,On
2026/06/03 20:02,On
2026/06/03 20:20,On
2026/06/03 20:21,On
2026/06/03 20:22,On
2026/06/03 20:40,On
2026/06/03 20:41,On
2026/06/03 20:42,On
2026/06/03 21:00,On
2026/06/03 21:01,On
2026/06/03 21:02,On
2026/06/03 21:20,On
2026/06/03 21:21,On
2026/06/03 21:22,On
2026/06/03 21:40,On
2026/06/03 21:41,On
2026/06/03 21:42,On
2026/06/03 22:00,On
2026/06/03 22:01,On
2026/06/03 22:02,On
2026/06/03 22:20,On
2026/06/03 22:21,On
2026/06/03 22:22,On
2026/06/03 22:40,On
2026/06/03 22:41,On
2026/06/03 22:42,On
2026/06/03 23:00,On
2026/06/03 23:01,On
2026/06/03 23:02,On
2026/06/03 23:20,On
2026/06/03 23:21,On
2026/06/03 23:22,On
2026/06/03 23:40,On
2026/06/03 23:41,On
2026/06/03 23:42,On
2026/06/04 00:00,On
2026/06/04 00:01,On
2026/06/04 00:02,On
2026/06/04 00:20,On
2026/06/04 00:21,On
2026/06/04 00:22,On
2026/06/04 00:40,On
2026/06/04 00:41,On
2026/06/04 00:42,On
2026/06/04 01:00,On
2026/06/04 01:01,On
2026/06/04 01:02,On
2026/06/04 01:20,On
2026/06/04 01:21,On
2026/06/04 01:22,On
2026/06/04 01:40,On
2026/06/04 01:41,On
2026/06/04 01:42,On
2026/06/04 02:00,On
2026/06/04 02:01,On
2026/06/04 02:02,On
2026/06/04 02:20,On
2026/06/04 02:21,On
2026/06/04 02:22,On
2026/06/04 02:40,On
2026/06/04 02:41,On
2026/06/04 02:42,On
2026/06/04 03:00,On
2026/06/04 03:01,On
2026/06/04 03:02,On
2026/06/04 03:20,On
2026/06/04 03:21,On
2026/06/04 03:22,On
2026/06/04 03:40,On
2026/06/04 03:41,On
2026/06/04 03:42,On
2026/06/04 04:00,On
2026/06/04 04:01,On
2026/06/04 04:02,On
2026/06/04 04:20,On
2026/06/04 04:21,On
2026/06/04 04:22,On
2026/06/04 04:40,On
2026/06/04 04:41,On
2026/06/04 04:42,On
2026/06/04 05:00,On
2026/06/04 05:01,On
2026/06/04 05:02,On
2026/06/04 05:20,On
2026/06/04 05:21,On
2026/06/04 05:22,On
2026/06/04 05:40,On
2026/06/04 05:41,On
2026/06/04 05:42,On
2026/06/04 06:00,On
2026/06/04 06:01,On
2026/06/04 06:02,On
2026/06/04 06:20,On
2026/06/04 06:21,On
2026/06/04 06:22,On
2026/06/04 06:40,On
2026/06/04 06:41,On
2026/06/04 06:42,On
2026/06/04 07:00,On
2026/06/04 07:01,On
2026/06/04 07:02,On
2026/06/04 07:20,On
2026/06/04 07:21,On
2026/06/04 07:22,On
2026/06/04 07:40,On
2026/06/04 07:41,On
2026/06/04 07:42,On
2026/06/04 08:00,On
2026/06/04 08:01,On
2026/06/04 08:02,On
2026/06/04 08:20,On
2026/06/04 08:21,On
2026/06/04 08:22,On
2026/06/04 08:40,On
2026/06/04 08:41,On
2026/06/04 08:42,On
2026/06/04 09:00,On
2026/06/04 09:01,On
2026/06/04 09:02,On
2026/06/04 09:20,On
2026/06/04 09:21,On
2026/06/04 09:22,On
2026/06/04 09:40,On
2026/06/04 09:41,On
2026/06/04 09:42,On
2026/06/04 10:00,On
2026/06/04 10:01,On
2026/06/04 10:02,On
2026/06/04 10:20,On
2026/06/04 10:21,On
2026/06/04 10:22,On
2026/06/04 10:40,On
2026/06/04 10:41,On
2026/06/04 10:42,On
2026/06/04 11:00,On
2026/06/04 11:01,On
2026/06/04 11:02,On
2026/06/04 11:20,On
2026/06/04 11:21,On
2026/06/04 11:22,On
2026/06/04 11:40,On
2026/06/04 11:41,On
2026/06/04 11:42,On
2026/06/04 12:00,On
2026/06/04 12:01,On
2026/06/04 12:02,On
2026/06/04 12:20,On
2026/06/04 12:21,On
2026/06/04 12:22,On
2026/06/04 12:40,On
2026/06/04 12:41,On
2026/06/04 12:42,On
2026/06/04 13:00,On
2026/06/04 13:01,On
2026/06/04 13:02,On
2026/06/04 13:20,On
2026/06/04 13:21,On
2026/06/04 13:22,On
2026/06/04 13:40,On
2026/06/04 13:41,On
2026/06/04 13:42,On
2026/06/04 14:00,On
2026/06/04 14:01,On
2026/06/04 14:02,On
2026/06/04 14:20,On
2026/06/04 14:21,On
2026/06/04 14:22,On
2026/06/04 14:40,On
2026/06/04 14:41,On
2026/06/04 14:42,On
2026/06/04 15:00,On
2026/06/04 15:01,On
2026/06/04 15:02,On
2026/06/04 15:20,On
2026/06/04 15:21,On
2026/06/04 15:22,On
2026/06/04 17:40,On
2026/06/04 17:41,On
2026/06/04 17:42,On
2026/06/04 18:00,On
2026/06/04 18:01,On
2026/06/04 18:02,On
2026/06/04 18:20,On
2026/06/04 18:21,On
2026/06/04 18:22,On
2026/06/04 18:40,On
2026/06/04 18:41,On
2026/06/04 18:42,On
2026/06/04 19:00,On
2026/06/04 19:01,On
2026/06/04 19:02,On
2026/06/04 19:20,On
2026/06/04 19:21,On
2026/06/04 19:22,On
2026/06/04 19:40,On
2026/06/04 19:41,On
2026/06/04 19:42,On
2026/06/04 20:00,On
2026/06/04 20:01,On
2026/06/04 20:02,On
2026/06/04 20:20,On
2026/06/04 20:21,On
2026/06/04 20:22,On
2026/06/04 20:40,On
2026/06/04 20:41,On
2026/06/04 20:42,On
2026/06/04 21:00,On
2026/06/04 21:01,On
2026/06/04 21:02,On
2026/06/04 21:20,On
2026/06/04 21:21,On
2026/06/04 21:22,On
2026/06/04 21:40,On
2026/06/04 21:41,On
2026/06/04 21:42,On
2026/06/04 22:00,On
2026/06/04 22:01,On
2026/06/04 22:02,On
2026/06/04 22:20,On
2026/06/04 22:21,On
2026/06/04 22:22,On
2026/06/04 22:40,On
2026/06/04 22:41,On
2026/06/04 22:42,On
2026/06/04 23:00,On
2026/06/04 23:01,On
2026/06/04 23:02,On
2026/06/04 23:20,On
2026/06/04 23:21,On
2026/06/04 23:22,On
2026/06/04 23:40,On
2026/06/04 23:41,On
2026/06/04 23:42,On
2026/06/05 00:00,On
2026/06/05 00:01,On
2026/06/05 00:02,On
2026/06/05 00:20,On
2026/06/05 00:21,On
2026/06/05 00:22,On
2026/06/05 00:40,On
2026/06/05 00:41,On
2026/06/05 00:42,On
2026/06/05 01:00,On
2026/06/05 01:01,On
2026/06/05 01:02,On
2026/06/05 01:20,On
2026/06/05 01:21,On
2026/06/05 01:22,On
2026/06/05 01:40,On
2026/06/05 01:41,On
2026/06/05 01:42,On
2026/06/05 02:00,On
2026/06/05 02:01,On
2026/06/05 02:02,On
2026/06/05 02:20,On
2026/06/05 02:21,On
2026/06/05 02:22,On
2026/06/05 02:40,On
2026/06/05 02:41,On
2026/06/05 02:42,On
2026/06/05 03:00,On
2026/06/05 03:01,On
2026/06/05 03:02,On
2026/06/05 03:20,On
2026/06/05 03:21,On
2026/06/05 03:22,On
2026/06/05 03:40,On
2026/06/05 03:41,On
2026/06/05 03:42,On
2026/06/05 04:00,On
2026/06/05 04:01,On
2026/06/05 04:02,On
2026/06/05 04:20,On
2026/06/05 04:21,On
2026/06/05 04:22,On
2026/06/05 04:40,On
2026/06/05 04:41,On
2026/06/05 04:42,On
2026/06/05 05:00,On
2026/06/05 05:01,On
2026/06/05 05:02,On
2026/06/05 05:20,On
2026/06/05 05:21,On
2026/06/05 05:22,On
2026/06/05 05:40,On
2026/06/05 05:41,On
2026/06/05 05:42,On
2026/06/05 06:00,On
2026/06/05 06:01,On
2026/06/05 06:02,On
2026/06/05 06:20,On
2026/06/05 06:21,On
2026/06/05 06:22,On
2026/06/05 06:40,On
2026/06/05 06:41,On
2026/06/05 06:42,On
2026/06/05 07:00,On
2026/06/05 07:01,On
2026/06/05 07:02,On
2026/06/05 07:20,On
2026/06/05 07:21,On
2026/06/05 07:22,On
2026/06/05 07:40,On
2026/06/05 07:41,On
2026/06/05 07:42,On
2026/06/05 08:00,On
2026/06/05 08:01,On
2026/06/05 08:02,On
2026/06/05 08:20,On
2026/06/05 08:21,On
2026/06/05 08:22,On
2026/06/05 08:40,On
2026/06/05 08:41,On
2026/06/05 08:42,On
2026/06/05 09:00,On
2026/06/05 09:01,On
2026/06/05 09:02,On
2026/06/05 09:20,On
2026/06/05 09:21,On
2026/06/05 09:22,On
2026/06/05 09:40,On
2026/06/05 09:41,On
2026/06/05 09:42,On
2026/06/05 10:00,On
2026/06/05 10:01,On
2026/06/05 10:02,On
2026/06/05 10:20,On
2026/06/05 10:21,On
2026/06/05 10:22,On
2026/06/05 10:40,On
2026/06/05 10:41,On
2026/06/05 10:42,On
2026/06/05 11:00,On
2026/06/05 11:01,On
2026/06/05 11:02,On
2026/06/05 11:20,On
2026/06/05 11:21,On
2026/06/05 11:22,On
2026/06/05 11:40,On
2026/06/05 11:41,On
2026/06/05 11:42,On
2026/06/05 12:00,On
2026/06/05 12:01,On
2026/06/05 12:02,On
2026/06/05 12:20,On
2026/06/05 12:21,On
2026/06/05 12:22,On
2026/06/05 12:40,On
2026/06/05 12:41,On
2026/06/05 12:42,On
2026/06/05 13:00,On
2026/06/05 13:01,On
2026/06/05 13:02,On
2026/06/05 13:20,On
2026/06/05 13:21,On
2026/06/05 13:22,On
2026/06/05 13:40,On
2026/06/05 13:41,On
2026/06/05 13:42,On
2026/06/05 14:00,On
2026/06/05 14:01,On
2026/06/05 14:02,On
2026/06/05 14:20,On
2026/06/05 14:21,On
2026/06/05 14:22,On
2026/06/05 14:40,On
2026/06/05 14:41,On
2026/06/05 14:42,On
2026/06/05 15:00,On
2026/06/05 15:01,On
2026/06/05 15:02,On
2026/06/05 15:20,On
2026/06/05 15:21,On
2026/06/05 15:22,On
2026/06/05 16:00,On
2026/06/05 16:01,On
2026/06/05 16:20,On
2026/06/05 16:21,On
2026/06/05 16:22,On
2026/06/05 16:40,On
2026/06/05 16:41,On
2026/06/05 16:42,On
2026/06/05 17:00,On
2026/06/05 17:01,On
2026/06/05 17:02,On
2026/06/05 17:20,On
2026/06/05 17:21,On
2026/06/05 17:22,On
2026/06/05 17:40,On
2026/06/05 17:41,On
2026/06/05 17:42,On
2026/06/05 18:00,On
2026/06/05 18:01,On
2026/06/05 18:02,On
2026/06/05 18:20,On
2026/06/05 18:21,On
2026/06/05 18:22,On
2026/06/05 18:40,On
2026/06/05 18:41,On
2026/06/05 18:42,On
2026/06/05 19:00,On
2026/06/05 19:01,On
2026/06/05 19:02,On
2026/06/05 19:20,On
2026/06/05 19:21,On
2026/06/05 19:22,On
2026/06/05 19:40,On
2026/06/05 19:41,On
2026/06/05 19:42,On
2026/06/05 20:00,On
2026/06/05 20:01,On
2026/06/05 20:02,On
2026/06/05 20:20,On
2026/06/05 20:21,On
2026/06/05 20:22,On
2026/06/05 20:40,On
2026/06/05 20:41,On
2026/06/05 20:42,On
2026/06/05 21:00,On
2026/06/05 21:01,On
2026/06/05 21:02,On
2026/06/05 21:20,On
2026/06/05 21:21,On
2026/06/05 21:22,On
2026/06/05 21:40,On
2026/06/05 21:41,On
2026/06/05 21:42,On
2026/06/05 22:00,On
2026/06/05 22:01,On
2026/06/05 22:02,On
2026/06/05 22:20,On
2026/06/05 22:21,On
2026/06/05 22:22,On
2026/06/05 22:40,On
2026/06/05 22:41,On
2026/06/05 22:42,On
2026/06/05 23:00,On
2026/06/05 23:01,On
2026/06/05 23:02,On
2026/06/05 23:20,On
2026/06/05 23:21,On
2026/06/05 23:22,On
2026/06/05 23:40,On
2026/06/05 23:41,On
2026/06/05 23:42,On
2026/06/06 00:00,On
2026/06/06 00:01,On
2026/06/06 00:02,On
2026/06/06 00:20,On
2026/06/06 00:21,On
2026/06/06 00:22,On
2026/06/06 00:40,On
2026/06/06 00:41,On
2026/06/06 00:42,On
2026/06/06 01:00,On
2026/06/06 01:01,On
2026/06/06 01:02,On
2026/06/06 01:20,On
2026/06/06 01:21,On
2026/06/06 01:22,On
2026/06/06 01:40,On
2026/06/06 01:41,On
2026/06/06 01:42,On
2026/06/06 02:00,On
2026/06/06 02:01,On
2026/06/06 02:02,On
2026/06/06 02:20,On
2026/06/06 02:21,On
2026/06/06 02:22,On
2026/06/06 02:40,On
2026/06/06 02:41,On
2026/06/06 02:42,On
2026/06/06 03:00,On
2026/06/06 03:01,On
2026/06/06 03:02,On
2026/06/06 03:20,On
2026/06/06 03:21,On
2026/06/06 03:22,On
2026/06/06 03:40,On
2026/06/06 03:41,On
2026/06/06 03:42,On
2026/06/06 04:00,On
2026/06/06 04:01,On
2026/06/06 04:02,On
2026/06/06 04:20,On
2026/06/06 04:21,On
2026/06/06 04:22,On
2026/06/06 04:40,On
2026/06/06 04:41,On
2026/06/06 04:42,On
2026/06/06 05:00,On
2026/06/06 05:01,On
2026/06/06 05:02,On
2026/06/06 05:20,On
2026/06/06 05:21,On
2026/06/06 05:22,On
2026/06/06 05:40,On
2026/06/06 05:41,On
2026/06/06 05:42,On
2026/06/06 06:00,On
2026/06/06 06:01,On
2026/06/06 06:02,On
2026/06/06 06:20,On
2026/06/06 06:21,On
2026/06/06 06:22,On
2026/06/06 06:40,On
2026/06/06 06:41,On
2026/06/06 06:42,On
2026/06/06 07:00,On
2026/06/06 07:01,On
2026/06/06 07:02,On
2026/06/06 07:20,On
2026/06/06 07:21,On
2026/06/06 07:22,On
2026/06/06 07:40,On
2026/06/06 07:41,On
2026/06/06 07:42,On
2026/06/06 08:00,On
2026/06/06 08:01,On
2026/06/06 08:02,On
2026/06/06 08:20,On
2026/06/06 08:21,On
2026/06/06 08:22,On
2026/06/06 08:40,On
2026/06/06 08:41,On
2026/06/06 08:42,On
2026/06/06 09:00,On
2026/06/06 09:01,On
2026/06/06 09:02,On
2026/06/06 09:20,On
2026/06/06 09:21,On
2026/06/06 09:22,On
2026/06/06 09:40,On
2026/06/06 09:41,On
2026/06/06 09:42,On
2026/06/06 10:00,On
2026/06/06 10:01,On
2026/06/06 10:02,On
2026/06/06 10:20,On
2026/06/06 10:21,On
2026/06/06 10:22,On
2026/06/06 10:40,On
2026/06/06 10:41,On
2026/06/06 10:42,On
2026/06/06 11:00,On
2026/06/06 11:01,On
2026/06/06 11:02,On
2026/06/06 11:20,On
2026/06/06 11:21,On
2026/06/06 11:22,On
2026/06/06 11:40,On
2026/06/06 11:41,On
2026/06/06 11:42,On
2026/06/06 12:00,On
2026/06/06 12:01,On
2026/06/06 12:02,On
2026/06/06 12:20,On
2026/06/06 12:21,On
2026/06/06 12:22,On
2026/06/06 12:40,On
2026/06/06 12:41,On
2026/06/06 12:42,On
2026/06/06 13:00,On
2026/06/06 13:01,On
2026/06/06 13:02,On
2026/06/06 13:20,On
2026/06/06 13:21,On
2026/06/06 13:22,On
2026/06/06 13:40,On
2026/06/06 13:41,On
2026/06/06 13:42,On
2026/06/06 14:00,On
2026/06/06 14:01,On
2026/06/06 14:02,On
2026/06/06 14:20,On
2026/06/06 14:21,On
2026/06/06 14:22,On
2026/06/06 14:40,On
2026/06/06 14:41,On
2026/06/06 14:42,On
2026/06/06 15:00,On
2026/06/06 15:01,On
2026/06/06 15:02,On
2026/06/06 15:20,On
2026/06/06 15:21,On
2026/06/06 15:22,On
2026/06/06 15:40,On
2026/06/06 15:41,On
2026/06/06 15:42,On
2026/06/06 16:00,On
2026/06/06 16:01,On
2026/06/06 16:02,On
2026/06/06 16:20,On
2026/06/06 16:21,On
2026/06/06 16:22,On
2026/06/06 16:40,On
2026/06/06 16:41,On
2026/06/06 16:42,On
2026/06/06 17:00,On
2026/06/06 17:01,On
2026/06/06 17:02,On
2026/06/06 17:20,On
2026/06/06 17:21,On
2026/06/06 17:22,On
2026/06/06 17:40,On
2026/06/06 17:41,On
2026/06/06 17:42,On
2026/06/06 18:00,On
2026/06/06 18:01,On
2026/06/06 18:02,On
2026/06/06 18:20,On
2026/06/06 18:21,On
2026/06/06 18:22,On
2026/06/06 18:40,On
2026/06/06 18:41,On
2026/06/06 18:42,On
2026/06/06 19:00,On
2026/06/06 19:01,On
2026/06/06 19:02,On
2026/06/06 19:20,On
2026/06/06 19:21,On
2026/06/06 19:22,On
2026/06/06 19:40,On
2026/06/06 19:41,On
2026/06/06 19:42,On
2026/06/06 20:00,On
2026/06/06 20:01,On
2026/06/06 20:02,On
2026/06/06 20:20,On
2026/06/06 20:21,On
2026/06/06 20:22,On
2026/06/06 20:40,On
2026/06/06 20:41,On
2026/06/06 20:42,On
2026/06/06 21:00,On
2026/06/06 21:01,On
2026/06/06 21:02,On
2026/06/06 21:20,On
2026/06/06 21:21,On
2026/06/06 21:22,On
2026/06/06 21:40,On
2026/06/06 21:41,On
2026/06/06 21:42,On
2026/06/06 22:00,On
2026/06/06 22:01,On
2026/06/06 22:02,On
2026/06/06 22:20,On
2026/06/06 22:21,On
2026/06/06 22:22,On
2026/06/06 22:40,On
2026/06/06 22:41,On
2026/06/06 22:42,On
2026/06/06 23:00,On
2026/06/06 23:01,On
2026/06/06 23:02,On
2026/06/06 23:20,On
2026/06/06 23:21,On
2026/06/06 23:22,On
2026/06/06 23:40,On
2026/06/06 23:41,On
2026/06/06 23:42,On
2026/06/07 00:00,On
2026/06/07 00:01,On
2026/06/07 00:02,On
2026/06/07 00:20,On
2026/06/07 00:21,On
2026/06/07 00:22,On
2026/06/07 00:40,On
2026/06/07 00:41,On
2026/06/07 00:42,On
2026/06/07 01:00,On
2026/06/07 01:01,On
2026/06/07 01:02,On
2026/06/07 01:20,On
2026/06/07 01:21,On
2026/06/07 01:22,On
2026/06/07 01:40,On
2026/06/07 01:41,On
2026/06/07 01:42,On
2026/06/07 02:00,On
2026/06/07 02:01,On
2026/06/07 02:02,On
2026/06/07 02:20,On
2026/06/07 02:21,On
2026/06/07 02:22,On
2026/06/07 02:40,On
2026/06/07 02:41,On
2026/06/07 02:42,On
2026/06/07 03:00,On
2026/06/07 03:01,On
2026/06/07 03:02,On
2026/06/07 03:20,On
2026/06/07 03:21,On
2026/06/07 03:22,On
2026/06/07 03:40,On
2026/06/07 03:41,On
2026/06/07 03:42,On
2026/06/07 04:00,On
2026/06/07 04:01,On
2026/06/07 04:02,On
2026/06/07 04:20,On
2026/06/07 04:21,On
2026/06/07 04:22,On
2026/06/07 04:40,On
2026/06/07 04:41,On
2026/06/07 04:42,On
2026/06/07 05:00,On
2026/06/07 05:01,On
2026/06/07 05:02,On
2026/06/07 05:20,On
2026/06/07 05:21,On
2026/06/07 05:22,On
2026/06/07 05:40,On
2026/06/07 05:41,On
2026/06/07 05:42,On
2026/06/07 06:00,On
2026/06/07 06:01,On
2026/06/07 06:02,On
2026/06/07 06:20,On
2026/06/07 06:21,On
2026/06/07 06:22,On
2026/06/07 06:40,On
2026/06/07 06:41,On
2026/06/07 06:42,On
2026/06/07 07:00,On
2026/06/07 07:01,On
2026/06/07 07:02,On
2026/06/07 07:20,On
2026/06/07 07:21,On
2026/06/07 07:22,On
2026/06/07 07:40,On
2026/06/07 07:41,On
2026/06/07 07:42,On
2026/06/07 08:00,On
2026/06/07 08:01,On
2026/06/07 08:02,On
2026/06/07 08:20,On
2026/06/07 08:21,On
2026/06/07 08:22,On
2026/06/07 08:40,On
2026/06/07 08:41,On
2026/06/07 08:42,On
2026/06/07 09:00,On
2026/06/07 09:01,On
2026/06/07 09:02,On
2026/06/07 09:20,On
2026/06/07 09:21,On
2026/06/07 09:22,On
2026/06/07 09:40,On
2026/06/07 09:41,On
2026/06/07 09:42,On
2026/06/07 10:00,On
2026/06/07 10:01,On
2026/06/07 10:02,On
2026/06/07 10:20,On
2026/06/07 10:21,On
2026/06/07 10:22,On
2026/06/07 10:40,On
2026/06/07 10:41,On
2026/06/07 10:42,On
2026/06/07 11:00,On
2026/06/07 11:01,On
2026/06/07 11:02,On
2026/06/07 11:20,On
2026/06/07 11:21,On
2026/06/07 11:22,On
2026/06/07 11:40,On
2026/06/07 11:41,On
2026/06/07 11:42,On
2026/06/07 12:00,On
2026/06/07 12:01,On
2026/06/07 12:02,On
2026/06/07 12:20,On
2026/06/07 12:21,On
2026/06/07 12:22,On
2026/06/07 12:40,On
2026/06/07 12:41,On
2026/06/07 12:42,On
2026/06/07 13:00,On
2026/06/07 13:01,On
2026/06/07 13:02,On
2026/06/07 13:20,On
2026/06/07 13:21,On
2026/06/07 13:22,On
2026/06/07 13:40,On
2026/06/07 13:41,On
2026/06/07 13:42,On
2026/06/07 14:00,On
2026/06/07 14:01,On
2026/06/07 14:02,On
2026/06/07 14:20,On
2026/06/07 14:21,On
2026/06/07 14:22,On
2026/06/07 14:40,On
2026/06/07 14:41,On
2026/06/07 14:42,On
2026/06/07 15:00,On
2026/06/07 15:01,On
2026/06/07 15:02,On
2026/06/07 15:20,On
2026/06/07 15:21,On
2026/06/07 15:22,On
2026/06/07 15:40,On
2026/06/07 15:41,On
2026/06/07 15:42,On
2026/06/07 16:00,On
2026/06/07 16:01,On
2026/06/07 16:02,On
2026/06/07 16:20,On
2026/06/07 16:21,On
2026/06/07 16:22,On
2026/06/07 16:40,On
2026/06/07 16:41,On
2026/06/07 16:42,On
2026/06/07 17:00,On
2026/06/07 17:01,On
2026/06/07 17:02,On
2026/06/07 17:20,On
2026/06/07 17:21,On
2026/06/07 17:22,On
2026/06/07 17:40,On
2026/06/07 17:41,On
2026/06/07 17:42,On
2026/06/07 18:00,On
2026/06/07 18:01,On
2026/06/07 18:02,On
2026/06/07 18:20,On
2026/06/07 18:21,On
2026/06/07 18:22,On
2026/06/07 18:40,On
2026/06/07 18:41,On
2026/06/07 18:42,On
2026/06/07 19:00,On
2026/06/07 19:01,On
2026/06/07 19:02,On
2026/06/07 19:20,On
2026/06/07 19:21,On
2026/06/07 19:22,On
2026/06/07 19:40,On
2026/06/07 19:41,On
2026/06/07 19:42,On
2026/06/07 20:00,On
2026/06/07 20:01,On
2026/06/07 20:02,On
2026/06/07 20:20,On
2026/06/07 20:21,On
2026/06/07 20:22,On
2026/06/07 20:40,On
2026/06/07 20:41,On
2026/06/07 20:42,On
2026/06/07 21:00,On
2026/06/07 21:01,On
2026/06/07 21:02,On
2026/06/07 21:20,On
2026/06/07 21:21,On
2026/06/07 21:22,On
2026/06/07 21:40,On
2026/06/07 21:41,On
2026/06/07 21:42,On
2026/06/07 22:00,On
2026/06/07 22:01,On
2026/06/07 22:02,On
2026/06/07 22:20,On
2026/06/07 22:21,On
2026/06/07 22:22,On
2026/06/07 22:40,On
2026/06/07 22:41,On
2026/06/07 22:42,On
2026/06/07 23:00,On
2026/06/07 23:01,On
2026/06/07 23:02,On
2026/06/07 23:20,On
2026/06/07 23:21,On
2026/06/07 23:22,On
2026/06/07 23:40,On
2026/06/07 23:41,On
2026/06/07 23:42,On
2026/06/08 00:00,On
2026/06/08 00:01,On
2026/06/08 00:02,On
2026/06/08 00:20,On
2026/06/08 00:21,On
2026/06/08 00:22,On
2026/06/08 00:40,On
2026/06/08 00:41,On
2026/06/08 00:42,On
2026/06/08 01:00,On
2026/06/08 01:01,On
2026/06/08 01:02,On
2026/06/08 01:20,On
2026/06/08 01:21,On
2026/06/08 01:22,On
2026/06/08 01:40,On
2026/06/08 01:41,On
2026/06/08 01:42,On
2026/06/08 02:00,On
2026/06/08 02:01,On
2026/06/08 02:02,On
2026/06/08 02:20,On
2026/06/08 02:21,On
2026/06/08 02:22,On
2026/06/08 02:40,On
2026/06/08 02:41,On
2026/06/08 02:42,On
2026/06/08 03:00,On
2026/06/08 03:01,On
2026/06/08 03:02,On
2026/06/08 03:20,On
2026/06/08 03:21,On
2026/06/08 03:22,On
2026/06/08 03:40,On
2026/06/08 03:41,On
2026/06/08 03:42,On
2026/06/08 04:00,On
2026/06/08 04:01,On
2026/06/08 04:02,On
2026/06/08 04:20,On
2026/06/08 04:21,On
2026/06/08 04:22,On
2026/06/08 04:40,On
2026/06/08 04:41,On
2026/06/08 04:42,On
2026/06/08 05:00,On
2026/06/08 05:01,On
2026/06/08 05:02,On
2026/06/08 05:20,On
2026/06/08 05:21,On
2026/06/08 05:22,On
2026/06/08 05:40,On
2026/06/08 05:41,On
2026/06/08 05:42,On
2026/06/08 06:00,On
2026/06/08 06:01,On
2026/06/08 06:02,On
2026/06/08 06:20,On
2026/06/08 06:21,On
2026/06/08 06:22,On
2026/06/08 06:40,On
2026/06/08 06:41,On
2026/06/08 06:42,On
2026/06/08 07:00,On
2026/06/08 07:01,On
2026/06/08 07:02,On
2026/06/08 07:20,On
2026/06/08 07:21,On
2026/06/08 07:22,On
2026/06/08 07:40,On
2026/06/08 07:41,On
2026/06/08 07:42,On
2026/06/08 08:00,On
2026/06/08 08:01,On
2026/06/08 08:02,On
2026/06/08 08:20,On
2026/06/08 08:21,On
2026/06/08 08:22,On
2026/06/08 08:40,On
2026/06/08 08:41,On
2026/06/08 08:42,On
2026/06/08 09:00,On
2026/06/08 09:01,On
2026/06/08 09:02,On
2026/06/08 09:20,On
2026/06/08 09:21,On
2026/06/08 09:22,On
2026/06/08 09:40,On
2026/06/08 09:41,On
2026/06/08 09:42,On
2026/06/08 10:00,On
2026/06/08 10:01,On
2026/06/08 10:02,On
2026/06/08 10:20,On
2026/06/08 10:21,On
2026/06/08 10:22,On
2026/06/08 10:40,On
2026/06/08 10:41,On
2026/06/08 10:42,On
2026/06/08 11:00,On
2026/06/08 11:01,On
2026/06/08 11:02,On
2026/06/08 11:20,On
2026/06/08 11:21,On
2026/06/08 11:22,On
2026/06/08 11:40,On
2026/06/08 11:41,On
2026/06/08 11:42,On
2026/06/08 12:00,On
2026/06/08 12:01,On
2026/06/08 12:02,On
2026/06/08 12:20,On
2026/06/08 12:21,On
2026/06/08 12:22,On
2026/06/08 12:40,On
2026/06/08 12:41,On
2026/06/08 12:42,On
2026/06/08 13:00,On
2026/06/08 13:01,On
2026/06/08 13:02,On
2026/06/08 13:20,On
2026/06/08 13:21,On
2026/06/08 13:22,On
2026/06/08 13:40,On
2026/06/08 13:41,On
2026/06/08 13:42,On
2026/06/08 14:00,On
2026/06/08 14:01,On
2026/06/08 14:02,On
2026/06/08 14:20,On
2026/06/08 14:21,On
2026/06/08 14:22,On
2026/06/08 14:40,On
2026/06/08 14:41,On
2026/06/08 14:42,On
2026/06/08 15:00,On
2026/06/08 15:01,On
2026/06/08 15:02,On
2026/06/08 15:20,On
2026/06/08 15:21,On
2026/06/08 15:22,On
2026/06/08 15:40,On
2026/06/08 15:41,On
2026/06/08 15:42,On
2026/06/08 16:00,On
2026/06/08 16:01,On
2026/06/08 16:02,On
2026/06/08 16:20,On
2026/06/08 16:21,On
2026/06/08 16:22,On
2026/06/08 16:40,On
2026/06/08 16:41,On
2026/06/08 16:42,On
2026/06/08 17:00,On
2026/06/08 17:01,On
2026/06/08 17:02,On
2026/06/08 17:20,On
2026/06/08 17:21,On
2026/06/08 17:22,On
2026/06/08 17:40,On
2026/06/08 17:41,On
2026/06/08 17:42,On
2026/06/08 18:00,On
2026/06/08 18:01,On
2026/06/08 18:02,On
2026/06/08 18:20,On
2026/06/08 18:21,On
2026/06/08 18:22,On
2026/06/08 18:40,On
2026/06/08 18:41,On
2026/06/08 18:42,On
2026/06/08 19:00,On
2026/06/08 19:01,On
2026/06/08 19:02,On
2026/06/08 19:20,On
2026/06/08 19:21,On
2026/06/08 19:22,On
2026/06/08 19:40,On
2026/06/08 19:41,On
2026/06/08 19:42,On
2026/06/08 20:00,On
2026/06/08 20:01,On
2026/06/08 20:02,On
2026/06/08 20:20,On
2026/06/08 20:21,On
2026/06/08 20:22,On
2026/06/08 20:40,On
2026/06/08 20:41,On
2026/06/08 20:42,On
2026/06/08 21:00,On
2026/06/08 21:01,On
2026/06/08 21:02,On
2026/06/08 21:20,On
2026/06/08 21:21,On
2026/06/08 21:22,On
2026/06/08 21:40,On
2026/06/08 21:41,On
2026/06/08 21:42,On
2026/06/08 22:00,On
2026/06/08 22:01,On
2026/06/08 22:02,On
2026/06/08 22:20,On
2026/06/08 22:21,On
2026/06/08 22:22,On
2026/06/08 22:40,On
2026/06/08 22:41,On
2026/06/08 22:42,On
2026/06/08 23:00,On
2026/06/08 23:01,On
2026/06/08 23:02,On
2026/06/08 23:20,On
2026/06/08 23:21,On
2026/06/08 23:22,On
2026/06/08 23:40,On
2026/06/08 23:41,On
2026/06/08 23:42,On
2026/06/09 00:00,On
2026/06/09 00:01,On
2026/06/09 00:02,On
2026/06/09 00:20,On
2026/06/09 00:21,On
2026/06/09 00:22,On
2026/06/09 00:40,On
2026/06/09 00:41,On
2026/06/09 00:42,On
2026/06/09 01:00,On
2026/06/09 01:01,On
2026/06/09 01:02,On
2026/06/09 01:20,On
2026/06/09 01:21,On
2026/06/09 01:22,On
2026/06/09 01:40,On
2026/06/09 01:41,On
2026/06/09 01:42,On
2026/06/09 02:00,On
2026/06/09 02:01,On
2026/06/09 02:02,On
2026/06/09 02:20,On
2026/06/09 02:21,On
2026/06/09 02:22,On
2026/06/09 02:40,On
2026/06/09 02:41,On
2026/06/09 02:42,On
2026/06/09 03:00,On
2026/06/09 03:01,On
2026/06/09 03:02,On
2026/06/09 03:20,On
2026/06/09 03:21,On
2026/06/09 03:22,On
2026/06/09 03:40,On
2026/06/09 03:41,On
2026/06/09 03:42,On
2026/06/09 04:00,On
2026/06/09 04:01,On
2026/06/09 04:02,On
2026/06/09 04:20,On
2026/06/09 04:21,On
2026/06/09 04:22,On
2026/06/09 04:40,On
2026/06/09 04:41,On
2026/06/09 04:42,On
2026/06/09 05:00,On
2026/06/09 05:01,On
2026/06/09 05:02,On
2026/06/09 05:20,On
2026/06/09 05:21,On
2026/06/09 05:22,On
2026/06/09 05:40,On
2026/06/09 05:41,On
2026/06/09 05:42,On
2026/06/09 06:00,On
2026/06/09 06:01,On
2026/06/09 06:02,On
2026/06/09 06:20,On
2026/06/09 06:21,On
2026/06/09 06:22,On
2026/06/09 06:40,On
2026/06/09 06:41,On
2026/06/09 06:42,On
2026/06/09 07:00,On
2026/06/09 07:01,On
2026/06/09 07:02,On
2026/06/09 07:20,On
2026/06/09 07:21,On
2026/06/09 07:22,On
2026/06/09 07:40,On
2026/06/09 07:41,On
2026/06/09 07:42,On
2026/06/09 08:00,On
2026/06/09 08:01,On
2026/06/09 08:02,On
2026/06/09 08:20,On
2026/06/09 08:21,On
2026/06/09 08:22,On
2026/06/09 08:40,On
2026/06/09 08:41,On
2026/06/09 08:42,On
2026/06/09 09:00,On
2026/06/09 09:01,On
2026/06/09 09:02,On
2026/06/09 09:20,On
2026/06/09 09:21,On
2026/06/09 09:22,On
2026/06/09 09:40,On
2026/06/09 09:41,On
2026/06/09 09:42,On
2026/06/09 10:00,On
2026/06/09 10:01,On
2026/06/09 10:02,On
2026/06/09 10:20,On
2026/06/09 10:21,On
2026/06/09 10:22,On
2026/06/09 10:40,On
2026/06/09 10:41,On
2026/06/09 10:42,On
2026/06/09 11:00,On
2026/06/09 11:01,On
2026/06/09 11:02,On
2026/06/09 11:20,On
2026/06/09 11:21,On
2026/06/09 11:22,On
2026/06/09 11:40,On
2026/06/09 11:41,On
2026/06/09 11:42,On
2026/06/09 12:00,On
2026/06/09 12:01,On
2026/06/09 12:02,On
2026/06/09 12:20,On
2026/06/09 12:21,On
2026/06/09 12:22,On
2026/06/09 12:40,On
2026/06/09 12:41,On
2026/06/09 12:42,On
2026/06/09 13:00,On
2026/06/09 13:01,On
2026/06/09 13:02,On
2026/06/09 13:20,On
2026/06/09 13:21,On
2026/06/09 13:22,On
2026/06/09 13:40,On
2026/06/09 13:41,On
2026/06/09 13:42,On
2026/06/09 14:00,On
2026/06/09 14:01,On
2026/06/09 14:02,On
2026/06/09 14:20,On
2026/06/09 14:21,On
2026/06/09 14:22,On
2026/06/09 14:40,On
2026/06/09 14:41,On
2026/06/09 14:42,On
2026/06/09 15:00,On
2026/06/09 15:01,On
2026/06/09 15:02,On
2026/06/09 15:20,On
2026/06/09 15:21,On
2026/06/09 15:22,On
2026/06/09 15:40,On
2026/06/09 15:41,On
2026/06/09 15:42,On
2026/06/09 16:00,On
2026/06/09 16:01,On
2026/06/09 16:02,On
2026/06/09 16:20,On
2026/06/09 16:21,On
2026/06/09 16:22,On
2026/06/09 16:40,On
2026/06/09 16:41,On
2026/06/09 16:42,On
2026/06/09 17:00,On
2026/06/09 17:01,On
2026/06/09 17:02,On
2026/06/09 17:20,On
2026/06/09 17:21,On
2026/06/09 17:22,On
2026/06/09 17:40,On
2026/06/09 17:41,On
2026/06/09 17:42,On
2026/06/09 18:00,On
2026/06/09 18:01,On
2026/06/09 18:02,On
2026/06/09 18:20,On
2026/06/09 18:21,On
2026/06/09 18:22,On
2026/06/09 18:40,On
2026/06/09 18:41,On
2026/06/09 18:42,On
2026/06/09 19:00,On
2026/06/09 19:01,On
2026/06/09 19:02,On
2026/06/09 19:20,On
2026/06/09 19:21,On
2026/06/09 19:22,On
2026/06/09 19:40,On
2026/06/09 19:41,On
2026/06/09 19:42,On
2026/06/09 20:00,On
2026/06/09 20:01,On
2026/06/09 20:02,On
2026/06/09 20:20,On
2026/06/09 20:21,On
2026/06/09 20:22,On
2026/06/09 20:40,On
2026/06/09 20:41,On
2026/06/09 20:42,On
2026/06/09 21:00,On
2026/06/09 21:01,On
2026/06/09 21:02,On
2026/06/09 21:20,On
2026/06/09 21:21,On
2026/06/09 21:22,On
2026/06/09 21:40,On
2026/06/09 21:41,On
2026/06/09 21:42,On
2026/06/09 22:00,On
2026/06/09 22:01,On
2026/06/09 22:02,On
2026/06/09 22:20,On
2026/06/09 22:21,On
2026/06/09 22:22,On
2026/06/09 22:40,On
2026/06/09 22:41,On
2026/06/09 22:42,On
2026/06/09 23:00,On
2026/06/09 23:01,On
2026/06/09 23:02,On
2026/06/09 23:20,On
2026/06/09 23:21,On
2026/06/09 23:22,On
2026/06/09 23:40,On
2026/06/09 23:41,On
2026/06/09 23:42,On
2026/06/10 00:00,On
2026/06/10 00:01,On
2026/06/10 00:02,On
2026/06/10 00:20,On
2026/06/10 00:21,On
2026/06/10 00:22,On
2026/06/10 00:40,On
2026/06/10 00:41,On
2026/06/10 00:42,On
2026/06/10 01:00,On
2026/06/10 01:01,On
2026/06/10 01:02,On
2026/06/10 01:20,On
2026/06/10 01:21,On
2026/06/10 01:22,On
2026/06/10 01:40,On
2026/06/10 01:41,On
2026/06/10 01:42,On
2026/06/10 02:00,On
2026/06/10 02:01,On
2026/06/10 02:02,On
2026/06/10 02:20,On
2026/06/10 02:21,On
2026/06/10 02:22,On
2026/06/10 02:40,On
2026/06/10 02:41,On
2026/06/10 02:42,On
2026/06/10 03:00,On
2026/06/10 03:01,On
2026/06/10 03:02,On
2026/06/10 03:20,On
2026/06/10 03:21,On
2026/06/10 03:22,On
2026/06/10 03:40,On
2026/06/10 03:41,On
2026/06/10 03:42,On
2026/06/10 04:00,On
2026/06/10 04:01,On
2026/06/10 04:02,On
2026/06/10 04:20,On
2026/06/10 04:21,On
2026/06/10 04:22,On
2026/06/10 04:40,On
2026/06/10 04:41,On
2026/06/10 04:42,On
2026/06/10 05:00,On
2026/06/10 05:01,On
2026/06/10 05:02,On
2026/06/10 05:20,On
2026/06/10 05:21,On
2026/06/10 05:22,On
2026/06/10 05:40,On
2026/06/10 05:41,On
2026/06/10 05:42,On
2026/06/10 06:00,On
2026/06/10 06:01,On
2026/06/10 06:02,On
2026/06/10 06:20,On
2026/06/10 06:21,On
2026/06/10 06:22,On
2026/06/10 06:40,On
2026/06/10 06:41,On
2026/06/10 06:42,On
2026/06/10 07:00,On
2026/06/10 07:01,On
2026/06/10 07:02,On
2026/06/10 07:20,On
2026/06/10 07:21,On
2026/06/10 07:22,On
2026/06/10 07:40,On
2026/06/10 07:41,On
2026/06/10 07:42,On
2026/06/10 08:00,On
2026/06/10 08:01,On
2026/06/10 08:02,On
2026/06/10 08:20,On
2026/06/10 08:21,On
2026/06/10 08:22,On
2026/06/10 08:40,On
2026/06/10 08:41,On
2026/06/10 08:42,On
2026/06/10 09:00,On
2026/06/10 09:01,On
2026/06/10 09:02,On
2026/06/10 09:20,On
2026/06/10 09:21,On
2026/06/10 09:22,On
2026/06/10 09:40,On
2026/06/10 09:41,On
2026/06/10 09:42,On
2026/06/10 10:00,On
2026/06/10 10:01,On
2026/06/10 10:02,On
2026/06/10 10:20,On
2026/06/10 10:21,On
2026/06/10 10:22,On
2026/06/10 10:40,On
2026/06/10 10:41,On
2026/06/10 10:42,On
2026/06/10 11:00,On
2026/06/10 11:01,On
2026/06/10 11:02,On
2026/06/10 11:20,On
2026/06/10 11:21,On
2026/06/10 11:22,On
2026/06/10 11:40,On
2026/06/10 11:41,On
2026/06/10 11:42,On
2026/06/10 12:00,On
2026/06/10 12:01,On
2026/06/10 12:02,On
2026/06/10 12:20,On
2026/06/10 12:21,On
2026/06/10 12:22,On
2026/06/10 12:40,On
2026/06/10 12:41,On
2026/06/10 12:42,On
2026/06/10 13:00,On
2026/06/10 13:01,On
2026/06/10 13:02,On
2026/06/10 13:20,On
2026/06/10 13:21,On
2026/06/10 13:22,On
2026/06/10 13:40,On
2026/06/10 13:41,On
2026/06/10 13:42,On
2026/06/10 14:00,On
2026/06/10 14:01,On
2026/06/10 14:02,On
2026/06/10 14:20,On
2026/06/10 14:21,On
2026/06/10 14:22,On
2026/06/10 14:40,On
2026/06/10 14:41,On
2026/06/10 14:42,On
2026/06/10 15:00,On
2026/06/10 15:01,On
2026/06/10 15:02,On
2026/06/10 15:20,On
2026/06/10 15:21,On
2026/06/10 15:22,On
2026/06/10 15:40,On
2026/06/10 15:41,On
2026/06/10 15:42,On
2026/06/10 16:00,On
2026/06/10 16:01,On
2026/06/10 16:02,On
2026/06/10 16:20,On
2026/06/10 16:21,On
2026/06/10 16:22,On
2026/06/10 16:40,On
2026/06/10 16:41,On
2026/06/10 16:42,On
2026/06/10 17:00,On
2026/06/10 17:01,On
2026/06/10 17:02,On
2026/06/10 17:20,On
2026/06/10 17:21,On
2026/06/10 17:22,On
2026/06/10 17:40,On
2026/06/10 17:41,On
2026/06/10 17:42,On
2026/06/10 18:00,On
2026/06/10 18:01,On
2026/06/10 18:02,On
2026/06/10 18:20,On
2026/06/10 18:21,On
2026/06/10 18:22,On
2026/06/10 18:40,On
2026/06/10 18:41,On
2026/06/10 18:42,On
2026/06/10 19:00,On
2026/06/10 19:01,On
2026/06/10 19:02,On
2026/06/10 19:20,On
2026/06/10 19:21,On
2026/06/10 19:22,On
2026/06/10 19:40,On
2026/06/10 20:00,On
2026/06/10 20:01,On
2026/06/10 20:02,On
2026/06/10 20:20,On
2026/06/10 20:21,On
2026/06/10 20:22,On
2026/06/10 20:40,On
2026/06/10 20:41,On
2026/06/10 20:42,On
2026/06/10 21:00,On
2026/06/10 21:01,On
2026/06/10 21:02,On
2026/06/10 21:20,On
2026/06/10 21:21,On
2026/06/10 21:22,On
2026/06/10 21:40,On
2026/06/10 21:41,On
2026/06/10 21:42,On
2026/06/10 22:00,On
2026/06/10 22:01,On
2026/06/10 22:02,On
2026/06/10 22:20,On
2026/06/10 22:21,On
2026/06/10 22:22,On
2026/06/10 22:40,On
2026/06/10 22:41,On
2026/06/10 22:42,On
2026/06/10 23:00,On
2026/06/10 23:01,On
2026/06/10 23:02,On
2026/06/10 23:20,On
2026/06/10 23:21,On
2026/06/10 23:22,On
2026/06/10 23:40,On
2026/06/10 23:41,On
2026/06/10 23:42,On
2026/06/11 00:00,On
2026/06/11 00:01,On
2026/06/11 00:02,On
2026/06/11 00:20,On
2026/06/11 00:21,On
2026/06/11 00:22,On
2026/06/11 00:40,On
2026/06/11 00:41,On
2026/06/11 00:42,On
2026/06/11 01:00,On
2026/06/11 01:01,On
2026/06/11 01:02,On
2026/06/11 01:20,On
2026/06/11 01:21,On
2026/06/11 01:22,On
2026/06/11 01:40,On
2026/06/11 01:41,On
2026/06/11 01:42,On
2026/06/11 02:00,On
2026/06/11 02:01,On
2026/06/11 02:02,On
2026/06/11 02:20,On
2026/06/11 02:21,On
2026/06/11 02:22,On
2026/06/11 02:40,On
2026/06/11 02:41,On
2026/06/11 02:42,On
2026/06/11 03:00,On
2026/06/11 03:01,On
2026/06/11 03:02,On
2026/06/11 03:20,On
2026/06/11 03:21,On
2026/06/11 03:22,On
2026/06/11 03:40,On
2026/06/11 03:41,On
2026/06/11 03:42,On
2026/06/11 04:00,On
2026/06/11 04:01,On
2026/06/11 04:02,On
2026/06/11 04:20,On
2026/06/11 04:21,On
2026/06/11 04:22,On
2026/06/11 04:40,On
2026/06/11 04:41,On
2026/06/11 04:42,On
2026/06/11 05:00,On
2026/06/11 05:01,On
2026/06/11 05:02,On
2026/06/11 05:20,On
2026/06/11 05:21,On
2026/06/11 05:22,On
2026/06/11 05:40,On
2026/06/11 05:41,On
2026/06/11 05:42,On
2026/06/11 06:00,On
2026/06/11 06:01,On
2026/06/11 06:02,On
2026/06/11 06:20,On
2026/06/11 06:21,On
2026/06/11 06:22,On
2026/06/11 06:40,On
2026/06/11 06:41,On
2026/06/11 06:42,On
2026/06/11 07:00,On
2026/06/11 07:01,On
2026/06/11 07:02,On
2026/06/11 07:20,On
2026/06/11 07:21,On
2026/06/11 07:22,On
2026/06/11 07:40,On
2026/06/11 07:41,On
2026/06/11 07:42,On
2026/06/11 08:00,On
2026/06/11 08:01,On
2026/06/11 08:02,On
2026/06/11 08:20,On
2026/06/11 08:21,On
2026/06/11 08:22,On
2026/06/11 08:40,On
2026/06/11 08:41,On
2026/06/11 08:42,On
2026/06/11 09:00,On
2026/06/11 09:01,On
2026/06/11 09:02,On
2026/06/11 09:20,On
2026/06/11 09:21,On
2026/06/11 09:22,On
2026/06/11 09:40,On
2026/06/11 09:41,On
2026/06/11 09:42,On
2026/06/11 10:00,On
2026/06/11 10:01,On
2026/06/11 10:02,On
2026/06/11 10:20,On
2026/06/11 10:21,On
2026/06/11 10:22,On
2026/06/11 10:40,On
2026/06/11 10:41,On
2026/06/11 10:42,On
2026/06/11 11:00,On
2026/06/11 11:01,On
2026/06/11 11:02,On
2026/06/11 11:20,On
2026/06/11 11:21,On
2026/06/11 11:22,On
2026/06/11 11:40,On
2026/06/11 11:41,On
2026/06/11 11:42,On
2026/06/11 12:00,On
2026/06/11 12:01,On
2026/06/11 12:02,On
2026/06/11 12:20,On
2026/06/11 12:21,On
2026/06/11 12:22,On
2026/06/11 12:40,On
2026/06/11 12:41,On
2026/06/11 12:42,On
2026/06/11 13:00,On
2026/06/11 13:01,On
2026/06/11 13:02,On
2026/06/11 13:20,On
2026/06/11 13:21,On
2026/06/11 13:22,On
2026/06/11 13:40,On
2026/06/11 13:41,On
2026/06/11 13:42,On
2026/06/11 14:00,On
2026/06/11 14:01,On
2026/06/11 14:02,On
2026/06/11 14:20,On
2026/06/11 14:21,On
2026/06/11 14:22,On
2026/06/11 14:40,On
2026/06/11 14:41,On
2026/06/11 14:42,On
2026/06/11 15:00,On
2026/06/11 15:01,On
2026/06/11 15:02,On
2026/06/11 15:20,On
2026/06/11 15:21,On
2026/06/11 15:22,On
2026/06/11 15:40,On
2026/06/11 15:41,On
2026/06/11 15:42,On
2026/06/11 16:00,On
2026/06/11 16:01,On
2026/06/11 16:02,On
2026/06/11 16:20,On
2026/06/11 16:21,On
2026/06/11 17:00,On
2026/06/11 17:01,On
2026/06/11 17:02,On
2026/06/11 17:20,On
2026/06/11 17:21,On
2026/06/11 17:22,On
2026/06/11 17:40,On
2026/06/11 17:41,On
2026/06/11 17:42,On
2026/06/11 18:00,On
2026/06/11 18:01,On
2026/06/11 18:02,On
2026/06/11 18:20,On
2026/06/11 18:21,On
2026/06/11 18:22,On
2026/06/11 18:40,On
2026/06/11 18:41,On
2026/06/11 18:42,On
2026/06/11 19:00,On
2026/06/11 19:01,On
2026/06/11 19:02,On
2026/06/11 19:20,On
2026/06/11 19:21,On
2026/06/11 19:22,On
2026/06/11 19:40,On
2026/06/11 19:41,On
2026/06/11 19:42,On
2026/06/11 20:00,On
2026/06/11 20:01,On
2026/06/11 20:02,On
2026/06/11 20:20,On
2026/06/11 20:21,On
2026/06/11 20:22,On
2026/06/11 20:40,On
2026/06/11 20:41,On
2026/06/11 20:42,On
2026/06/11 21:00,On
2026/06/11 21:01,On
2026/06/11 21:02,On
2026/06/11 21:20,On
2026/06/11 21:21,On
2026/06/11 21:22,On
2026/06/11 21:40,On
2026/06/11 21:41,On
2026/06/11 21:42,On
2026/06/11 22:00,On
2026/06/11 22:01,On
2026/06/11 22:02,On
2026/06/11 22:20,On
2026/06/11 22:21,On
2026/06/11 22:22,On
2026/06/11 22:40,On
2026/06/11 22:41,On
2026/06/11 22:42,On
2026/06/11 23:00,On
2026/06/11 23:01,On
2026/06/11 23:02,On
2026/06/11 23:20,On
2026/06/11 23:21,On
2026/06/11 23:22,On
2026/06/11 23:40,On
2026/06/11 23:41,On
2026/06/11 23:42,On
2026/06/12 00:00,On
2026/06/12 00:01,On
2026/06/12 00:02,On
2026/06/12 00:20,On
2026/06/12 00:21,On
2026/06/12 00:22,On
2026/06/12 00:40,On
2026/06/12 00:41,On
2026/06/12 00:42,On
2026/06/12 01:00,On
2026/06/12 01:01,On
2026/06/12 01:02,On
2026/06/12 01:20,On
2026/06/12 01:21,On
2026/06/12 01:22,On
2026/06/12 01:40,On
2026/06/12 01:41,On
2026/06/12 01:42,On
2026/06/12 02:00,On
2026/06/12 02:01,On
2026/06/12 02:02,On
2026/06/12 02:20,On
2026/06/12 02:21,On
2026/06/12 02:22,On
2026/06/12 02:40,On
2026/06/12 02:41,On
2026/06/12 02:42,On
2026/06/12 03:00,On
2026/06/12 03:01,On
2026/06/12 03:02,On
2026/06/12 03:20,On
2026/06/12 03:21,On
2026/06/12 03:22,On
2026/06/12 03:40,On
2026/06/12 03:41,On
2026/06/12 03:42,On
2026/06/12 04:00,On
2026/06/12 04:01,On
2026/06/12 04:02,On
2026/06/12 04:20,On
2026/06/12 04:21,On
2026/06/12 04:22,On
2026/06/12 04:40,On
2026/06/12 04:41,On
2026/06/12 04:42,On
2026/06/12 05:00,On
2026/06/12 05:01,On
2026/06/12 05:02,On
2026/06/12 05:20,On
2026/06/12 05:21,On
2026/06/12 05:22,On
2026/06/12 05:40,On
2026/06/12 05:41,On
2026/06/12 05:42,On
2026/06/12 06:00,On
2026/06/12 06:01,On
2026/06/12 06:02,On
2026/06/12 06:20,On
2026/06/12 06:21,On
2026/06/12 06:22,On
2026/06/12 06:40,On
2026/06/12 06:41,On
2026/06/12 06:42,On
2026/06/12 07:00,On
2026/06/12 07:01,On
2026/06/12 07:02,On
2026/06/12 07:20,On
2026/06/12 07:21,On
2026/06/12 07:22,On
2026/06/12 07:40,On
2026/06/12 07:41,On
2026/06/12 07:42,On
2026/06/12 08:00,On
2026/06/12 08:01,On
2026/06/12 08:02,On
2026/06/12 08:20,On
2026/06/12 08:21,On
2026/06/12 08:22,On
2026/06/12 08:40,On
2026/06/12 08:41,On
2026/06/12 08:42,On
2026/06/12 09:00,On
2026/06/12 09:01,On
2026/06/12 09:02,On
2026/06/12 09:20,On
2026/06/12 09:21,On
2026/06/12 09:22,On
2026/06/12 09:40,On
2026/06/12 09:41,On
2026/06/12 09:42,On
2026/06/12 10:00,On
2026/06/12 10:01,On
2026/06/12 10:02,On
2026/06/12 10:20,On
2026/06/12 10:21,On
2026/06/12 10:22,On
2026/06/12 10:40,On
2026/06/12 10:41,On
2026/06/12 10:42,On
2026/06/12 11:00,On
2026/06/12 11:01,On
2026/06/12 11:02,On
2026/06/12 11:20,On
2026/06/12 11:21,On
2026/06/12 11:22,On
2026/06/12 11:40,On
2026/06/12 11:41,On
2026/06/12 11:42,On
2026/06/12 12:00,On
2026/06/12 12:01,On
2026/06/12 12:02,On
2026/06/12 12:20,On
2026/06/12 12:21,On
2026/06/12 12:22,On
2026/06/12 12:40,On
2026/06/12 12:41,On
2026/06/12 12:42,On
2026/06/12 13:00,On
2026/06/12 13:01,On
2026/06/12 13:02,On
2026/06/12 13:20,On
2026/06/12 13:21,On
2026/06/12 13:22,On
2026/06/12 13:40,On
2026/06/12 13:41,On
2026/06/12 13:42,On
2026/06/12 14:00,On
2026/06/12 14:01,On
2026/06/12 14:02,On
2026/06/12 14:20,On
2026/06/12 14:21,On
2026/06/12 14:22,On
2026/06/12 14:40,On
2026/06/12 14:41,On
2026/06/12 14:42,On
2026/06/12 15:00,On
2026/06/12 15:01,On
2026/06/12 15:02,On
2026/06/12 15:20,On
2026/06/12 15:21,On
2026/06/12 15:22,On
2026/06/12 15:40,On
2026/06/12 15:41,On
2026/06/12 15:42,On
2026/06/12 16:00,On
2026/06/12 16:01,On
2026/06/12 16:02,On
2026/06/12 16:20,On
2026/06/12 16:21,On
2026/06/12 16:22,On
2026/06/12 16:40,On
2026/06/12 16:41,On
2026/06/12 16:42,On
2026/06/12 17:00,On
2026/06/12 17:01,On
2026/06/12 17:02,On
2026/06/12 17:20,On
2026/06/12 17:21,On
2026/06/12 17:22,On
